ID,Description,ObjCount,ObjAttr,OORel,OARel,Difficulty,SceneScope
0,"A bedroom with a bed, two nightstands, and a wardrobe in the corner of the room.","eq,1,bed; eq,2,nightstand; eq,1,wardrobe",,,"eq,1,corner,wardrobe,room",easy,single_room
1,A bedroom with a bed and a wardrobe.,"eq,1,bed; eq,1,wardrobe",,,,easy,single_room
2,"A bedroom with a king-size bed in the corner of the room, two large blue armchairs, and a floor lamp near a armchair.","eq,1,bed; eq,2,armchair; eq,1,floor_lamp","eq,1,bed,king_size; eq,2,armchair,large; eq,2,armchair,blue","eq,1,near,0,armchair,floor_lamp","eq,1,corner,bed,room",easy,single_room
3,"A bedroom with a double bed and a mini fridge near the bed, a table across from the door, and a painting on the wall above the bed.","eq,1,bed; eq,1,fridge; eq,1,table; eq,1,painting","eq,1,bed,double; eq,1,fridge,mini","eq,1,near,0,bed,fridge; eq,1,above,0,bed,painting","eq,1,across,table,door; eq,1,on,painting,wall",easy,single_room
4,"A bedroom with two bunk beds in the corners of the room, a desk placed against the wall far from the door, and a light hanging from the ceiling in the center of the room.","eq,2,bed; eq,1,desk; eq,1,light","eq,2,bed,bunk",,"eq,2,corner,bed,room; eq,1,hang,light,ceiling; eq,1,center,light,room; eq,1,against,desk,wall; eq,1,far,desk,door",easy,single_room
5,"A simple bedroom featuring a twin bed against the wall, with a wardrobe positioned in the corner of the room, and a desk next to the window.","eq,1,bed; eq,1,wardrobe; eq,1,desk","eq,1,bed,twin",,"eq,1,against,bed,wall; eq,1,corner,wardrobe,room; eq,1,next,desk,window",easy,single_room
6,"A minimal bedroom with a queen bed against the wall, flanked by two nightstands on each side.","eq,1,bed; eq,2,nightstand","eq,1,bed,queen","eq,1,left,0,bed,nightstand; eq,1,right,0,bed,nightstand","eq,1,against,bed,wall",easy,single_room
7,"A living room with a TV, sofa, and bookshelf. There is no coffee table in the room.","eq,1,TV; eq,1,sofa; eq,1,bookshelf; eq,0,coffee_table",,,,easy,single_room
8,"A living room with a TV, sofa, bookshelf, and coffee table.","eq,1,TV; eq,1,sofa; eq,1,bookshelf; eq,1,coffee_table",,,,easy,single_room
9,"A living room with a sofa in front of a wall-mounted TV, a lamp behind the sofa, and a stool near the TV against the wall.","eq,1,sofa; eq,1,TV; eq,1,lamp; eq,1,stool","eq,1,TV,wall_mounted","eq,1,front,0,sofa,TV; eq,1,face,0,TV,sofa; eq,1,behind,0,sofa,lamp; eq,1,near,0,TV,stool","eq,1,on,TV,wall; eq,1,corner,sofa,room; eq,1,against,stool,wall ",easy,single_room
10,"A living room with two bookcases along the wall far from the door, a wooden chair near the bookcases, and a painting on the wall opposite the bookcases.","eq,2,bookcase; eq,1,chair; eq,1,painting","eq,1,chair,wooden","eq,1,near,0,bookcase,chair; eq,2,across,0,bookcase,painting","eq,2,against,bookcase,wall; eq,2,far,bookcase,door; eq,1,on,painting,wall",easy,single_room
11,"A living room with a two-seater sofa against the wall, a square rug in the middle in front of the sofa, and two large plants on the floor near the sofa.","eq,1,sofa; eq,1,rug; eq,2,plant","eq,1,sofa,two_seater; eq,1,rug,square; eq,2,plant,large","eq,1,front,0,sofa,rug; eq,2,near,0,sofa,plant","eq,1,against,sofa,wall; eq,1,middle,rug,room",easy,single_room
12,"A living room with a bean bag near a wall cabinet, which is across from the window. There is a stool next to the bean bag.","eq,1,bean_bag; eq,1,wall_cabinet; eq,1,stool",,"eq,1,near,0,wall_cabinet,bean_bag; eq,1,next,0,bean_bag,stool","eq,1,on,wall_cabinet,wall; eq,1,across,wall_cabinet,window",easy,single_room
13,"A living room with a sofa against the wall across from the door, a painting on the wall above the sofa, and a pendant light hanging in the middle of the room.","eq,1,sofa; eq,1,painting; eq,1,pendant_light",,"eq,1,above,0,sofa,painting","eq,1,across,sofa,door; eq,1,against,sofa,wall; eq,1,on,painting,wall; eq,1,hang,pendant_light,ceiling; eq,1,middle,pendant_light,room",easy,single_room
14,A dining room with two bar stools at the short sides of a bar table.,"eq,2,bar_stool; eq,1,bar_table",,"eq,2,short_side,0,bar_table,bar_stool",,easy,single_room
15,A dining room with three dining chairs surrounding a dining table.,"eq,3,dining_chair; eq,1,dining_table",,"eq,1,surround,0,dining_table,dining_chair:0,dining_chair:1,dining_chair:2",,easy,single_room
16,"A small dining room with a dining table next to a window, a chair on the long side of the table, and a rug in the middle of the room.","eq,1,dining_table; eq,1,chair; eq,1,rug",,"eq,1,long_side,0,dining_table,chair","eq,1,next,dining_table,window; eq,1,middle,rug,room",easy,single_room
17,"A dining room with a cabinet next to the door against the wall, and two wine cabinets against the wall near a bar table.","eq,1,cabinet; eq,2,wine_cabinet; eq,1,bar_table",,"eq,2,near,0,bar_table,wine_cabinet","eq,1,against,cabinet,wall; eq,1,next,cabinet,door; eq,2,against,wine_cabinet,wall",easy,single_room
18,A dining room with a table in the corner of the room and a chair on the long side.,"eq,1,table; eq,1,chair",,"eq,1,long_side,0,table,chair","eq,1,corner,table,room",easy,single_room
19,A dining room with a ceiling light hanging above the table and two chairs on the long side of the table.,"eq,1,ceiling_light; eq,1,table; eq,2,chair",,"eq,1,above,0,table,ceiling_light; eq,2,long_side,0,table,chair","eq,1,hang,ceiling_light,ceiling",easy,single_room
20,"A bedroom with a bed with two nightstands on each side, a wardrobe, and a TV stand positioned in front of the bed. There is a toy box with two dolls outside the box.","eq,1,bed; eq,2,nightstand; eq,1,wardrobe; eq,1,TV_stand; eq,1,toy_box; eq,2,doll",,"eq,1,left,0,bed,nightstand; eq,1,right,0,bed,nightstand; eq,1,front,0,bed,TV_stand; eq,1,face,0,bed,TV_stand; eq,2,outside,0,toy_box,doll",,medium,single_room
21,"A bedroom with a bed flanked by two nightstands, and an office chair in front of an office desk located in the corner of the room. There is no wardrobe in the room.","eq,1,bed; eq,2,nightstand; eq,1,office_chair; eq,1,office_desk; eq,0,wardrobe",,"eq,1,left,0,bed,nightstand; eq,1,right,0,bed,nightstand; eq,1,front,0,office_desk,office_chair; eq,1,face,0,office_chair,office_desk","eq,1,corner,office_desk,room",medium,single_room
22,"A bedroom with a bed against the wall and at least one nightstand next to it, featuring a lamp on the nightstand. There is an office desk with a monitor on top and a sofa chair in front of it.","eq,1,bed; ge,1,nightstand; eq,1,monitor; eq,1,office_desk; eq,1,sofa_chair; eq,1,lamp",,"ge,1,next_to,0,bed,nightstand; eq,1,on,0,office_desk,monitor; eq,1,front,0,office_desk,sofa_chair; eq,1,face,0,monitor,sofa_chair; eq,1,face,0,office_desk,sofa_chair; eq,1,on,0,nightstand,lamp","eq,1,against,bed,wall",medium,single_room
23,"A teenager's bedroom featuring a twin bed with an adjacent nightstand, a wardrobe for clothes, a small desk with a chair, and a bookshelf positioned next to the wardrobe. There are two books outside the bookshelf.","eq,1,bed; eq,1,nightstand; eq,1,wardrobe; eq,1,desk; eq,1,chair; eq,1,bookshelf; eq,2,book","eq,1,bed,twin; eq,1,desk,small","eq,1,adjacent,0,bed,nightstand; eq,1,next,0,wardrobe,bookshelf; eq,2,outside,0,bookshelf,book",,medium,single_room
24,"A teenager's bedroom designed for both comfort and functionality includes a twin bed with an adjacent wooden nightstand, a large wardrobe with multiple drawers for clothes, and a small desk and chair equipped with an electronic setup featuring a monitor and peripherals. A large oak bookshelf is positioned next to the wardrobe.","eq,1,bed; eq,1,nightstand; eq,1,wardrobe; eq,1,desk; eq,1,chair; eq,1,monitor; gt,1,electronic_peripheral; eq,1,bookshelf","eq,1,bed,twin; eq,1,nightstand,wooden; eq,1,wardrobe,large; eq,1,wardrobe,multiple_drawers; eq,1,desk,small; eq,1,bookshelf,large; eq,1,bookshelf,oak","eq,1,adjacent,0,bed,nightstand; eq,1,on,0,desk,monitor; gt,1,on,0,desk,electronic_peripheral; eq,1,next,0,wardrobe,bookshelf",,medium,single_room
25,"A bedroom with a king-size bed positioned against the wall across from the window. Two stools are placed in front of the bed. A painting hangs above the bed, flanked by a wall light on each side. There is a bookcase with two books on the left side.","eq,1,bed; eq,2,stool; eq,1,painting; eq,2,wall_light; eq,1,bookcase; eq,2,book","eq,1,bed,king_size","eq,2,front,0,bed,stool; eq,1,above,0,bed,painting; eq,1,left,0,bed,wall_light; eq,1,right,0,bed,wall_light; eq,2,left_region,0,bookcase,book","eq,1,against,bed,wall; eq,1,across,bed,window; eq,1,on,painting,wall; eq,2,on,wall_light,wall",medium,single_room
26,"A bedroom with three extendable beds, one of which has a doll placed on top. Two of the beds are positioned in the corners of the room, and a dresser is located next to the door. There are two dolls outside a toy box.","eq,3,bed; eq,2,doll; eq,1,dresser; eq,1,toy_box","eq,3,bed,extendable","eq,1,on,0,bed,doll; eq,2,outside,0,toy_box,doll","eq,2,corner,bed,room; eq,1,next,dresser,door",medium,single_room
27,"A living room with a coffee table in front of a large sofa, a TV on a TV stand facing the sofa, and a chair on the short side facing the coffee table. There is a cup on the right side of the TV stand.","eq,1,coffee_table; eq,1,sofa; eq,1,TV; eq,1,TV_stand; eq,1,chair; eq,1,cup","eq,1,sofa,large","eq,1,front,0,sofa,coffee_table; eq,1,face,0,coffee_table,sofa; eq,1,on,0,TV_stand,TV; eq,1,face,0,sofa,TV; eq,1,face,0,sofa,TV_stand; eq,1,short_side,0,coffee_table,chair; eq,1,face,0,coffee_table,chair; eq,1,on,0,TV_stand,cup; eq,1,right_region,0,TV_stand,cup",,medium,single_room
28,"A living room with a coffee table in front of a large sofa, a TV on a TV stand facing the sofa, and two small tables on each side of the sofa.","eq,1,coffee_table; eq,1,sofa; eq,1,TV; eq,1,TV_stand; eq,2,table","eq,1,sofa,large; eq,2,table,small","eq,1,front,0,sofa,coffee_table; eq,1,face,0,coffee_table,sofa; eq,1,on,0,TV_stand,TV; eq,1,face,0,sofa,TV; eq,1,face,0,sofa,TV_stand; eq,1,left,0,sofa,table; eq,1,right,0,sofa,table",,medium,single_room
29,"A living room featuring two bookshelves along the wall, with only one book on the bookshelf nearest the door. Across from the bookshelves, a painting is mounted on the wall. In the center of the room, a table with a tray holding a potted plant sits near an L-shaped sofa.","eq,2,bookshelf; eq,1,book; eq,1,painting; eq,1,table; eq,1,sofa; eq,1,potted_plant; eq,1,tray","eq,1,sofa,l_shaped","eq,1,inside,0,bookshelf,book; eq,1,near,0,table,sofa; eq,1,on,0,table,tray; eq,1,on,0,tray,potted_plant","eq,2,against,bookshelf,wall; eq,1,near,book,door; eq,1,on,painting,wall; eq,1,center,table,room",medium,single_room
30,"A living room with a marble table in front of a four-seater sofa. The sofa is positioned in the corner of the room, with two bean bags placed next to the table. A lamp hangs from the ceiling.","eq,1,table; eq,1,sofa; eq,2,bean_bag; eq,1,lamp","eq,1,table,marble; eq,1,sofa,four_seater","eq,1,front,0,sofa,table; eq,1,face,0,table,sofa; eq,2,next,0,table,bean_bag","eq,1,corner,sofa,room; eq,1,hang,lamp,ceiling",medium,single_room
31,"A large living room with three display shelves against the wall, with a long sofa in front. There are two tables in front of the sofa and another table right of the sofa with a lamp on top. There is no TV in the room.","eq,3,display_shelf; eq,1,sofa; eq,3,table; eq,1,lamp; eq,0,TV","eq,1,sofa,long","eq,3,front,0,display_shelf,sofa; eq,2,front,0,sofa,table; eq,2,facing,0,table,sofa; eq,1,right,0,sofa,table; eq,1,on,0,table,lamp; eq,1,next,0,sofa,lamp","eq,3,against,display_shelf,wall",medium,single_room
32,"A Japanese-style living room featuring a coffee table next to the window with two floor cushions placed beside it. A sofa is positioned across from the window, and in front of the sofa is a table with a teapot on top, completing the serene and minimalist setup.","eq,1,coffee_table; eq,1,table; eq,2,floor_cushion; eq,1,sofa; eq,1,teapot",,"eq,2,next,0,coffee_table,floor_cushion; eq,1,front,0,sofa,table; eq,1,face,0,table,sofa; eq,1,on,0,table,teapot","eq,1,next,coffee_table,window; eq,1,across,sofa,window",medium,single_room
33,A living room featuring an irregular-shaped table in the middle of the room with a sofa positioned in front of it. Across the table are two sofa chairs with a small wooden coffee table placed between them. A clock is mounted on the wall far from the door.,"eq,1,table; eq,1,sofa; eq,2,sofa_chair; eq,1,coffee_table; eq,1,clock","eq,1,table,irregular_shape; eq,1,coffee_table,small; eq,1,coffee_table,wooden","eq,1,front,0,sofa,table; eq,1,face,0,table,sofa; eq,2,across,0,table,sofa_chair; eq,1,left,0,coffee_table,sofa_chair; eq,1,right,0,coffee_table,sofa_chair","eq,1,middle,table,room; eq,1,far,clock,door; eq,1,on,clock,wall",medium,single_room
34,"A dining room with a bar table positioned in the middle of the room. A wooden shelf is mounted on the wall, holding a potted plant and a jug, adding a touch of decor and functionality. Along the wall, there is a fridge and a wine cabinet, providing ample storage and a cohesive design.","eq,1,bar_table; eq,1,wall_shelf; eq,1,potted_plant; eq,1,jug; eq,1,fridge; eq,1,wine_cabinet","eq,1,wall_shelf,wooden","eq,1,on,0,wall_shelf,potted_plant; eq,1,on,0,wall_shelf,jug","eq,1,middle,bar_table,room; eq,1,on,wall_shelf,wall; eq,1,against,fridge,wall; eq,1,against,wine_cabinet,wall",medium,single_room
35,"A dining room with a fridge positioned near the door against the wall. A table is placed in the middle of the room with two chairs on its long sides. In the corner of the room across from the door, there is a cabinet.","eq,1,fridge; eq,1,table; eq,2,chair; eq,1,cabinet",,"eq,2,long_side,0,table,chair","eq,1,against,fridge,wall; eq,1,near,fridge,door; eq,1,middle,table,room; eq,1,corner,cabinet,room; eq,1,across,cabinet,door",medium,single_room
36,A dining room with six wooden dining chairs surrounding a round wooden table in the middle of the room. There is no coffee table in the room.,"eq,6,dining_chair; eq,1,dining_table; eq,0,coffee_table","eq,6,dining_chair,wooden; eq,1,dining_table,wooden; eq,1,dining_table,round","eq,1,surround,0,dining_table,dining_chair:0,dining_chair:1,dining_chair:2,dining_chair:3,dining_chair:4,dining_chair:5","eq,1,middle,dining_table,room",medium,single_room
37,"A dining room with a square dining table, featuring two chairs on each long side and one chair on each short side of the table.","eq,6,dining_chair; eq,1,dining_table","eq,1,dining_table,square","eq,4,long_side,0,dining_table,dining_chair; eq,2,short_side,0,dining_table,dining_chair",,medium,single_room
38,A dining room with a dining table featuring four chairs on the long side and one on a short side. A vase is placed in the middle of the table. A display cabinet is positioned next to a window against the wall.,"eq,5,chair; eq,1,dining_table; eq,1,vase; eq,1,display_cabinet",,"eq,4,long_side,0,dining_table,chair; eq,1,short_side,0,dining_table,chair; eq,1,on,0,dining_table,vase; eq,1,middle_of,0,dining_table,vase","eq,1,against,display_cabinet,wall; eq,1,next_to,display_cabinet,window",medium,single_room
39,"Generate a dining room. The room should have a rectangular, wooden dining table with three chairs surrounding it. There is a utility cart near the table with three plates inside.","eq,1,dining_table; eq,3,chair; eq,1,utility_cart; eq,3,plate","eq,1,dining_table,rectangular; eq,1,dining_table,wooden","eq,1,surround,0,dining_table,chair:0,chair:1,chair:2; eq,3,inside,0,utility_cart,plate; eq,1,near,0,dining_table,utility_cart",,medium,single_room
40,"A spacious master bedroom featuring a king-size bed against the wall, flanked by two nightstands, one holding a modern table lamp and a small book. A large wardrobe is positioned in the corner of the room, and a wooden dresser with three picture frames on it. Near the window, a plush armchair with a throw blanket provides a cozy seating area. A round area rug is placed at the foot of the bed, adding warmth and style to the space.","eq,1,bed; eq,2,nightstand; eq,1,table_lamp; eq,1,book; eq,1,wardrobe; eq,1,dresser; eq,3,picture_frame; eq,1,armchair; eq,1,blanket; eq,1,rug","eq,1,bed,king_size; eq,1,table_lamp,modern; eq,1,book,small; eq,1,wardrobe,large; eq,1,dresser,wooden; eq,1,armchair,plush; eq,1,rug,round","eq,1,left,0,bed,nightstand; eq,1,right,0,bed,nightstand; eq,1,on,0,nightstand,table_lamp; eq,1,on,0,nightstand,book; eq,3,on,0,dresser,picture_frame; eq,1,on,0,armchair,blanket; eq,1,at_the_foot,0,bed,rug","eq,1,against,bed,wall; eq,1,corner,wardrobe,room; eq,1,near,armchair,window",hard,single_room
41,"A teenager's bedroom features a comfortable twin bed with a backboard in the far corner, with boxes underneath it. At the foot of the bed is a small desk equipped with a monitor, an external keyboard and mouse, and a desk lamp on the right for visibility, accompanied by a rolling chair. Next to the bed, a nightstand with an additional floor lamp nearby provides space for a phone and other valuables. A sizable wooden wardrobe with multiple drawers offers ample storage for clothes, while a coffee table beside it holds books and board games. In the center of the room, a tan-colored rug creates a cozy spot to sit, and the walls are adorned with various posters and pictures.","eq,1,bed; gt,1,box; eq,1,desk; eq,1,rolling_chair; eq,1,monitor; eq,1,keyboard; eq,1,mouse; eq,1,desk_lamp; eq,1,nightstand; eq,1,floor_lamp; eq,1,wardrobe; eq,1,coffee_table; gt,1,book; gt,1,board_game; eq,1,rug; gt,1,poster; gt,1,picture","eq,1,bed,twin; eq,1,bed,has_backboard; eq,1,desk,small; eq,1,wardrobe,sizable; eq,1,wardrobe,wooden; eq,1,wardrobe,multiple_drawers; eq,1,rug,tan_colored","gt,1,beneath,0,bed,box; eq,1,at_the_foot,0,bed,desk; eq,1,next_to,0,desk,rolling_chair; eq,1,on,0,desk,monitor; eq,1,on,0,desk,keyboard; eq,1,on,0,desk,mouse; eq,1,on,0,desk,desk_lamp; eq,1,right,0,monitor,desk_lamp; eq,1,next_to,0,bed,nightstand; eq,1,nearby,0,nightstand,floor_lamp; eq,1,beside,0,wardrobe,coffee_table; gt,1,on,0,coffee_table,book; gt,1,on,0,coffee_table,board_game","eq,1,corner,bed,bedroom; eq,1,middle,rug,bedroom; gt,1,on,poster,wall; gt,1,on,picture,wall",hard,single_room
42,"A bedroom featuring a bunk bed positioned next to the window, adorned with plush toys on the bed. The room includes two desks placed against the wall, each accompanied by a chair. Over ten plush toys are scattered across the desks, adding a playful and cozy touch to the space.","eq,1,bed; ge,12,plush_toy; eq,2,desk; eq,2,chair","eq,1,bed,bunk","ge,2,on,0,bed,plush_toy; gt,10,on,0,desk,plush_toy; eq,2,front,0,desk,chair; eq,2,face,0,desk,chair","eq,1,next,bed,window; eq,2,against,desk,wall",hard,single_room
43,"A modern living room featuring an L-shaped sofa facing a wall-mounted TV above a floating media cabinet. Two leather accent chairs face a glass coffee table in the center, which displays two art books. A bar cart stocked with glasses and bottles stands in the corner, while three pendant lights hang gracefully from the ceiling. The sofa is flanked by two side tables, one of which holds a table lamp, and a large abstract painting decorates the wall.","eq,1,sofa; eq,1,TV; eq,1,wall_cabinet; eq,2,chair; eq,1,coffee_table; eq,2,book; eq,1,bar_cart; ge,2,glass; ge,2,bottle; eq,3,pendant_light; eq,2,side_table; eq,1,table_lamp; eq,1,painting  ","eq,1,sofa,l_shaped; eq,1,TV,wall_mounted; eq,2,chair,leather_accent; eq,1,coffee_table,glass; eq,1,painting,large; eq,1,painting,abstract","eq,1,face,0,TV,sofa; eq,1,above,0,wall_cabinet,TV; eq,2,face,0,coffee_table,chair; eq,2,on,0,coffee_table,book; ge,2,inside,0,bar_cart,glass; ge,2,inside,0,bar_cart,bottle; eq,1,left,0,sofa,side_table; eq,1,right,0,sofa,side_table; eq,1,on,0,side_table,table_lamp","eq,1,on,TV,wall; eq,1,on,wall_cabinet,wall; eq,1,corner,bar_cart,room; eq,3,hang,pendant_light,ceiling; eq,1,on,painting,wall",hard,single_room
44,"The room is dimly lit, creating a somber atmosphere in a cozy and well-furnished living room. In the center of the room, there is a dining table with four wooden dining chairs arranged neatly around it. The table appears to be set, indicating a recent meal or gathering. Adjacent to the dining area, There is a glass coffee table serving as a centerpiece for the seating arrangement. It is both stylish and practical, providing a surface for drinks or decor. A multi-seat sofa is in front of the coffee table, providing ample seating for guests. Completing the seating options, two comfortable armchairs also face the coffee table on opposite sides near the sofa. Next to the sofa and each armchair is a corner side table, adding a touch of functionality and convenience. Each table has a lamp on it for lighting. The sofa and seating arrangement should face an opposite wall, against which someone in the scene could view a large flatscreen TV. The TV is supported by a TV stand with storage underneath for various books. The room appears to reflect the inhabitants' taste for a warm and inviting environment, despite the unsettling news program playing on the TV in the background. The juxtaposition of the serene living room with the chaos and screams on the TV screen creates a sense of tension and unease.","eq,1,dining_table; eq,4,dining_chair; eq,1,coffee_table; eq,1,sofa; eq,2,armchair; eq,2,side_table; eq,2,lamp; eq,1,TV; eq,1,TV_stand","eq,4,dining_chair,wooden; eq,1,coffee_table,glass; eq,1,coffee_table,stylish; eq,1,coffee_table,practical; eq,1,sofa,multi-seat; eq,2,side_table,corner; eq,1,TV,large; eq,1,TV,flatscreen; eq,1,TV_stand,has_storage_space","eq,1,around,0,dining_table,dining_chair:0,dining_chair:1,dining_chair:2,dining_chair:3; eq,1,front,0,sofa,coffee_table; eq,1,face,0,coffee_table,sofa; eq,2,front,0,armchair,coffee_table; eq,2,face,0,coffee_table,armchair; eq,1,left,0,sofa,armchair; eq,1,right,0,sofa,armchair; eq,2,near,0,sofa,armchair; eq,2,next,0,sofa,side_table; eq,2,next,0,armchair,side_table; eq,2,on,0,side_table,lamp; eq,1,front,0,sofa,TV_stand; eq,1,face,0,sofa,TV_stand; eq,1,front,0,sofa,TV; eq,1,face,0,sofa,TV; eq,1,on,0,TV_stand,TV; eq,1,across,0,sofa,TV_stand","eq,1,center,dining_table,room; eq,1,against,sofa,wall; eq,1,against,TV_stand,wall",hard,single_room
45,"A modern living room featuring four sofa chairs surrounding a circular ceramic table, with two floor lamps positioned adjacent to the table. All the furniture is set on a large rectangular rug in the middle of the room. A large wooden tray with two glass bowls rests on top of the table. A mirror is mounted on the wall next to the window, flanked by a wall lamp on each side.","eq,4,sofa_chair; eq,1,table; eq,1,rug; eq,2,floor_lamp; eq,1,tray; eq,2,bowl; eq,1,mirror; eq,2,wall_lamp","eq,1,table,ceramic; eq,1,table,circular; eq,1,rug,rectangular; eq,1,rug,large; eq,1,tray,wooden; eq,1,tray,large; eq,2,bowl,glass","eq,1,surround,0,table,sofa_chair:0,sofa_chair:1,sofa_chair:2,sofa_chair:3; eq,2,adjacent,0,table,floor_lamp; eq,1,on,0,rug,table; eq,4,on,0,rug,sofa_chair; eq,2,on,0,rug,floor_lamp; eq,1,on,0,table,tray; eq,2,on,0,tray,bowl; eq,1,left,0,mirror,wall_lamp; eq,1,right,0,mirror,wall_lamp","eq,1,middle,rug,room; eq,1,next,mirror,window; eq,1,on,mirror,wall; eq,2,on,wall_lamp,wall",hard,single_room
46,"An open-plan dining area featuring a round table surrounded by six mid-century modern chairs. A grand chandelier illuminates the table, while a sideboard with four drawers rests against the wall, topped with three potted plants. Two wall sconces provide additional lighting, flanking a large mirror that hangs between them. A wine cabinet is positioned in the corner, with a serving cart placed nearby for added convenience.","eq,1,table; eq,6,chair; eq,1,chandelier; eq,1,sideboard; eq,3,potted_plant; eq,2,sconce; eq,1,mirror; eq,1,wine_cabinet; eq,1,serving_cart","eq,1,table,round; eq,6,chair,mid_century_modern; eq,1,chandelier,grand; eq,1,sideboard,with_four_drawers; eq,1,mirror,large","eq,1,surround,0,table,chair:0,chair:1,chair:2,chair:3,chair:4,chair:5; eq,1,above,0,table,chandelier; eq,3,on,0,sideboard,potted_plant; eq,1,left,0,mirror,sconce; eq,1,right,0,mirror,sconce; eq,1,near,0,wine_cabinet,serving_cart","eq,1,hang,chandelier,ceiling; eq,1,against,sideboard,wall; eq,2,on,sconce,wall; eq,1,on,mirror,wall; eq,1,corner,wine_cabinet,room",hard,single_room
47,"A medium-sized bedroom featuring a queen-size bed with a nightstand on each side. A TV is mounted on the wall directly across from the bed, providing convenient viewing. The room includes a walk-in closet equipped with three wardrobes for clothes and two large mirrors.","eq,1,bed; eq,2,nightstand; eq,1,TV; eq,3,wardrobe; eq,2,mirror","eq,1,bed,queen-size; eq,1,TV,wall_mounted; eq,2,mirror,large","eq,1,left,0,bed,nightstand; eq,1,right,0,bed,nightstand; eq,1,across,0,bed,TV; eq,1,face,0,bed,TV","eq,2,in,nightstand,bedroom; eq,1,in,TV,bedroom; eq,1,in,bed,bedroom; eq,3,in,wardrobe,closet; eq,2,in,mirror,closet; eq,1,on,TV,wall",hard,single_room
48,"A master bedroom with a king-size bed, an attached walk-in closet, and a master bathroom. A desk is positioned in one corner of the room for working, there is a laptop on the right side of the desk and a wallet on the left side. There are also two sofa chairs next to the window. There is a sink mounted in the bathroom with a soap on the left side. ","eq,1,bed; eq,1,desk; eq,1,laptop; eq,1,wallet; eq,2,sofa_chair; eq,1,sink; eq,1,soap","eq,1,bed,king-size","eq,1,right_region,0,desk,laptop; eq,1,on,0,desk,laptop; eq,1,left_region,0,desk,wallet; eq,1,on,0,desk,wallet; eq,1,left_region,0,sink,soap; eq,1,on,0,sink,soap","eq,1,in,bed,bedroom; eq,1,in,desk,bedroom; eq,1,corner,desk,bedroom; eq,2,in,sofa_chair,bedroom; eq,1,in,sink,bathroom; eq,2,next,sofa_chair,window; eq,1,on,sink,wall",hard,multi_room
49,"The space includes three rooms: a spacious living room with an L-shaped sectional sofa facing a wall-mounted TV and a rectangular coffee table in front, holding a small serving tray with napkins. The dining room features an extending dining table surrounded by six chairs, a sleek sideboard with cups and sodas on top, two wall sconces providing soft lighting, and a small bar cart loaded with bottles in the corner. The modern kitchen boasts a central bar table with four bar stools on the long side, a bar table holding a charcuterie board with plates beside it, and a wine cooler in the corner.","eq,1,sofa; eq,1,TV; eq,1,coffee_table; eq,1,tray; ge,2,napkin; eq,1,dining_table; eq,6,chair; eq,1,sideboard; ge,2,soda; ge,2,cup; eq,2,sconce; eq,1,bar_cart; ge,2,bottle; eq,1,bar_table; eq,4,bar_stool; eq,1,charcuterie_board; ge,2,plate; eq,1,wine_cooler","eq,1,sofa,l_shaped; eq,1,sofa,sectional; eq,1,TV,wall_mounted; eq,1,coffee_table,rectangular; eq,1,tray,small; eq,1,dining_table,extendable; eq,1,sideboard,sleek; eq,1,bar_cart,small","eq,1,face,0,TV,sofa; eq,1,front,0,sofa,coffee_table; eq,1,face,0,coffee_table,sofa; eq,1,on,0,coffee_table,tray; ge,2,on,0,tray,napkin; eq,1,surround,0,dining_table,chair:0,chair:1,chair:2,chair:3,chair:4,chair:5; ge,2,on,0,sideboard,cup; ge,2,on,0,sideboard,soda; ge,2,inside,0,bar_cart,bottle; eq,4,long_side,0,bar_table,bar_stool; eq,1,on,0,bar_table,charcuterie_board; ge,2,on,0,bar_table,plate; ge,2,next,0,charcuterie_board,plate","eq,1,in,sofa,living_room; eq,1,in,TV,living_room; eq,1,in,coffee_table,living_room; eq,1,in,dining_table,dining_room; eq,6,in,chair,dining_room; eq,1,in,sideboard,dining_room; eq,2,in,sconce,dining_room; eq,1,in,bar_cart,dining_room; eq,1,in,bar_table,kitchen; eq,4,in,bar_stool,kitchen; eq,1,in,wine_cooler,kitchen; eq,1,on,TV,wall; eq,1,against,sideboard,wall; eq,2,on,sconce,wall; eq,1,corner,bar_cart,dining_room; eq,1,center,bar_table,kitchen; eq,1,corner,wine_cooler,kitchen",hard,multi_room
50,"A cozy bedroom featuring a queen-sized bed against a soft pastel wall, with a small desk and bookshelf tucked neatly into the corner.","eq,1,bed; eq,1,desk; eq,1,bookshelf","eq,1,bed,queen_sized; eq,1,desk,small","eq,1,near,0,desk,bookshelf","eq,1,against,bed,wall; eq,1,corner,desk,room; eq,1,corner,bookshelf,room",easy,single_room
51,"A simple bedroom featuring a full bed flanked by two bedside lamps, with a large wardrobe positioned directly facing the bed.","eq,1,bed; eq,2,lamp; eq,1,wardrobe","eq,1,bed,full; eq,1,wardrobe,large","eq,1,left,0,bed,lamp; eq,1,right,0,bed,lamp; eq,1,face,0,bed,wardrobe",,easy,single_room
52,"A bright bedroom with a king-sized bed, a plush area rug under it, and a dresser along the wall.","eq,1,bed; eq,1,area_rug; eq,1,dresser","eq,1,bed,king_sized; eq,1,area_rug,plush","eq,1,on,0,area_rug,bed","eq,1,against,dresser,wall",easy,single_room
53,"A large bedroom with a California king bed, a reading table in the corner with a comfy chair, and a wall-mounted TV for entertainment.","eq,1,bed; eq,1,reading_table; eq,1,chair; eq,1,TV","eq,1,bed,california_king; eq,1,chair,comfy","eq,1,near,0,reading_table,chair; eq,1,face,0,reading_table,chair","eq,1,corner,reading_table,room; eq,1,on,TV,wall",easy,single_room
54,"A living room featuring an overstuffed sofa, a vintage wooden table, alongside a bicycle hung decoratively on the wall.","eq,1,sofa; eq,1,table; eq,1,bicycle","eq,1,sofa,overstuffed; eq,1,table,vintage; eq,1,table,wooden","eq,1,near,0,table,bicycle","eq,1,on,bicycle,wall",easy,single_room
55,"A chic living room with a bright rug, a gallery wall of family photos, and a comfortable hammock chair.","eq,1,rug; ge,2,family_photo; eq,1,hammock_chair","eq,1,rug,bright; eq,1,hammock_chair,comfortable",,"ge,2,on,family_photo,wall",easy,single_room
56,"A contemporary living room with a leather sofa, a small coffee table, and a vintage typewriter.","eq,1,sofa; eq,1,coffee_table; eq,1,typewriter","eq,1,sofa,leather; eq,1,coffee_table,small; eq,1,typewriter,vintage",,,easy,single_room
57,"A sunny dining room with a large picnic-style table, a colorful tablecloth, and a lovely herb garden next to the window.","eq,1,table; eq,1,tablecloth; eq,1,herb_garden","eq,1,table,large; eq,1,table,picnic_style; eq,1,tablecloth,colorful; eq,1,herb_garden,lovely","eq,1,on,0,table,tablecloth","eq,1,next,herb_garden,window",easy,single_room
58,"A simple dining room featuring a farmhouse table, a rustic chandelier, and a small cart placed against the wall.","eq,1,table; eq,1,chandelier; eq,1,cart","eq,1,table,farmhouse; eq,1,chandelier,rustic; eq,1,cart,small",,"eq,1,against,cart,wall",easy,single_room
59,"A minimalist dining room with a glass table and an industrial-style metal chair next to it, accented by a unique wall-mounted wine rack.","eq,1,table; eq,1,chair; eq,1,wine_rack","eq,1,table,glass; eq,1,chair,industrial-style; eq,1,chair,metal; eq,1,wine_rack,unique","eq,1,next,0,table,chair","eq,1,on,wine_rack,wall",easy,single_room
60,"In a cheerful playroom, a spacious foam play mat lies in the middle, with a small climbing structure positioned nearby for active play, and a cozy bench situated against the wall.","eq,1,play_mat; eq,1,climbing_structure; eq,1,bench","eq,1,play_mat,form; eq,1,play_mat,spacious; eq,1,climbing_structure,small; eq,1,bench,cozy","eq,1,next,0,play_mat,climbing_structure","eq,1,middle,play_mat,room; eq,1,against,bench,wall",easy,single_room
61,"This playroom features a large colorful rug at its center, with a play kitchen set against one wall and a rocking horse placed on the rug.","eq,1,rug; eq,1,play_kitchen_set; eq,1,rocking_horse","eq,1,rug,large; eq,1,rug,colorful","eq,1,on,0,rug,rocking_horse","eq,1,middle,rug,room; eq,1,against,play_kitchen_set,wall",easy,single_room
62,"A compact gaming room is designed with an adjustable computer desk and chair for PC gaming, positioned next to a large TV and a comfortable couch.","eq,1,computer_desk; eq,1,chair; eq,1,TV; eq,1,couch","eq,1,computer_desk,adjustable; eq,1,TV,large; eq,1,couch,comfortable","eq,1,next,0,TV,computer_desk; eq,1,next,0,TV,chair; eq,1,next,0,couch,computer_desk; eq,1,next,0,couch,chair",,easy,single_room
63,"A minimalist gaming room features a wall-mounted screen paired with a low-profile media console below, while a compact gaming desk with an ergonomic chair is positioned nearby.","eq,1,screen; eq,1,media_console; eq,1,gaming_desk; eq,1,chair","eq,1,screen,wall_mounted; eq,1,media_console,low_profile; eq,1,gaming_desk,compact; eq,1,chair,ergonomic","eq,1,above,0,media_console,screen; eq,1,near,0,media_console,gaming_desk; eq,1,next,0,gaming_desk,chair","eq,1,on,screen,wall",easy,single_room
64,A kitchen featuring a bistro table with two chairs in a corner and a refrigerator positioned nearby.,"eq,1,bistro_table; eq,2,chair; eq,1,refrigerator",,"eq,2,next,0,bistro_table,chair; eq,1,near,0,bistro_table,refrigerator","eq,1,corner,bistro_table,room",easy,single_room
65,"A stylish kitchen with an elegant pendant light hanging over a marble-topped kitchen counter. A single cabinet is positioned against the wall, providing ample storage space.","eq,1,pendant_light; eq,1,kitchen_counter; eq,1,cabinet","eq,1,pendant_light,elegant; eq,1,kitchen_counter,marble_topped","eq,1,above,0,kitchen_counter,pendant_light","eq,1,hang,pendant_light,ceiling; eq,1,against,cabinet,wall",easy,single_room
66,A bathroom with a freestanding bathtub positioned beside a frosted window and a double vanity located across from it.,"eq,1,bathtub; eq,1,vanity","eq,1,bathtub,freestanding; eq,1,vanity,double","eq,1,across,0,bathtub,vanity","eq,1,beside,bathtub,window",easy,single_room
67,"In a classic bathroom, a double-sink vanity is set against one wall with two round mirrors hanging above, while a toilet is positioned in the corner.","eq,1,vanity; eq,2,mirror; eq,1,toilet","eq,1,vanity,double_sink; eq,2,mirror,round","eq,2,above,0,vanity,mirror","eq,1,against,vanity,wall; eq,2,on,mirror,wall; eq,1,corner,toilet,room",easy,single_room
68,"In this basement, a pool table occupies the center of the room, with two bar stools lined up at a nearby bar table, allowing for social gatherings and entertainment.","eq,1,pool_table; eq,2,bar_stool; eq,1,bar_table",,"eq,2,next_to,0,bar_table,bar_stool","eq,1,middle,pool_table,room",easy,single_room
69,"A gym-purpose basement featuring a treadmill and an exercise bike positioned against one wall, with a tall mirror mounted on a wall directly facing the exercise bike.","eq,1,treadmill; eq,1,exercise_bike; eq,1,mirror","eq,1,mirror,tall","eq,1,face,0,exercise_bike,mirror","eq,1,against,treadmill,wall; eq,1,against,exercise_bike,wall; eq,1,on,mirror,wall",easy,single_room
70,"This is a small, plain bedroom. Upon entering through the door, a white desk with a black rolling chair in front of it is positioned against the wall to the right. A queen bed is centered against a wall, with two modern nightstands beside it, one of which holds a stylish lamp.","eq,1,desk; eq,1,rolling_chair; eq,1,bed; eq,2,nightstand; eq,1,lamp","eq,1,desk,white; eq,1,rolling_chair,black; eq,1,bed,queen; eq,2,nightstand,modern; eq,1,lamp,stylish","eq,1,front,0,desk,rolling_chair; eq,1,left,0,bed,nightstand; eq,1,right,0,bed,nightstand; eq,1,on,0,nightstand,lamp","eq,1,against,desk,wall; eq,1,against,bed,wall",medium,single_room
71,"A large bedroom with a lofted twin bed in one corner, freeing up the floor space below for a comfy armchair and a small side table. A bookcase stands against the wall next to the armchair, while a small desk, equipped with a pen and some papers along with a lamp for studying, is positioned near the window.","eq,1,bed; eq,1,armchair; eq,1,side_table; eq,1,bookcase; eq,1,desk; eq,1,pen; gt,1,paper; eq,1,lamp","eq,1,bed,lofted; eq,1,bed,twin; eq,1,armchair,comfy; eq,1,side_table,small; eq,1,desk,small","eq,1,beneath,0,bed,armchair; eq,1,beneath,0,bed,side_table; eq,1,next,0,armchair,bookcase; eq,1,on,0,desk,pen; gt,1,on,0,desk,paper; eq,1,on,0,desk,lamp","eq,1,corner,bed,room; eq,1,against,bookcase,wall; eq,1,near,desk,window",medium,single_room
72,"A bedroom with a modern queen bed against the main wall. Two bedside tables stand on either side, while a small writing desk is positioned in the corner next to the window, equipped with a cute desk lamp. A wicker basket lies at the foot of the bed.","eq,1,bed; eq,2,bedside_table; eq,1,writing_desk; eq,1,desk_lamp; eq,1,basket","eq,1,bed,modern; eq,1,bed,queen; eq,1,writing_desk,small; eq,1,desk_lamp,cute; eq,1,basket,wicker","eq,1,left,0,bed,bedside_table; eq,1,right,0,bed,bedside_table; eq,1,at_the_foot,0,bed,basket; eq,1,next,0,bed,basket","eq,1,against,bed,wall; eq,1,corner,writing_desk,room; eq,1,next,writing_desk,window",medium,single_room
73,"A bedroom featuring a queen-sized bed against one wall, with a whimsical painting hung above it. A small bedside table sits to the left of the bed, holding a cute alarm clock, while a dresser stands across from the door.","eq,1,bed; eq,1,painting; eq,1,bedside_table; eq,1,alarm_clock; eq,1,dresser","eq,1,bed,queen-sized; eq,1,painting,whimsical; eq,1,bedside_table,small; eq,1,alarm_clock,cute","eq,1,above,0,bed,painting; eq,1,left,0,bed,bedside_table; eq,1,on,0,bedside_table,alarm_clock","eq,1,against,bed,wall; eq,1,across,dresser,door",medium,single_room
74,"A living room with a sectional sofa, a wooden coffee table in the middle, and a retro record player in the corner with some records nearby.","eq,1,sofa; eq,1,coffee_table; eq,1,record_player; ge,2,record","eq,1,sofa,sectional; eq,1,coffee_table,wooden; eq,1,record_player,retro","ge,2,near,0,record_player,record","eq,1,middle,coffee_table,room; eq,1,corner,record_player,room",medium,single_room
75,"A living room with a large wall-mounted screen, several chairs arranged in front of it, and a collection of board games on a shelf in the corner.","eq,1,screen; ge,2,chair; ge,2,board_game; eq,1,shelf","eq,1,screen,wall_mounted","ge,2,front,0,screen,chair; ge,2,inside,0,shelf,board_game","eq,1,on,screen,wall; eq,1,corner,shelf,room",medium,single_room
76,"A cozy living room with an L-shaped oversized sofa against one wall, adorned with three colorful pillows. In front of the sofa, a wooden coffee table holds a small vase with fresh flowers.","eq,1,sofa; eq,3,pillow; eq,1,coffee_table; eq,1,vase; ge,2,flower","eq,1,sofa,oversized; eq,1,sofa,l_shaped; eq,3,pillow,colorful; eq,1,coffee_table,wooden; eq,1,vase,small; ge,2,flower,fresh","eq,3,on,0,sofa,pillow; eq,1,front,0,sofa,coffee_table; eq,1,on,0,coffee_table,vase; ge,2,within,0,vase,flower","eq,1,against,sofa,wall",medium,single_room
77,"A dining room featuring a simple rectangular table, a corner shelf filled with cookbooks, and a pendant light hanging from the ceiling.","eq,1,table; eq,1,shelf; ge,2,cookbook; eq,1,pendant_light","eq,1,table,rectangular","ge,2,inside,0,shelf,cookbook","eq,1,corner,shelf,room; eq,1,hang,pendant_light,ceiling",medium,single_room
78,"A simple dining room with a picnic table, illuminated by string lights overhead, and a small cooler holding utensils and napkins.","eq,1,picnic_table; ge,2,string_light; eq,1,cooler; ge,2,utensil; ge,2,napkin","eq,1,cooler,small","ge,2,above,0,picnic_table,string_light; ge,2,within,0,cooler,utensil; ge,2,within,0,cooler,napkin","ge,2,hang,string_light,ceiling",medium,single_room
79,"A dining room with a round wooden table in the middle of the room, surrounded by four wooden chairs, and a large vintage map displayed on the wall.","eq,1,table; eq,4,chair; eq,1,map","eq,1,table,round; eq,1,table,wooden; eq,4,chair,wooden; eq,1,map,large; eq,1,map,vintage","eq,1,surround,0,table,chair:0,chair:1,chair:2,chair:3","eq,1,middle,table,room; eq,1,on,map,wall",medium,single_room
80,"A bright playroom featuring a low table with board games in the center, surrounded by three small chairs for group activities, while an adjacent puppet theater is positioned against the wall.","eq,1,table; ge,2,board_game; eq,3,chair; eq,1,puppet_theater","eq,1,table,low; eq,3,chair,small","ge,2,on,0,table,board_game; eq,1,surround,0,table,chair:0,chair:1,chair:2; eq,1,adjacent,0,table,puppet_theater","eq,1,against,puppet_theater,wall",medium,single_room
81,"This engaging playroom features a small painting stand positioned next to the window, a bookshelf full of toys standing against the nearby wall, and a cozy reading chair set across from the door.","eq,1,painting_stand; eq,1,bookshelf; ge,2,toy; eq,1,reading_chair","eq,1,painting_stand,small; eq,1,reading_chair,cozy","eq,1,nearby,0,painting_stand,bookshelf; ge,2,within,0,bookshelf,toy","eq,1,next,painting_stand,window; eq,1,against,bookshelf,wall; eq,1,across,reading_chair,door",medium,single_room
82,"A tech-styled gaming room featuring a glass gaming desk with dual monitors and a powerful gaming PC, with an ergonomic chair positioned directly in front.","eq,1,gaming_desk; eq,2,monitor; eq,1,gaming_PC; eq,1,chair","eq,1,gaming_desk,glass; eq,1,gaming_PC,powerful; eq,1,chair,ergonomic","eq,2,on,0,gaming_desk,monitor; eq,1,on,0,gaming_desk,gaming_PC; eq,1,front,0,gaming_desk,chair",,medium,single_room
83,"A welcoming gaming room featuring a U-shaped sofa with a coffee table in front, facing a large TV on the wall. In the corner, there is a mini arcade machine and a PlayStation.","eq,1,sofa; eq,1,coffee_table; eq,1,TV; eq,1,arcade_machine; eq,1,PlayStation","eq,1,sofa,u_shape; eq,1,TV,large; eq,1,arcade_machine,mini","eq,1,front,0,sofa,coffee_table; eq,1,face,0,TV,sofa","eq,1,on,TV,wall; eq,1,corner,arcade_machine,room; eq,1,corner,PlayStation,room",medium,single_room
84,"In this modern kitchen, a large bar table with four high-backed stools stands in the center, facilitating social gatherings, while a stainless steel fridge is positioned against the far wall, next to a sleek pantry shelf. A small bowl of fruit sits on the table's surface.","eq,1,bar_table; eq,4,stool; eq,1,fridge; eq,1,pantry_shelf; eq,1,bowl_of_fruit","eq,1,bar_table,large; eq,4,stool,high-backed; eq,1,fridge,stainless_steel; eq,1,pantry_shelf,sleek; eq,1,bowl_of_fruit,small","eq,4,next,0,bar_table,stool; eq,1,next,0,pantry_shelf,fridge; eq,1,on,0,bar_table,bowl_of_fruit","eq,1,middle,bar_table,room; eq,1,against,fridge,wall",medium,single_room
85,"This cozy kitchen features a rustic wooden dining table positioned against the window, surrounded by four chairs. A sideboard against the wall is equipped with a coffee maker and a small herb planter.","eq,1,dining_table; eq,4,chair; eq,1,sideboard; eq,1,coffee_maker; eq,1,herb_planter","eq,1,dining_table,rustic; eq,1,dining_table,wooden; eq,1,herb_planter,small","eq,1,surround,0,dining_table,chair:0,chair:1,chair:2,chair:3; eq,1,on,0,sideboard,coffee_maker; eq,1,on,0,sideboard,herb_planter","eq,1,against,dining_table,window; eq,1,against,sideboard,wall",medium,single_room
86,"In this bathroom, a wide vanity sits against the wall, paired with a tall mirror mounted above. Nearby, a stylish laundry hamper is positioned next to the door, while a small basket containing bath essentials rests beside the tub.","eq,1,vanity; eq,1,mirror; eq,1,laundry_hamper; eq,1,basket; ge,2,bath_essential; eq,1,tub","eq,1,vanity,wide; eq,1,mirror,tall; eq,1,laundry_hamper,stylish; eq,1,basket,small","eq,1,above,0,vanity,mirror; eq,1,near,0,vanity,laundry_hamper; ge,2,within,0,basket,bath_essential; eq,1,beside,0,tub,basket","eq,1,against,vanity,wall; eq,1,next,laundry_hamper,door",medium,single_room
87,"A bright bathroom features a spacious bathtub positioned beside a large window, while a stylish shelving unit stands against the wall, displaying towels and small decorative items. The toilet is placed across from the tub, with a small basket beside it.","eq,1,bathtub; eq,1,shelving_unit; ge,2,towel; ge,2,decorative_item; eq,1,toilet; eq,1,basket","eq,1,bathtub,spacious; eq,1,shelving_unit,stylish; ge,2,decorative_item,small; eq,1,basket,small","ge,2,on,0,shelving_unit,towel; ge,2,on,0,shelving_unit,decorative_item; eq,1,across,0,bathtub,toilet; eq,1,beside,0,toilet,basket","eq,1,beside,bathtub,window; eq,1,against,shelving_unit,wall",medium,single_room
88,"This versatile basement features a large sofa and an area rug in the center, creating a cozy movie area, while a small treadmill is positioned in the corner for quick exercise sessions. A mini chalkboard hangs on the wall next to a wall clock.","eq,1,sofa; eq,1,area_rug; eq,1,treadmill; eq,1,chalkboard; eq,1,wall_clock","eq,1,sofa,large; eq,1,treadmill,small; eq,1,chalkboard,mini","eq,1,on,0,area_rug,sofa; eq,1,next,0,wall_clock,chalkboard","eq,1,middle,sofa,room; eq,1,middle,area_rug,room; eq,1,corner,treadmill,room; eq,1,on,chalkboard,wall; eq,1,on,wall_clock,wall",medium,single_room
89,"This entertaining basement layout features a large gaming setup with two monitors on a desk against one wall, while a comfy bean bag chair is positioned nearby for casual seating. Across from the gaming area, a small cabinet with a mini fridge and a popcorn machine on top completes the setup.","eq,2,monitor; eq,1,desk; eq,1,bean_bag_chair; eq,1,cabinet; eq,1,fridge; eq,1,popcorn_machine","eq,1,bean_bag_chair,comfy; eq,1,cabinet,small; eq,1,fridge,mini","eq,2,on,0,desk,monitor; eq,1,near,0,desk,bean_bag_chair; eq,1,across,0,desk,cabinet; eq,1,across,0,bean_bag_chair,cabinet; eq,1,on,0,cabinet,fridge; eq,1,on,0,cabinet,popcorn_machine","eq,1,against,desk,wall",medium,single_room
90,"A welcoming bedroom with a full bed placed against the wall, flanked by two nightstands topped with a bedside clock and a decorative candle. A reading chair sits in the corner next to a tall bookshelf filled with novels.","eq,1,bed; eq,2,nightstand; eq,1,bedside_clock; eq,1,candle; eq,1,reading_chair; eq,1,bookshelf; ge,2,novel","eq,1,bed,full; eq,1,candle,decorative; eq,1,bookshelf,tall","eq,1,left,0,bed,nightstand; eq,1,right,0,bed,nightstand; eq,1,on,0,nightstand,bedside_clock; eq,1,on,0,nightstand,candle; eq,1,next,0,bookshelf,reading_chair; ge,2,within,0,bookshelf,novel","eq,1,against,bed,wall; eq,1,corner,reading_chair,room",hard,single_room
91,"A bedroom featuring a vintage double bed dressed in soft linens, with a painting hanging on the wall above it. On either side of the bed are wooden nightstands, each with a small decorative vase. A tall chest of drawers stands against the opposite wall. A small round table in the corner holds a lamp, colorful cobblestones, and photo frames.","eq,1,bed; eq,1,painting; eq,2,nightstand; eq,2,vase; eq,1,chest_of_drawers; eq,1,table; eq,1,lamp; ge,2,cobblestone; ge,2,photo_frame","eq,1,bed,vintage; eq,1,bed,double; eq,1,bed,dressed_in_soft_linens; eq,1,painting,lovely; eq,2,nightstand,wooden; eq,2,vase,small; eq,2,vase,decorative; eq,1,table,small; eq,1,table,round; ge,2,cobblestone,colorful","eq,1,above,0,bed,painting; eq,1,left,0,bed,nightstand; eq,1,right,0,bed,nightstand; eq,2,on,0,nightstand,vase; eq,1,on,0,table,lamp; ge,2,on,0,table,cobblestone; ge,2,on,0,table,photo_frame","eq,1,on,painting,wall; eq,1,against,chest_of_drawers,wall; eq,1,corner,table,room",hard,single_room
92,"A living room featuring a comfortable recliner chair placed next to a tall bookshelf filled with books and small sculptures. Across from the chair, a table next to a large window holds a collection of candles. In the center of the room, a round coffee table is surrounded by a simple sofa and two cube ottomans.","eq,1,recliner_chair; eq,1,bookshelf; ge,2,book; ge,2,sculpture; eq,1,table; ge,2,candle; eq,1,coffee_table; eq,1,sofa; eq,2,ottoman","eq,1,recliner_chair,comfortable; eq,1,bookshelf,tall; ge,2,sculpture,small; eq,1,coffee_table,round; eq,1,sofa,simple; eq,2,ottoman,cube","eq,1,next,0,bookshelf,recliner_chair; ge,2,within,0,bookshelf,book; ge,2,within,0,bookshelf,sculpture; eq,1,across,0,recliner_chair,table; ge,2,on,0,table,candle; eq,1,surround,0,coffee_table,sofa,ottoman:0,ottoman:1","eq,1,next,table,window; eq,1,middle,coffee_table,room",hard,single_room
93,"A living room with a comfortable loveseat against the wall, adorned with plush cushions. Next to the loveseat, a small table holds a cup of tea and a remote control. A mid-century style coffee table sits in front of the loveseat with art magazines spread out. A large bookshelf containing books and newspapers lines the wall across from the door.","eq,1,loveseat; ge,2,cushion; eq,1,table; eq,1,cup_of_tea; eq,1,remote_control; eq,1,coffee_table; ge,2,art_magazine; eq,1,bookshelf; ge,2,book; ge,2,newspaper","eq,1,loveseat,comfortable; ge,2,cushion,plush; eq,1,table,small; eq,1,coffee_table,mid-century_style; eq,1,bookshelf,large","ge,2,on,0,loveseat,cushion; eq,1,next,0,loveseat,table; eq,1,on,0,table,cup_of_tea; eq,1,on,0,table,remote_control; eq,1,front,0,loveseat,coffee_table; ge,2,on,0,coffee_table,art_magazine; ge,2,within,0,bookshelf,book; ge,2,within,0,bookshelf,newspaper","eq,1,against,loveseat,wall; eq,1,against,bookshelf,wall; eq,1,across,bookshelf,door",hard,single_room
94,"A dining room with a circular table surrounded by six vintage chairs, and an old wooden ladder against the wall displaying plants and decorative jars.","eq,1,table; eq,6,chair; eq,1,ladder; ge,2,plant; ge,2,jar","eq,1,table,circular; eq,6,chair,vintage; eq,1,ladder,wooden; ge,2,jar,decorative","eq,1,surround,0,table,chair:0,chair:1,chair:2,chair:3,chair:4,chair:5; ge,2,on,0,ladder,plant; ge,2,on,0,ladder,jar","eq,1,against,ladder,wall",hard,single_room
95,"In this playroom, a large toy chest sits against the wall, overflowing with colorful building blocks, while a small craft table nearby is equipped with papers, crayons, and glue sticks for hands-on projects.","eq,1,toy_chest; ge,2,building_block; eq,1,craft_table; ge,2,paper; ge,2,crayon; ge,2,glue_stick","eq,1,toy_chest,large; ge,2,building_block,colorful; eq,1,craft_table,small","ge,2,within,0,toy_chest,building_block; eq,1,nearby,0,toy_chest,craft_table; ge,2,on,0,craft_table,paper; ge,2,on,0,craft_table,crayon; ge,2,on,0,craft_table,glue_stick","eq,1,against,toy_chest,wall; ",hard,single_room
96,"This gaming room features powerful speakers positioned in every corner to create an immersive audio experience, with a large screen mounted opposite a plush sofa. A small table beside the sofa holds various game controllers.","eq,4,speaker; eq,1,screen; eq,1,sofa; eq,1,table; ge,2,game_controller","eq,4,speaker,powerful; eq,1,screen,large; eq,1,sofa,plush; eq,1,table,small","eq,1,face,0,sofa,screen; eq,1,beside,0,sofa,table; ge,2,on,0,table,game_controller","eq,4,corner,speaker,room; eq,1,on,screen,wall",hard,single_room
97,"This is a modern bedroom with a spa-like bathroom. The bedroom has a queen-size bed with vibrant pillows. A sleek dresser sits against one wall, adorned with a small jewelry box and a decorative mirror. A reading corner includes an armchair and a small side table. Adjacent to the bedroom, the bathroom features a large bathtub next to a frosted window. A vanity opposite the tub holds two sinks with skincare products.","eq,1,bed; ge,2,pillow; eq,1,dresser; eq,1,jewelry_box; eq,1,mirror; eq,1,armchair; eq,1,side_table; eq,1,bathtub; eq,1,vanity; ge,2,skincare_product","eq,1,bed,queen-size; ge,2,pillow,vibrant; eq,1,dresser,sleek; eq,1,jewelry_box,small; eq,1,mirror,decorative; eq,1,side_table,small; eq,1,bathtub,large; eq,1,vanity,has_two_sinks","ge,2,on,0,bed,pillow; eq,1,on,0,dresser,jewelry_box; eq,1,on,0,dresser,mirror; eq,1,next,0,armchair,side_table; eq,1,face,0,bathtub,vanity; ge,2,on,0,vanity,skincare_product","eq,1,in,bed,bedroom; eq,1,in,dresser,bedroom; eq,1,against,dresser,wall; eq,1,in,armchair,bedroom; eq,1,corner,armchair,bedroom; eq,1,in,side_table,bedroom; eq,1,corner,side_table,bedroom; eq,1,in,bathtub,bathroom; eq,1,next,bathtub,window; eq,1,in,vanity,bathroom",hard,multi_room
98,"This cozy bedroom features a full-size bed against a wall with two nightstands on each side where the left one has a small clock. A small desk sits in the corner with a comfortable chair for studying or working. Opposite the bed, a spacious dresser provides additional storage. Adjacent to the bedroom, the living room has a recliner and an ottoman facing a low coffee table with a small vase and magazines. A large bookshelf in the corner holds books and board games, while a wide couch provides space for gatherings. Just off the living room, a small gaming room with a gaming console and two beanbag chairs offers a dedicated space for entertainment, complete with a small shelf for controllers and headsets.","eq,1,bed; eq,2,nightstand; eq,1,clock; eq,1,desk; eq,1,chair; eq,1,dresser; eq,1,recliner; eq,1,ottoman; eq,1,coffee_table; eq,1,vase; ge,2,magazine; eq,1,bookshelf; ge,2,book; ge,2,board_game; eq,1,couch; eq,1,gaming_console; eq,2,beanbag_chair; eq,1,shelf; ge,2,controller; ge,2,headset","eq,1,bed,full_size; eq,1,clock,small; eq,1,desk,small; eq,1,chair,comfortable; eq,1,dresser,spacious; eq,1,coffee_table,low; eq,1,vase,small; eq,1,bookshelf,large; eq,1,couch,wide; eq,1,shelf,small","eq,1,left,0,bed,nightstand; eq,1,right,0,bed,nightstand; eq,1,on,0,nightstand,clock; eq,1,left,0,bed,clock; eq,1,next,0,desk,chair; eq,1,face,0,bed,dresser; eq,1,face,0,coffee_table,recliner; eq,1,face,0,coffee_table,ottoman; eq,1,on,0,coffee_table,vase; ge,2,on,0,coffee_table,magazine; ge,2,within,0,bookshelf,book; ge,2,within,0,bookshelf,board_game; ge,2,on,0,shelf,controller; ge,2,on,0,shelf,headset","eq,1,in,bed,bedroom; eq,1,against,bed,wall; eq,2,in,nightstand,bedroom; eq,1,in,desk,bedroom; eq,1,corner,desk,bedroom; eq,1,in,chair,bedroom; eq,1,in,dresser,bedroom; eq,1,in,recliner,living_room; eq,1,in,ottoman,living_room; eq,1,in,coffee_table,living_room; eq,1,in,bookshelf,living_room; eq,1,corner,bookshelf,living_room; eq,1,in,couch,living_room; eq,1,in,gaming_console,gaming_room; eq,2,in,beanbag_chair,gaming_room; eq,1,in,shelf,gaming_room",hard,multi_room
99,"This bedroom has a full-size bed against a wall with a cartoon painting above. Two nightstands on each side of the bed provide storage. A writing desk in the corner holds a modern lamp for task lighting. A large wardrobe stands next to the door for additional storage. Beside the bedroom is a cozy living room with a large sofa facing a sleek coffee table where puzzles and decorative coasters reside. A bookshelf in the corner displays books and family pictures. The stylish bathroom includes a bathtub, with a toilet in the corner. The vanity features a double sink, with toiletries and white candles on top. A wicker basket at the foot of the bathtub holds towels.","eq,1,bed; eq,1,painting; eq,2,nightstand; eq,1,writing_desk; eq,1,lamp; eq,1,wardrobe; eq,1,sofa; eq,1,coffee_table; ge,2,puzzle; ge,2,coaster; eq,1,bookshelf; ge,2,book; ge,2,family_picture; eq,1,bathtub; eq,1,toilet; eq,1,vanity; ge,2,toiletry; ge,2,candle; eq,1,basket; ge,2,towel","eq,1,bed,full-size; eq,1,painting,cartoon; eq,1,lamp,modern; eq,1,wardrobe,large; eq,1,sofa,large; eq,1,coffee_table,sleek; ge,2,coaster,decorative; eq,1,toilet,modern; eq,1,vanity,double_sink; ge,2,candle,white; eq,1,basket,wicker","eq,1,above,0,bed,painting; eq,1,left,0,bed,nightstand; eq,1,right,0,bed,nightstand; eq,1,on,0,writing_desk,lamp; eq,1,face,0,coffee_table,sofa; ge,2,on,0,coffee_table,puzzle; ge,2,on,0,coffee_table,coaster; ge,2,within,0,bookshelf,book; ge,2,within,0,bookshelf,family_picture; ge,2,on,0,vanity,toiletry; ge,2,on,0,vanity,candle; eq,1,at_the_foot,0,bathtub,basket; ge,2,within,0,basket,towel","eq,1,in,bed,bedroom; eq,1,against,bed,wall; eq,1,in,painting,bedroom; eq,1,on,painting,wall; eq,2,in,nightstand,bedroom; eq,1,in,writing_desk,bedroom; eq,1,corner,writing_desk,bedroom; eq,1,in,wardrobe,bedroom; eq,1,next,wardrobe,door; eq,1,in,sofa,living_room; eq,1,in,coffee_table,living_room; eq,1,in,bookshelf,living_room; eq,1,corner,bookshelf,living_room;  eq,1,in,bathtub,bathroom; eq,1,in,toilet,bathroom; eq,1,corner,toilet,bathroom; eq,1,in,vanity,bathroom; eq,1,in,basket,bathroom",hard,multi_room
100,"A bedroom with a queen-sized bed and a nightstand on the right side of the bed, plus a wardrobe in the corner of the room.","eq,1,bed; eq,1,nightstand; eq,1,wardrobe","eq,1,bed,queen_sized","eq,1,right,0,bed,nightstand","eq,1,corner,wardrobe,room",easy,single_room
101,A bedroom with a queen-sized bed and an armchair in front of the bed.,"eq,1,bed; eq,1,armchair","eq,1,bed,queen_sized","eq,1,front,0,bed,armchair",,easy,single_room
102,A bedroom with two twin beds and a wardrobe in the corner of the room.,"eq,2,bed; eq,1,wardrobe","eq,2,bed,twin",,"eq,1,corner,wardrobe,room",easy,single_room
103,A bedroom with a wooden bunk bed placed against the back wall and a tall floor lamp standing next to it.,"eq,1,bunk_bed; eq,1,floor_lamp","eq,1,bunk_bed,wooden; eq,1,floor_lamp,tall","eq,1,next_to,0,bunk_bed,floor_lamp","eq,1,against,bunk_bed,wall",easy,single_room
104,"A bedroom with a polished walnut canopy bed draped in gauzy white curtains, an antique oak armoire with brass handles nestled in the corner, and a marble-top vanity set against a wall.","eq,1,canopy_bed; eq,1,armoire; eq,1,vanity","eq,1,canopy_bed,walnut; eq,1,canopy_bed,polished; eq,1,armoire,antique; eq,1,armoire,oak; eq,1,armoire,brass_handled; eq,1,vanity,marble_topped",,"eq,1,corner,armoire,room; eq,1,against,vanity,wall",easy,single_room
105,"A bedroom with a white queen bed against the back wall, a tall wooden wardrobe to the right of the bed, a simple desk to the left of the bed, and a chair nearby.","eq,1,bed; eq,1,wardrobe; eq,1,desk; eq,1,chair","eq,1,bed,white; eq,1,bed,queen; eq,1,wardrobe,tall; eq,1,wardrobe,wooden; eq,1,desk,simple","eq,1,right,0,bed,wardrobe; eq,1,left,0,bed,desk; eq,1,next,0,desk,chair","eq,1,against,bed,wall",easy,single_room
106,"A kid's bedroom with a pastel pink twin bed against the back wall, a low white dresser to the right of the bed, and a simple wooden desk to the left of the bed","eq,1,bed; eq,1,dresser; eq,1,desk","eq,1,bed,pastel_pink; eq,1,bed,twin; eq,1,dresser,low; eq,1,dresser,white; eq,1,desk,simple; eq,1,desk,wooden","eq,1,right,0,bed,dresser; eq,1,left,0,bed,desk","eq,1,against,bed,wall",easy,single_room
107,"A modern bedroom featuring a charcoal grey king bed with a velvet headboard against the back wall, two nightstands flanking the bed, and a sleek dark wood dresser against the left wall","eq,1,bed; eq,2,nightstand; eq,1,dresser","eq,1,bed,charcoal_grey; eq,1,bed,king; eq,1,bed,velvet_headboard; eq,1,dresser,sleek; eq,1,dresser,dark_wood","eq,1,left,0,bed,nightstand; eq,1,right,0,bed,nightstand","eq,1,against,bed,wall; eq,1,against,dresser,wall",easy,single_room
108,"A modern bedroom with a slate grey queen bed against the back wall, a tall white wardrobe to the right of the bed, and a sleek black dresser to the left of the bed","eq,1,bed; eq,1,wardrobe; eq,1,dresser","eq,1,bed,slate_grey; eq,1,bed,queen; eq,1,wardrobe,tall; eq,1,wardrobe,white; eq,1,dresser,sleek; eq,1,dresser,black","eq,1,right,0,bed,wardrobe; eq,1,left,0,bed,dresser","eq,1,against,bed,wall",easy,single_room
109,"A bedroom with an antique wooden bed against the back wall, an old carved wardrobe opposite the foot of the bed, and a vintage dresser to the right of the bed.","eq,1,bed; eq,1,wardrobe; eq,1,dresser","eq,1,bed,antique; eq,1,bed,wooden; eq,1,wardrobe,old; eq,1,wardrobe,carved; eq,1,dresser,vintage","eq,1,opposite,0,bed,wardrobe; eq,1,right,0,bed,dresser","eq,1,against,bed,wall",easy,single_room
110,"A bedroom with a vintage iron bed nestled in the corner of the room, a weathered wooden wardrobe against the opposite wall, and a rustic chest at the foot of the bed.","eq,1,bed; eq,1,wardrobe; eq,1,chest","eq,1,bed,vintage; eq,1,bed,iron; eq,1,wardrobe,weathered; eq,1,wardrobe,wooden; eq,1,chest,rustic","eq,1,opposite,0,bed,wardrobe; eq,1,foot,0,bed,chest","eq,1,corner,bed,room; eq,1,against,wardrobe,wall",easy,single_room
111,"A living room with a gray sofa against the back wall, a rectangular coffee table directly in front of the sofa, and a wooden armchair to the left of the sofa.","eq,1,sofa; eq,1,coffee_table; eq,1,armchair","eq,1,sofa,gray; eq,1,coffee_table,rectangular; eq,1,armchair,wooden","eq,1,front,0,sofa,coffee_table; eq,1,left,0,sofa,armchair","eq,1,against,sofa,wall",easy,single_room
112,"A living room with a sleek black TV stand against the far wall, a two-seat gray sofa facing it, and a rectangular coffee table in front of the sofa - and strangely, the stand sits completely empty with no TV anywhere in sight.","eq,1,tv_stand; eq,1,sofa; eq,1,coffee_table; eq,0,tv","eq,1,tv_stand,black; eq,1,sofa,gray; eq,1,sofa,two_seat; eq,1,coffee_table,rectangular","eq,1,front,0,sofa,tv_stand; eq,1,front,0,sofa,coffee_table","eq,1,against,tv_stand,wall",easy,single_room
113,"A living room with a tall wooden bookshelf against the left wall, a gray two-seat sofa facing it, and a round coffee table in front of the sofa","eq,1,bookshelf; eq,1,sofa; eq,1,coffee_table","eq,1,bookshelf,tall; eq,1,bookshelf,wooden; eq,1,sofa,gray; eq,1,sofa,two-seat; eq,1,coffee_table,round","eq,1,front,0,sofa,bookshelf; eq,1,front,0,sofa,coffee_table","eq,1,against,bookshelf,wall",easy,single_room
114,"A living room with a tall wooden bookshelf and a gray two-seat sofa placed side by side against the back wall, and a rectangular coffee table positioned in front of the sofa.","eq,1,bookshelf; eq,1,sofa; eq,1,coffee_table","eq,1,bookshelf,tall; eq,1,bookshelf,wooden; eq,1,sofa,gray; eq,1,sofa,two-seat; eq,1,coffee_table,rectangular","eq,1,next,0,bookshelf,sofa; eq,1,front,0,sofa,coffee_table","eq,1,against,bookshelf,wall; eq,1,against,sofa,wall",easy,single_room
115,"A living room with a tatami mat at the center of the room, a low wooden coffee table placed on the mat, and a beige futon sofa against the far wall","eq,1,tatami_mat; eq,1,coffee_table; eq,1,futon_sofa","eq,1,coffee_table,low; eq,1,coffee_table,wooden; eq,1,futon_sofa,beige","eq,1,on,0,tatami_mat,coffee_table","eq,1,middle,tatami_mat,room; eq,1,against,futon_sofa,wall",easy,single_room
116,"A living room with a minimalist beige futon sofa against the right wall, a low wooden coffee table centered in front of it, and a white shoji screen placed directly behind the sofa","eq,1,futon_sofa; eq,1,coffee_table; eq,1,shoji_screen","eq,1,futon_sofa,beige; eq,1,futon_sofa,minimalist; eq,1,coffee_table,low; eq,1,coffee_table,wooden; eq,1,shoji_screen,white","eq,1,front,0,futon_sofa,coffee_table; eq,1,behind,0,futon_sofa,shoji_screen","eq,1,against,futon_sofa,wall",easy,single_room
117,"A living room with a dark brown leather sofa against a wall, a carved oak coffee table in front of the sofa, and a tall cream-colored buffet cabinet against a wall","eq,1,sofa; eq,1,coffee_table; eq,1,buffet_cabinet","eq,1,sofa,dark_brown; eq,1,sofa,leather; eq,1,coffee_table,carved; eq,1,coffee_table,oak; eq,1,buffet_cabinet,tall; eq,1,buffet_cabinet,cream_colored","eq,1,front,0,sofa,coffee_table","eq,1,against,sofa,wall; eq,1,against,buffet_cabinet,wall",easy,single_room
118,"A living room with a tall wooden bookshelf next to a sleek desk against the left wall, a gray two-seat sofa facing them, and a rectangular oak coffee table in front of the sofa","eq,1,bookshelf; eq,1,desk; eq,1,sofa; eq,1,coffee_table","eq,1,bookshelf,tall; eq,1,bookshelf,wooden; eq,1,desk,sleek; eq,1,sofa,gray; eq,1,sofa,two_seat; eq,1,coffee_table,rectangular; eq,1,coffee_table,oak","eq,1,next,0,bookshelf,desk; eq,1,front,0,sofa,bookshelf; eq,1,front,0,sofa,desk; eq,1,front,0,sofa,coffee_table","eq,1,against,bookshelf,wall; eq,1,against,desk,wall",easy,single_room
119,"A living room with a tall wooden bookshelf flanked by two modern floor lamps against a wall, and a low rectangular coffee table in front of the bookshelf","eq,1,bookshelf; eq,2,floor_lamp; eq,1,coffee_table","eq,1,bookshelf,tall; eq,1,bookshelf,wooden; eq,2,floor_lamp,modern; eq,1,coffee_table,low; eq,1,coffee_table,rectangular","eq,1,left,0,bookshelf,floor_lamp; eq,1,right,0,bookshelf,floor_lamp; eq,1,front,0,bookshelf,coffee_table","eq,1,against,bookshelf,wall; eq,2,against,floor_lamp,wall",easy,single_room
120,"A living room with a sofa flanked by two floor potted plants, one on each side of the sofa. In the corner of the room stands a marble sculpture on the floor.","eq,1,sofa; eq,2,potted_plant; eq,1,sculpture","eq,1,sculpture,marble","eq,1,left,0,sofa,potted_plant; eq,1,right,0,sofa,potted_plant","eq,1,corner,sculpture,room",easy,single_room
121,"A living room with a flat-screen TV, a sofa facing the TV, and two floor speakers placed on either side of the TV","eq,1,TV; eq,1,sofa; eq,2,floor_speaker","eq,1,TV,flat_screen","eq,1,facing,0,sofa,TV; eq,1,left,0,TV,floor_speaker; eq,1,right,0,TV,floor_speaker",,easy,single_room
122,"A dining room with a round wooden dining table, a single chair next to it, and a tall floor lamp placed by the table","eq,1,dining_table; eq,1,chair; eq,1,floor_lamp","eq,1,dining_table,round; eq,1,dining_table,wooden; eq,1,floor_lamp,tall","eq,1,next,0,dining_table,chair; eq,1,near,0,dining_table,floor_lamp",,easy,single_room
123,"A dining room with a glass dining table, a metal chair positioned by one side of the table, and a wooden bookshelf standing against the wall","eq,1,dining_table; eq,1,chair; eq,1,bookshelf","eq,1,dining_table,glass; eq,1,chair,metal; eq,1,bookshelf,wooden","eq,1,next,0,dining_table,chair","eq,1,against,bookshelf,wall",easy,single_room
124,"A dining room with a glass dining table in the center, a single chair beside the table, a cabinet tucked in the corner, and a trash can next to the cabinet","eq,1,dining_table; eq,1,chair; eq,1,cabinet; eq,1,trash_can","eq,1,dining_table,glass","eq,1,next,0,dining_table,chair; eq,1,next,0,cabinet,trash_can","eq,1,center,dining_table,room; eq,1,corner,cabinet,room",easy,single_room
125,"A dining room with a rectangular wood dining table, two wooden chairs at the short sides of the table, and a large potted plant beside the table","eq,1,dining_table; eq,2,chair; eq,1,plant","eq,1,dining_table,rectangular; eq,1,dining_table,wood; eq,2,chair,wooden; eq,1,plant,large; eq,1,plant,potted","eq,2,short_side,0,dining_table,chair; eq,1,next,0,dining_table,plant",,easy,single_room
126,"A dining room with a wood dining table placed by the window, a single chair next to the table, and a glass cabinet positioned next to the door","eq,1,dining_table; eq,1,chair; eq,1,cabinet","eq,1,dining_table,wood; eq,1,cabinet,glass","eq,1,next,0,dining_table,chair","eq,1,next,dining_table,window; eq,1,next,cabinet,door",easy,single_room
127,"A dining room with a rectangular wood table tucked into the corner, a matching bench placed by the table, and a decorative rug laid in the center of the room","eq,1,dining_table; eq,1,bench; eq,1,rug","eq,1,dining_table,rectangular; eq,1,dining_table,wood; eq,1,bench,wood; eq,1,rug,decorative","eq,1,next,0,dining_table,bench","eq,1,corner,dining_table,room; eq,1,center,rug,room",easy,single_room
128,A dining room with a glass dining table illuminated by a ceiling lamp and a transparent plastic chair placed beside the table,"eq,1,dining_table; eq,1,chair; eq,1,ceiling_lamp","eq,1,dining_table,glass; eq,1,chair,transparent; eq,1,chair,plastic","eq,1,above,0,dining_table,ceiling_lamp; eq,1,next,0,dining_table,chair","eq,1,hang,ceiling_lamp,ceiling",easy,single_room
129,"A dining room with a circular stone dining table, a curved wooden bench wrapping around one side of the table, and a tall room divider positioned behind the bench","eq,1,dining_table; eq,1,bench; eq,1,room_divider","eq,1,dining_table,circular; eq,1,dining_table,stone; eq,1,bench,curved; eq,1,bench,wooden; eq,1,room_divider,tall","eq,1,next,0,dining_table,bench; eq,1,behind,0,bench,room_divider",,easy,single_room
130,A dining room with a rectangular wood dining table in the center and a tall bookshelf placed against the wall,"eq,1,dining_table; eq,1,bookshelf","eq,1,dining_table,rectangular; eq,1,dining_table,wood; eq,1,bookshelf,tall",,"eq,1,center,dining_table,room; eq,1,against,bookshelf,wall",easy,single_room
131,"A dining room with a polished mahogany dining table adorned with intricate carved lion paw legs, two high-backed velvet-upholstered chairs with tufted detailing at the table, and an ornate oak sideboard with glass front against a wall","eq,1,dining_table; eq,2,chair; eq,1,sideboard","eq,1,dining_table,polished; eq,1,dining_table,mahogany; eq,1,dining_table,carved_lion_paw; eq,2,chair,high_backed; eq,2,chair,velvet_upholstered; eq,2,chair,tufted; eq,1,sideboard,ornate; eq,1,sideboard,oak; eq,1,sideboard,glass_front","eq,2,next,0,dining_table,chair","eq,1,against,sideboard,wall",easy,single_room
132,"A dining room with a sleek white rectangular dining table, two minimalist black chairs, and a tall potted plant beside the table","eq,1,dining_table; eq,2,chair; eq,1,plant","eq,1,dining_table,sleek; eq,1,dining_table,white; eq,1,dining_table,rectangular; eq,2,chair,minimalist; eq,2,chair,black; eq,1,plant,tall; eq,1,plant,potted","eq,2,next,0,dining_table,chair; eq,1,next,0,dining_table,plant",,easy,single_room
133,A playroom with a colorful rug at the center and a plastic slide placed against the wall,"eq,1,rug; eq,1,slide","eq,1,rug,colorful; eq,1,slide,plastic",,"eq,1,middle,rug,room; eq,1,against,slide,wall",easy,single_room
134,A playroom with a large round rug at the center of the room and a red slide placed on top of the rug,"eq,1,rug; eq,1,slide","eq,1,rug,large; eq,1,rug,round; eq,1,slide,red","eq,1,above,0,rug,slide","eq,1,middle,rug,room",easy,single_room
135,"A playroom with a large round rug featuring a cartoon pig print at the center of the room, a play house in the corner, and a bookshelf against the wall","eq,1,rug; eq,1,play_house; eq,1,bookshelf","eq,1,rug,large; eq,1,rug,round; eq,1,rug,cartoon_pig_print",,"eq,1,middle,rug,room; eq,1,corner,play_house,room; eq,1,against,bookshelf,wall",easy,single_room
136,A playroom with a rectangular play mat in a corner with a bean bag on top and a toy box at the center of the room,"eq,1,play_mat; eq,1,bean_bag; eq,1,toy_box","eq,1,play_mat,rectangular","eq,1,on,0,play_mat,bean_bag","eq,1,corner,play_mat,room; eq,1,middle,toy_box,room",easy,single_room
137,A playroom with a wooden train table at the center of the room and a fabric teepee in a corner,"eq,1,train_table; eq,1,teepee","eq,1,train_table,wooden; eq,1,teepee,fabric",,"eq,1,middle,train_table,room; eq,1,corner,teepee,room",easy,single_room
138,"A playroom with a round rug at the center of the room, a wooden puppet theater in a corner, a fabric teepee in a corner, and a low play table next to the rug","eq,1,rug; eq,1,puppet_theater; eq,1,teepee; eq,1,play_table","eq,1,rug,round; eq,1,puppet_theater,wooden; eq,1,teepee,fabric; eq,1,play_table,low","eq,1,next_to,0,rug,play_table","eq,1,middle,rug,room; eq,1,corner,puppet_theater,room; eq,1,corner,teepee,room",easy,single_room
139,"A playroom with a round rug at the center of the room, a wooden train table in a corner, a fabric teepee in a corner, and a toy chest placed by the door","eq,1,rug; eq,1,train_table; eq,1,teepee; eq,1,toy_chest","eq,1,rug,round; eq,1,train_table,wooden; eq,1,teepee,fabric",,"eq,1,middle,rug,room; eq,1,corner,train_table,room; eq,1,corner,teepee,room; eq,1,next_to,toy_chest,door",easy,single_room
140,"A playroom with a foam climbing block in a corner, an inflatable ball pit at the center of the room, and a wooden puzzle table next to the door","eq,1,climbing_block; eq,1,ball_pit; eq,1,puzzle_table","eq,1,climbing_block,foam; eq,1,ball_pit,inflatable; eq,1,puzzle_table,wooden",,"eq,1,corner,climbing_block,room; eq,1,middle,ball_pit,room; eq,1,next_to,puzzle_table,door",easy,single_room
141,"A playroom with a red slide against a wall, a wooden toy shelf against a wall, and a round rug at the center of the room with a fabric puppet theater on top.","eq,1,slide; eq,1,toy_shelf; eq,1,rug; eq,1,puppet_theater","eq,1,slide,red; eq,1,toy_shelf,wooden; eq,1,rug,round; eq,1,puppet_theater,fabric","eq,1,on,0,rug,puppet_theater","eq,1,against,slide,wall; eq,1,against,toy_shelf,wall; eq,1,middle,rug,room",easy,single_room
142,"A playroom with a large round Doraemon-themed rug at the center of the room, a Doraemon-themed bean bag in a corner, a Doraemon-themed toy chest against the wall, and a Doraemon-themed play tent in another corner","eq,1,rug; eq,1,bean_bag; eq,1,toy_chest; eq,1,play_tent","eq,1,rug,large; eq,1,rug,round; eq,1,rug,doraemon_themed; eq,1,bean_bag,doraemon_themed; eq,1,toy_chest,doraemon_themed; eq,1,play_tent,doraemon_themed",,"eq,1,middle,rug,room; eq,1,corner,bean_bag,room; eq,1,corner,play_tent,room; eq,1,against,toy_chest,wall",easy,single_room
143,"A playroom with a wooden play kitchen against the wall, a round wooden dining table at the center of the room, a wooden armchair beside the table, and a fabric dollhouse in a corner","eq,1,play_kitchen; eq,1,dining_table; eq,1,armchair; eq,1,dollhouse","eq,1,play_kitchen,wooden; eq,1,dining_table,round; eq,1,dining_table,wooden; eq,1,armchair,wooden; eq,1,dollhouse,fabric","eq,1,next_to,0,dining_table,armchair","eq,1,against,play_kitchen,wall; eq,1,middle,dining_table,room; eq,1,corner,dollhouse,room",easy,single_room
144,"A gaming room with a low couch facing a wall-mounted TV, and a rug placed beneath the couch","eq,1,couch; eq,1,TV; eq,1,rug","eq,1,couch,low; eq,1,TV,wall_mounted","eq,1,facing,0,couch,TV; eq,1,under,0,couch,rug","eq,1,on,TV,wall",easy,single_room
145,"A gaming room with a wide cushioned sofa that seats three players comfortably, a sturdy TV table, and a large flat screen TV for vivid, immersive gameplay","eq,1,sofa; eq,1,TV_table; eq,1,TV","eq,1,sofa,wide; eq,1,sofa,cushioned; eq,1,TV_table,sturdy; eq,1,TV,large; eq,1,TV,flat_screen",,,easy,single_room
146,"A gaming room with a sleek desk, an ergonomic gaming chair positioned in front of it, and two LED floor lamps placed on either side of the desk","eq,1,desk; eq,1,gaming_chair; eq,2,floor_lamp","eq,1,desk,sleek; eq,1,gaming_chair,ergonomic; eq,2,floor_lamp,led","eq,1,front,0,desk,gaming_chair; eq,1,left,0,desk,floor_lamp; eq,1,right,0,desk,floor_lamp",,easy,single_room
147,"A gaming room with a height-adjustable standing desk equipped with integrated cable channels and a controller shelf, an ergonomic high-backed gaming chair positioned in front for marathon play sessions, and a minimalist bookshelf with modular compartments.","eq,1,desk; eq,1,gaming_chair; eq,1,bookshelf","eq,1,desk,height_adjustable; eq,1,desk,standing; eq,1,desk,integrated_cable_channels; eq,1,desk,controller_shelf; eq,1,gaming_chair,ergonomic; eq,1,gaming_chair,high_backed; eq,1,bookshelf,minimalist; eq,1,bookshelf,modular_compartments","eq,1,front,0,desk,gaming_chair",,easy,single_room
148,"A gaming room with a wide coffee table centered before a cushioned sofa facing a wall-mounted TV, and a sleek pool table positioned across from the sofa against the opposite wall","eq,1,coffee_table; eq,1,sofa; eq,1,TV; eq,1,pool_table","eq,1,coffee_table,wide; eq,1,sofa,cushioned; eq,1,TV,wall_mounted; eq,1,pool_table,sleek","eq,1,front,0,sofa,coffee_table; eq,1,facing,0,sofa,TV; eq,1,across,0,sofa,pool_table","eq,1,against,pool_table,wall",easy,single_room
149,"A gaming room with a modular L-shaped sofa positioned next to a floating media console that holds a curved TV, and a compact pool table placed in the corner","eq,1,sofa; eq,1,media_console; eq,1,TV; eq,1,pool_table","eq,1,sofa,modular; eq,1,sofa,L_shaped; eq,1,media_console,floating; eq,1,TV,curved; eq,1,pool_table,compact","eq,1,next,0,media_console,sofa; eq,1,on,0,media_console,TV","eq,1,corner,pool_table,room",easy,single_room
150,"A gaming room with a plush reclining sofa facing a large projection screen mounted on the wall, and a tempered glass coffee table adjacent to the sofa for placing things.","eq,1,sofa; eq,1,projection_screen; eq,1,coffee_table","eq,1,sofa,plush; eq,1,sofa,reclining; eq,1,projection_screen,large; eq,1,coffee_table,tempered_glass","eq,1,facing,0,sofa,projection_screen; eq,1,next,0,sofa,coffee_table","eq,1,on,projection_screen,wall",easy,single_room
151,"A gaming room that exudes an engaging atmosphere, with a plush modular corner sofa facing a floating OLED TV, and a robust poker table taking center stage","eq,1,sofa; eq,1,TV; eq,1,poker_table","eq,1,sofa,plush; eq,1,sofa,modular; eq,1,sofa,corner; eq,1,TV,floating; eq,1,TV,OLED; eq,1,poker_table,robust","eq,1,facing,0,sofa,TV","eq,1,on,TV,wall; eq,1,middle,poker_table,room",easy,single_room
152,"A gaming room that radiates a dynamic competitive energy, with a curved leather sofa facing a ceiling-mounted projector screen, and a heavy-duty arcade cabinet positioned against the far wall","eq,1,sofa; eq,1,projector_screen; eq,1,arcade_cabinet","eq,1,sofa,curved; eq,1,sofa,leather; eq,1,projector_screen,ceiling_mounted; eq,1,arcade_cabinet,heavy_duty","eq,1,facing,0,sofa,projector_screen","eq,1,hang,projector_screen,ceiling; eq,1,against,arcade_cabinet,wall",easy,single_room
153,"A gaming room that pulses with competitive energy, featuring a plush modular sofa with a neon-lit rhythm arcade machine nestled in one corner beside it, and a wall-mounted curved OLED TV for immersive play","eq,1,sofa; eq,1,arcade_machine; eq,1,TV","eq,1,sofa,plush; eq,1,sofa,modular; eq,1,arcade_machine,neon_lit; eq,1,TV,curved; eq,1,TV,OLED","eq,1,next,0,sofa,arcade_machine","eq,1,corner,arcade_machine,room; eq,1,on,TV,wall",easy,single_room
154,"A gaming room that shows nostalgic competitive spirit, with a vintage leather sectional sofa oriented toward a weathered old basketball arcade machine nestled in one corner, and a large wall-mounted TV overhead","eq,1,sofa; eq,1,arcade_machine; eq,1,TV","eq,1,sofa,vintage; eq,1,sofa,leather; eq,1,sofa,sectional; eq,1,arcade_machine,old; eq,1,arcade_machine,weathered; eq,1,arcade_machine,basketball; eq,1,TV,large; eq,1,TV,wall_mounted","eq,1,facing,0,sofa,arcade_machine","eq,1,corner,arcade_machine,room; eq,1,on,TV,wall",easy,single_room
155,"A kitchen with a counter against the wall, a fridge next to the counter, and a table at the center of the room.","eq,1,counter; eq,1,fridge; eq,1,table",,"eq,1,next_to,0,counter,fridge","eq,1,against,counter,wall; eq,1,middle,table,room",easy,single_room
156,"A kitchen with a glass door cabinet against the wall, a fridge next to the cabinet, and a counter at the center of the room.","eq,1,cabinet; eq,1,fridge; eq,1,counter","eq,1,cabinet,glass_door","eq,1,next_to,0,cabinet,fridge","eq,1,against,cabinet,wall; eq,1,middle,counter,room",easy,single_room
157,"A modern kitchen with a smart fridge against the wall, a floor standing water dispenser next to the fridge, and a counter at the center of the room.","eq,1,fridge; eq,1,water_dispenser; eq,1,counter","eq,1,fridge,smart; eq,1,water_dispenser,floor_standing","eq,1,next_to,0,fridge,water_dispenser","eq,1,against,fridge,wall; eq,1,middle,counter,room",easy,single_room
158,"A kitchen with a large wooden table at the center of the room, a stove against a wall, a fridge next to the stove, and a pantry cabinet against another wall.","eq,1,table; eq,1,stove; eq,1,fridge; eq,1,pantry_cabinet","eq,1,table,large; eq,1,table,wooden","eq,1,next_to,0,stove,fridge","eq,1,middle,table,room; eq,1,against,stove,wall; eq,1,against,pantry_cabinet,wall",easy,single_room
159,"A kitchen with a stove against a wall, a refrigerator next to the stove, a wooden table facing the stove at the center of the room, and a kitchen cabinet against another wall.","eq,1,stove; eq,1,refrigerator; eq,1,table; eq,1,kitchen_cabinet","eq,1,table,wooden","eq,1,next_to,0,stove,refrigerator; eq,1,facing,0,table,stove","eq,1,against,stove,wall; eq,1,against,kitchen_cabinet,wall; eq,1,middle,table,room",easy,single_room
160,"A modern kitchen with a marble dining table at the center of the room facing a floor to ceiling cabinet against a wall, a stove next to the cabinet, and a refrigerator against another wall.","eq,1,table; eq,1,cabinet; eq,1,stove; eq,1,refrigerator","eq,1,table,marble; eq,1,cabinet,floor_to_ceiling","eq,1,facing,0,table,cabinet; eq,1,next_to,0,cabinet,stove","eq,1,middle,table,room; eq,1,against,cabinet,wall; eq,1,against,refrigerator,wall",easy,single_room
161,"A modern kitchen with a marble table at the center of the room, a fridge against a wall, a movable storage cart next to the fridge, and a ceiling lamp hanging above the table.","eq,1,table; eq,1,fridge; eq,1,storage_cart; eq,1,ceiling_lamp","eq,1,table,marble; eq,1,storage_cart,movable","eq,1,next_to,0,fridge,storage_cart; eq,1,above,0,table,ceiling_lamp","eq,1,against,fridge,wall; eq,1,middle,table,room; eq,1,hang,ceiling_lamp,ceiling",easy,single_room
162,"A kitchen with a long bar table at the center of the room, two tall bar chairs on the long side of the table, and a fridge against a wall.","eq,1,bar_table; eq,2,bar_chair; eq,1,fridge","eq,1,bar_table,long; eq,2,bar_chair,tall","eq,2,long_side,0,bar_table,bar_chair","eq,1,middle,bar_table,room; eq,1,against,fridge,wall",easy,single_room
163,"A fancy smart kitchen with a smart fridge against a wall, a smart oven next to the fridge, a crystal dining table at the center of the room, and a frosted glass cabinet against another wall.","eq,1,fridge; eq,1,oven; eq,1,dining_table; eq,1,cabinet","eq,1,fridge,smart; eq,1,oven,smart; eq,1,dining_table,crystal; eq,1,cabinet,frosted_glass","eq,1,next_to,0,fridge,oven","eq,1,against,fridge,wall; eq,1,against,cabinet,wall; eq,1,middle,dining_table,room",easy,single_room
164,"A kitchen with a fridge with a built-in screen against a wall, a 4-burner stove next to the fridge, a wooden table facing the stove at the center of the room, and a cabinet against another wall.","eq,1,fridge; eq,1,stove; eq,1,table; eq,1,cabinet","eq,1,fridge,built_in_screen; eq,1,stove,4_burner; eq,1,table,wooden","eq,1,next_to,0,fridge,stove; eq,1,facing,0,table,stove","eq,1,against,fridge,wall; eq,1,against,cabinet,wall; eq,1,middle,table,room",easy,single_room
165,"A designer kitchen with a matte black fridge against a wall, an avant garde stove next to the fridge, a circular marble table at the center of the room, and a minimalist wooden chair facing the table.","eq,1,fridge; eq,1,stove; eq,1,table; eq,1,chair","eq,1,fridge,matte_black; eq,1,stove,avant_garde; eq,1,table,circular; eq,1,table,marble; eq,1,chair,minimalist; eq,1,chair,wooden","eq,1,next_to,0,stove,fridge; eq,1,facing,0,table,chair","eq,1,against,fridge,wall; eq,1,middle,table,room",easy,single_room
166,"A bathroom with a vanity against the back wall, a toilet next to the vanity, and a bathtub across from the vanity.","eq,1,vanity; eq,1,toilet; eq,1,bathtub",,"eq,1,next,0,vanity,toilet; eq,1,across,0,vanity,bathtub","eq,1,against,vanity,wall",easy,single_room
167,"A bathroom with a vanity against the back wall, a mirror hanging above the vanity on the wall, a toilet next to the vanity, and a bathtub across from the vanity.","eq,1,vanity; eq,1,mirror; eq,1,toilet; eq,1,bathtub",,"eq,1,next,0,vanity,toilet; eq,1,above,0,vanity,mirror; eq,1,across,0,vanity,bathtub","eq,1,against,vanity,wall; eq,1,on,mirror,wall",easy,single_room
168,"A bathroom with a floating vanity against the wall, two round mirrors hanging above the vanity, and a toilet tucked into a corner","eq,1,vanity; eq,2,mirror; eq,1,toilet","eq,1,vanity,floating; eq,2,mirror,round","eq,2,above,0,vanity,mirror","eq,1,against,vanity,wall; eq,2,on,mirror,wall; eq,1,corner,toilet,room",easy,single_room
169,"A bathroom with a dual sink vanity against the wall, a long mirror hanging above the vanity on the wall, and a fancy freestanding bathtub facing the vanity","eq,1,vanity; eq,1,mirror; eq,1,bathtub","eq,1,vanity,dual_sink; eq,1,mirror,long; eq,1,bathtub,fancy; eq,1,bathtub,freestanding","eq,1,above,0,vanity,mirror; eq,1,facing,0,bathtub,vanity","eq,1,against,vanity,wall; eq,1,on,mirror,wall",easy,single_room
170,"A bathroom with a small vanity against the wall, a small low wooden cabinet next to the vanity, and a toilet across from the vanity","eq,1,vanity; eq,1,cabinet; eq,1,toilet","eq,1,vanity,small; eq,1,cabinet,small; eq,1,cabinet,low; eq,1,cabinet,wooden","eq,1,next,0,vanity,cabinet; eq,1,across,0,vanity,toilet","eq,1,against,vanity,wall",easy,single_room
171,"Immediately upon entering, a quirky toilet occupies the space beside the door, followed by a compact vanity adjacent to it, while a deep bathtub nestles into the far corner of the room","eq,1,toilet; eq,1,vanity; eq,1,bathtub","eq,1,vanity,compact; eq,1,bathtub,deep","eq,1,next,0,toilet,vanity","eq,1,next_to,toilet,door; eq,1,corner,bathtub,room",easy,single_room
172,"In a master bathroom with modern luxury design, a floating vanity graces the wall, a luxury jet tub fills the corner, and a streamlined toilet stands beside the vanity","eq,1,vanity; eq,1,bathtub; eq,1,toilet","eq,1,vanity,floating; eq,1,bathtub,luxury; eq,1,bathtub,jet; eq,1,toilet,streamlined","eq,1,next,0,vanity,toilet","eq,1,against,vanity,wall; eq,1,corner,bathtub,room",easy,single_room
173,"Anchored to the wall, an old small plastic frame mirror hangs above an oldschool sink, and a plastic floor rack stands beside the sink","eq,1,mirror; eq,1,sink; eq,1,floor_rack","eq,1,mirror,old; eq,1,mirror,small; eq,1,mirror,plastic_frame; eq,1,sink,oldschool; eq,1,floor_rack,plastic","eq,1,above,0,sink,mirror; eq,1,next,0,sink,floor_rack","eq,1,on,mirror,wall",easy,single_room
174,"Against one wall sits a polished wall-mounted vanity, a sleek toilet stands alongside it, and across the room a matte-finish bathtub occupies the corner","eq,1,vanity; eq,1,toilet; eq,1,bathtub","eq,1,vanity,polished; eq,1,vanity,wall_mounted; eq,1,toilet,sleek; eq,1,bathtub,matte_finish","eq,1,next,0,vanity,toilet; eq,1,across,0,vanity,bathtub","eq,1,against,vanity,wall; eq,1,corner,bathtub,room",easy,single_room
175,"Black dominates the bathroom: a floating vanity, a matching toilet, and a clawfoot bathtub stand in the room, with a small square white fluffy rug centered in the room","eq,1,vanity; eq,1,toilet; eq,1,bathtub; eq,1,rug","eq,1,vanity,floating; eq,1,vanity,black; eq,1,toilet,black; eq,1,bathtub,clawfoot; eq,1,bathtub,black; eq,1,rug,small; eq,1,rug,square; eq,1,rug,white; eq,1,rug,fluffy",,"eq,1,center,rug,room",easy,single_room
176,"Decked in sunshine yellow, this rubber duck lover's bathroom features a duck-shaped toilet by the entrance, a glossy yellow vanity against the wall, and a vintage clawfoot bathtub in the corner","eq,1,toilet; eq,1,vanity; eq,1,bathtub","eq,1,toilet,duck_shaped; eq,1,vanity,glossy; eq,1,vanity,yellow; eq,1,bathtub,vintage; eq,1,bathtub,clawfoot",,"eq,1,next_to,toilet,door; eq,1,against,vanity,wall; eq,1,corner,bathtub,room",easy,single_room
177,"A basement converted into a simple gym with a treadmill along one wall, a weight bench near the center, and a punching bag hanging from the ceiling","eq,1,treadmill; eq,1,weight_bench; eq,1,punching_bag",,,"eq,1,against,treadmill,wall; eq,1,middle,weight_bench,room; eq,1,hang,punching_bag,ceiling",easy,single_room
178,"The basement has been transformed into a laundry room featuring a front-loading washing machine next to a matching dryer, with a metal drying rack positioned beside a utility sink.","eq,1,washing_machine; eq,1,dryer; eq,1,drying_rack; eq,1,utility_sink","eq,1,washing_machine,front_loading; eq,1,dryer,front_loading; eq,1,drying_rack,metal","eq,1,next,0,washing_machine,dryer; eq,1,beside,0,utility_sink,drying_rack",,easy,single_room
179,Basement storage hosts three metal shelving racks placed against the walls and a solid wooden workbench standing in the center.,"eq,3,shelving_rack; eq,1,workbench","eq,3,shelving_rack,metal; eq,1,workbench,wooden; eq,1,workbench,solid",,"eq,3,against,shelving_rack,wall; eq,1,middle,workbench,room",easy,single_room
180,Basement space set up for yoga features three cushioned yoga mats laid out on the floor and a large television mounted on the wall.,"eq,3,yoga_mat; eq,1,television","eq,3,yoga_mat,cushioned; eq,1,television,large",,"eq,1,on,television,wall",easy,single_room
181,"Basement transformed into a practice studio contains a full drum set, an electric guitar resting on the wall, and a large speaker mounted on the wall.","eq,1,drum_set; eq,1,guitar; eq,1,speaker","eq,1,drum_set,full; eq,1,guitar,electric; eq,1,speaker,large",,"eq,1,against,guitar,wall; eq,1,on,speaker,wall",easy,single_room
182,"Basement transformed into a secret casino showcases a round poker table covered in emerald felt at the center, a polished mahogany bar table positioned against the far wall, and a single leather-upholstered bar stool tucked beside the bar.","eq,1,poker_table; eq,1,bar_table; eq,1,bar_stool","eq,1,poker_table,round; eq,1,poker_table,emerald_felt; eq,1,bar_table,polished_mahogany; eq,1,bar_stool,leather_upholstered","eq,1,beside,0,bar_table,bar_stool","eq,1,middle,poker_table,room; eq,1,against,bar_table,wall",easy,single_room
183,"Basement home theater shows a very large wall-mounted television dominating one wall, a spacious sectional sofa with deep cushions positioned opposite the screen for lounging or sleeping, and two sleek floor-standing speakers flanking the TV.","eq,1,television; eq,1,sofa; eq,2,speaker","eq,1,television,large; eq,1,television,wall_mounted; eq,1,sofa,sectional; eq,1,sofa,spacious; eq,1,sofa,deep_cushioned; eq,2,speaker,sleek; eq,2,speaker,floor_standing","eq,1,facing,0,sofa,television; eq,1,left,0,television,speaker; eq,1,right,0,television,speaker","eq,1,on,television,wall",easy,single_room
184,"Basement storage appears chaotic with two very large cardboard boxes in a corner, an old wooden bookshelf leaning against a wall, and a wide industrial metal rack spanning another wall.","eq,2,box; eq,1,bookshelf; eq,1,metal_rack","eq,2,box,very_large; eq,2,box,cardboard; eq,1,bookshelf,old; eq,1,bookshelf,wooden; eq,1,metal_rack,wide; eq,1,metal_rack,industrial; eq,1,metal_rack,metal",,"eq,2,corner,box,room; eq,1,against,bookshelf,wall; eq,1,against,metal_rack,wall",easy,single_room
185,Basement hobby room features three wide glass display cabinets lined the walls and a plush large circular rug centered on the floor.,"eq,3,display_cabinet; eq,1,rug","eq,3,display_cabinet,wide; eq,3,display_cabinet,glass; eq,1,rug,plush; eq,1,rug,large; eq,1,rug,circular",,"eq,3,against,display_cabinet,wall; eq,1,middle,rug,room",easy,single_room
186,Basement storage dedicated to holiday decorations features a tall pre-lit artificial Christmas tree standing beside a wide industrial metal rack and a large LED snowman figure positioned on the floor next to the rack.,"eq,1,Christmas_tree; eq,1,metal_rack; eq,1,snowman","eq,1,Christmas_tree,tall; eq,1,Christmas_tree,pre_lit; eq,1,Christmas_tree,artificial; eq,1,metal_rack,wide; eq,1,metal_rack,industrial; eq,1,metal_rack,metal; eq,1,snowman,large; eq,1,snowman,LED","eq,1,beside,0,Christmas_tree,metal_rack; eq,1,next,0,snowman,metal_rack",,easy,single_room
187,"Basement wine cellar presents a tall wrought iron wine rack aligned against a wall, a sturdy oak tasting table centered on the floor, and a large stone barrel placed beside the table.","eq,1,wine_rack; eq,1,tasting_table; eq,1,barrel","eq,1,wine_rack,tall; eq,1,wine_rack,wrought_iron; eq,1,tasting_table,sturdy; eq,1,tasting_table,oak; eq,1,barrel,large; eq,1,barrel,stone","eq,1,beside,0,tasting_table,barrel","eq,1,against,wine_rack,wall; eq,1,middle,tasting_table,room",easy,single_room
188,"In the den, a modern wooden desk sits against the far wall facing a leather swivel chair. A tall bookcase stands beside the desk.","eq,1,desk; eq,1,chair; eq,1,bookcase","eq,1,desk,modern; eq,1,desk,wooden; eq,1,chair,leather; eq,1,chair,swivel; eq,1,bookcase,tall","eq,1,facing,0,desk,chair; eq,1,beside,0,desk,bookcase","eq,1,against,desk,wall",easy,single_room
189,Cozy den reading room with a tall oak bookshelf standing beside the entry door and a large plush bean bag positioned nearby for comfortable reading.,"eq,1,bookshelf; eq,1,bean_bag","eq,1,bookshelf,tall; eq,1,bookshelf,oak; eq,1,bean_bag,large; eq,1,bean_bag,plush","eq,1,near,0,bookshelf,bean_bag","eq,1,beside,bookshelf,door",easy,single_room
190,"In the den, a plush velvet armchair faces a carved mahogany bookshelf set against the back wall. Beside the armchair, an ornate oak side table stands ready for books and tea.","eq,1,armchair; eq,1,bookshelf; eq,1,side_table","eq,1,armchair,plush; eq,1,armchair,velvet; eq,1,bookshelf,carved; eq,1,bookshelf,mahogany; eq,1,side_table,ornate; eq,1,side_table,oak","eq,1,facing,0,bookshelf,armchair; eq,1,beside,0,armchair,side_table","eq,1,against,bookshelf,wall",easy,single_room
191,"Cozy den-turned study with a vintage oak desk near the entry door, a padded leather swivel chair away from the desk, a tall steel bookcase lining the back wall, and a compact wooden filing cabinet beside the desk.","eq,1,desk; eq,1,chair; eq,1,bookcase; eq,1,filing_cabinet","eq,1,desk,vintage; eq,1,desk,oak; eq,1,chair,padded; eq,1,chair,leather; eq,1,chair,swivel; eq,1,bookcase,tall; eq,1,bookcase,steel; eq,1,filing_cabinet,compact; eq,1,filing_cabinet,wooden","eq,1,away,0,desk,chair; eq,1,beside,0,desk,filing_cabinet","eq,1,near,desk,door; eq,1,against,bookcase,wall",easy,single_room
192,"In the den, a minimalist steel frame desk with a glass top stands centered. A black ergonomic mesh chair is neatly placed facing the desk. Above the desk, a floating oak shelf is affixed to the wall.","eq,1,desk; eq,1,chair; eq,1,shelf","eq,1,desk,minimalist; eq,1,desk,steel_frame; eq,1,desk,glass_top; eq,1,chair,black; eq,1,chair,ergonomic; eq,1,chair,mesh; eq,1,shelf,floating; eq,1,shelf,oak","eq,1,facing,0,desk,chair; eq,1,above,0,desk,shelf","eq,1,center,desk,room; eq,1,on,shelf,wall",easy,single_room
193,"In the den, a sleek low-profile platform daybed sits against a wall, and a modern leather recliner faces the daybed.","eq,1,daybed; eq,1,recliner","eq,1,daybed,sleek; eq,1,daybed,low_profile; eq,1,daybed,platform; eq,1,recliner,modern; eq,1,recliner,leather","eq,1,facing,0,daybed,recliner","eq,1,against,daybed,wall",easy,single_room
194,"In the den, a sleek electric treadmill stands against the back wall, and a multi_level wooden cat tree sits adjacent to it.","eq,1,treadmill; eq,1,cat_tree","eq,1,treadmill,sleek; eq,1,treadmill,electric; eq,1,cat_tree,multi_level; eq,1,cat_tree,wooden","eq,1,beside,0,treadmill,cat_tree","eq,1,against,treadmill,wall",easy,single_room
195,"In the den, a sleek walnut desk stands centered. A black leather swivel chair faces the desk, and a large white modular drawer unit stands against the back wall beside the desk.","eq,1,desk; eq,1,chair; eq,1,drawer_unit","eq,1,desk,sleek; eq,1,desk,walnut; eq,1,chair,black; eq,1,chair,leather; eq,1,chair,swivel; eq,1,drawer_unit,large; eq,1,drawer_unit,white; eq,1,drawer_unit,modular","eq,1,facing,0,desk,chair; eq,1,beside,0,desk,drawer_unit","eq,1,center,desk,room; eq,1,against,drawer_unit,wall",easy,single_room
196,"In the den, a modern white desk stands against the back wall. A black mesh office chair faces the desk, and a compact gray convertible sofa bed sits in the corner with a ceiling lamp above.","eq,1,desk; eq,1,chair; eq,1,sofa_bed; eq,1,ceiling_lamp","eq,1,desk,modern; eq,1,desk,white; eq,1,chair,black; eq,1,chair,mesh; eq,1,sofa_bed,compact; eq,1,sofa_bed,gray; eq,1,sofa_bed,convertible","eq,1,facing,0,desk,chair; eq,1,above,0,sofa_bed,ceiling_lamp","eq,1,against,desk,wall; eq,1,corner,sofa_bed,room; eq,1,hang_from,ceiling_lamp,ceiling",easy,single_room
197,"In the den, three tall walnut bookshelves stand along the walls, and a sleek oak reading desk occupies the center of the room.","eq,3,bookshelf; eq,1,reading_desk","eq,3,bookshelf,tall; eq,3,bookshelf,walnut; eq,1,reading_desk,sleek; eq,1,reading_desk,oak",,"eq,3,against,bookshelf,wall; eq,1,center,reading_desk,room",easy,single_room
198,"In the den, a low cedar meditation bench stands centered. A bamboo altar table rests against the back wall, and a tall shoji screen stands behind the bench.","eq,1,meditation_bench; eq,1,altar_table; eq,1,shoji_screen","eq,1,meditation_bench,low; eq,1,meditation_bench,cedar; eq,1,altar_table,bamboo; eq,1,shoji_screen,tall","eq,1,behind,0,meditation_bench,shoji_screen","eq,1,center,meditation_bench,room; eq,1,against,altar_table,wall",easy,single_room
199,"A tidy professional office with a large wooden desk facing a black leather swivel chair, a tall metal filing cabinet placed against the back wall, and a floor-to-ceiling bookshelf standing next to the cabinet.","eq,1,desk; eq,1,chair; eq,1,filing_cabinet; eq,1,bookshelf","eq,1,desk,wooden; eq,1,desk,large; eq,1,chair,black; eq,1,chair,leather; eq,1,chair,swivel; eq,1,filing_cabinet,tall; eq,1,filing_cabinet,metal; eq,1,bookshelf,floor_to_ceiling","eq,1,face,0,desk,chair; eq,1,next_to,0,filing_cabinet,bookshelf","eq,1,against,filing_cabinet,wall",easy,single_room
200,Sunlit office featuring a sleek glass desk flanked by two walnut chairs and a tall oak credenza positioned against the back wall.,"eq,1,desk; eq,2,chair; eq,1,credenza","eq,1,desk,glass; eq,1,desk,sleek; eq,2,chair,walnut; eq,1,credenza,oak; eq,1,credenza,tall","eq,2,next,0,desk,chair","eq,1,against,credenza,wall",easy,single_room
201,"Sunlit office centered around a dark brown L-shaped desk with a black mesh task chair positioned next to it, a gray metal filing cabinet on the left of the desk, and a natural oak sideboard placed in the far corner.","eq,1,desk; eq,1,chair; eq,1,filing_cabinet; eq,1,sideboard","eq,1,desk,dark_brown; eq,1,desk,l_shaped; eq,1,chair,black; eq,1,chair,mesh; eq,1,chair,task; eq,1,filing_cabinet,gray; eq,1,filing_cabinet,metal; eq,1,sideboard,natural; eq,1,sideboard,oak","eq,1,next,0,desk,chair; eq,1,left,0,desk,filing_cabinet","eq,1,middle,desk,room; eq,1,corner,sideboard,room",easy,single_room
202,"Bright executive office with a walnut desk at the center, a black leather task chair positioned facing the desk, a round glass coffee table placed nearby the desk, and a taupe velvet armchair set beside the coffee table.","eq,1,desk; eq,1,chair; eq,1,coffee_table; eq,1,armchair","eq,1,desk,walnut; eq,1,chair,black; eq,1,chair,leather; eq,1,chair,task; eq,1,coffee_table,round; eq,1,coffee_table,glass; eq,1,armchair,taupe; eq,1,armchair,velvet","eq,1,face,0,desk,chair; eq,1,near,0,desk,coffee_table; eq,1,next,0,coffee_table,armchair","eq,1,middle,desk,room",easy,single_room
203,"Sunlit office showcasing a sleek white desk centered in the room, a charcoal ergonomic chair pulled over beside a tall walnut bookshelf, and a large green potted plant standing by the door.","eq,1,desk; eq,1,chair; eq,1,bookshelf; eq,1,potted_plant","eq,1,desk,white; eq,1,desk,sleek; eq,1,chair,charcoal; eq,1,chair,ergonomic; eq,1,bookshelf,tall; eq,1,bookshelf,walnut; eq,1,potted_plant,large; eq,1,potted_plant,green","eq,1,next,0,bookshelf,chair","eq,1,middle,desk,room; eq,1,next,potted_plant,door",easy,single_room
204,"Sunlit office anchored by a mid-century modern walnut desk centered in the room, a cream leather swivel chair placed facing it, a towering sisal-wrapped cat tree standing next to the window, and a distressed pine sideboard positioned against the far wall.","eq,1,desk; eq,1,chair; eq,1,cat_tree; eq,1,sideboard","eq,1,desk,mid_century_modern; eq,1,desk,walnut; eq,1,chair,cream; eq,1,chair,leather; eq,1,chair,swivel; eq,1,cat_tree,towering; eq,1,cat_tree,sisal_wrapped; eq,1,sideboard,distressed; eq,1,sideboard,pine","eq,1,face,0,desk,chair","eq,1,middle,desk,room; eq,1,near,cat_tree,window; eq,1,against,sideboard,wall",easy,single_room
205,"Returning from a morning sprint, the CEO's sunlit office features a sleek steel desk centered in the room, a black leather swivel chair placed facing it, a heavy duty treadmill set beside the desk near the window, and a glass front trophy cabinet resting against the back wall.","eq,1,desk; eq,1,chair; eq,1,treadmill; eq,1,trophy_cabinet","eq,1,desk,steel; eq,1,desk,sleek; eq,1,chair,black; eq,1,chair,leather; eq,1,chair,swivel; eq,1,treadmill,heavy_duty; eq,1,trophy_cabinet,glass_front","eq,1,face,0,desk,chair; eq,1,next,0,desk,treadmill","eq,1,middle,desk,room; eq,1,near,treadmill,window; eq,1,against,trophy_cabinet,wall",easy,single_room
206,"After a morning character sketch session, the anime company CEO's sunlit office features a tempered glass drafting table centered in the space, a pastel pink ergonomic swivel chair facing the table, a vibrant red lacquered storage credenza placed against the back wall, and a cherry wood easel standing next to the window.","eq,1,drafting_table; eq,1,chair; eq,1,credenza; eq,1,easel","eq,1,drafting_table,tempered_glass; eq,1,chair,pastel_pink; eq,1,chair,ergonomic; eq,1,chair,swivel; eq,1,credenza,vibrant; eq,1,credenza,red; eq,1,credenza,lacquered; eq,1,credenza,storage; eq,1,easel,cherry_wood","eq,1,facing,0,drafting_table,chair","eq,1,middle,drafting_table,room; eq,1,against,credenza,wall; eq,1,near,easel,window",easy,single_room
207,"After finalizing the new sedan design, the chairman's sunlit office boasts a curved glass desk centered in the room, a caramel leather executive swivel chair pulled up to the desk, a tall black steel display cabinet against the back wall, and a deep blue tufted leather sofa placed beside the desk.","eq,1,desk; eq,1,chair; eq,1,display_cabinet; eq,1,sofa","eq,1,desk,curved; eq,1,desk,glass; eq,1,chair,caramel; eq,1,chair,leather; eq,1,chair,executive; eq,1,chair,swivel; eq,1,display_cabinet,tall; eq,1,display_cabinet,black; eq,1,display_cabinet,steel; eq,1,sofa,deep_blue; eq,1,sofa,tufted; eq,1,sofa,leather","eq,1,next,0,desk,chair; eq,1,next,0,desk,sofa","eq,1,middle,desk,room; eq,1,against,display_cabinet,wall",easy,single_room
208,"Fresh from a video conference, the Turing award CS professor's bright office showcases a slate gray adjustable standing desk centered in the room with no chair, a towering mahogany bookcase beside the window, and a brushed steel trophy display case against the far wall highlighting his achievements.","eq,1,standing_desk; eq,1,bookcase; eq,1,trophy_display_case; eq,0,chair","eq,1,standing_desk,slate_gray; eq,1,standing_desk,adjustable; eq,1,bookcase,towering; eq,1,bookcase,mahogany; eq,1,trophy_display_case,brushed_steel",,"eq,1,middle,standing_desk,room; eq,1,near,bookcase,window; eq,1,against,trophy_display_case,wall",easy,single_room
209,"After setting aside his overnight reactions, the Nobel Prize chemist's office features an epoxy-topped lab bench centered in the room, a chrome laboratory stool positioned next to it, a tall glass reagent cabinet standing next to the bench, and a white ducted fume hood positioned near the door.","eq,1,lab_bench; eq,1,stool; eq,1,reagent_cabinet; eq,1,fume_hood","eq,1,lab_bench,epoxy_topped; eq,1,stool,chrome; eq,1,stool,laboratory; eq,1,reagent_cabinet,tall; eq,1,reagent_cabinet,glass; eq,1,fume_hood,white; eq,1,fume_hood,ducted","eq,1,next,0,lab_bench,stool; eq,1,next,0,lab_bench,reagent_cabinet","eq,1,middle,lab_bench,room; eq,1,near,fume_hood,door",easy,single_room
210,"A mid-century modern bedroom with a queen bed against the back wall, two nightstands flanking the bed, a wooden dresser under a round mirror, and a small potted plant sitting on a nightstand.","eq,1,bed; eq,2,nightstand; eq,1,dresser; eq,1,mirror; eq,1,potted_plant","eq,1,bed,queen; eq,1,dresser,wooden; eq,1,mirror,round; eq,1,potted_plant,small","eq,1,left,0,bed,nightstand; eq,1,right,0,bed,nightstand; eq,1,on,0,nightstand,potted_plant; eq,1,under,0,mirror,dresser","eq,1,against,bed,wall; eq,1,on,mirror,wall",medium,single_room
211,"An industrial loft bedroom featuring a king size platform bed, a metal wardrobe beside it, a writing desk with a matching chair, and a desk lamp placed on the desk.","eq,1,bed; eq,1,wardrobe; eq,1,desk; eq,1,chair; eq,1,desk_lamp","eq,1,bed,king_size; eq,1,bed,platform; eq,1,wardrobe,metal; eq,1,desk,writing; eq,1,chair,writing","eq,1,next,0,bed,wardrobe; eq,1,next,0,desk,chair; eq,1,on,0,desk,desk_lamp",,medium,single_room
212,"Cozy cottage style quarters with a twin bed against the wall, a wicker nightstand next to the pillow, a small bookshelf holding one book, and a bedside lamp atop the nightstand.","eq,1,bed; eq,1,nightstand; eq,1,bookshelf; eq,1,book; eq,1,bedside_lamp; eq,1,pillow","eq,1,bed,twin; eq,1,nightstand,wicker; eq,1,bookshelf,small","eq,1,next,0,pillow,nightstand; eq,1,inside,0,bookshelf,book; eq,1,on,0,nightstand,bedside_lamp","eq,1,against,bed,wall",medium,single_room
213,"Minimalist retreat with a low profile double bed, a simple bench at the foot of the bed, a floating shelf on the wall bearing an alarm clock, and a potted cactus nearby.","eq,1,bed; eq,1,bench; eq,1,shelf; eq,1,alarm_clock; eq,1,cactus","eq,1,bed,double; eq,1,bed,low_profile; eq,1,bench,simple; eq,1,shelf,floating; eq,1,cactus,potted","eq,1,foot,0,bed,bench; eq,1,on,0,shelf,alarm_clock; eq,1,near,0,shelf,cactus","eq,1,on,shelf,wall",medium,single_room
214,"Bohemian suite showcasing a four-poster bed draped in fabrics, a vintage dresser across from it, a tall floor mirror leaning on the wall, two floor cushions at the foot of the bed, and a macrame pendant lamp above the bed.","eq,1,bed; eq,1,dresser; eq,1,floor_mirror; eq,2,floor_cushion; eq,1,pendant_lamp","eq,1,bed,four_poster; eq,1,bed,draped_in_fabrics; eq,1,dresser,vintage; eq,1,floor_mirror,tall; eq,1,pendant_lamp,macrame","eq,1,across,0,bed,dresser; eq,2,foot,0,bed,floor_cushion; eq,1,above,0,bed,pendant_lamp","eq,1,leaning,floor_mirror,wall; eq,1,hang,pendant_lamp,ceiling",medium,single_room
215,"Scandinavian inspired bedroom with a single bed, a white bedside table next to it holding a digital alarm clock and a sleek table lamp, and a tall wardrobe in the corner.","eq,1,bed; eq,1,bedside_table; eq,1,alarm_clock; eq,1,table_lamp; eq,1,wardrobe","eq,1,bed,single; eq,1,bedside_table,white; eq,1,alarm_clock,digital; eq,1,table_lamp,sleek; eq,1,wardrobe,tall","eq,1,next,0,bed,bedside_table; eq,1,on,0,bedside_table,alarm_clock; eq,1,on,0,bedside_table,table_lamp","eq,1,corner,wardrobe,room",medium,single_room
216,"Rustic chamber with a queen bed, a wooden chest at the bed's foot, a writing desk paired with a matching chair, a stack of two books on the desk, and a mason jar of flowers perched on the chest.","eq,1,bed; eq,1,chest; eq,1,desk; eq,1,chair; eq,2,book; eq,1,jar_of_flowers","eq,1,bed,queen; eq,1,chest,wooden; eq,1,desk,writing; eq,1,chair,writing; eq,1,jar_of_flowers,mason","eq,1,foot,0,bed,chest; eq,1,next,0,desk,chair; eq,2,on,0,desk,book; eq,1,on,0,chest,jar_of_flowers",,medium,single_room
217,"Modern loft bedroom containing a king bed with built-in drawers, two round bedside stools, a wall-mounted bookshelf with one book, and a small desk lamp on a stool.","eq,1,bed; eq,2,stool; eq,1,bookshelf; eq,1,book; eq,1,desk_lamp","eq,1,bed,king; eq,1,bed,built_in_drawers; eq,2,stool,bedside; eq,2,stool,round; eq,1,bookshelf,wall_mounted; eq,1,desk_lamp,small","eq,2,beside,0,bed,stool; eq,1,inside,0,bookshelf,book; eq,1,on,0,stool,desk_lamp","eq,1,on,bookshelf,wall",medium,single_room
218,"Eclectic suite featuring a four-poster canopy bed, a tall open wardrobe near the corner, a vanity table with mirror, a simple stool, and a scented candle sitting on the vanity.","eq,1,bed; eq,1,wardrobe; eq,1,vanity_table; eq,1,mirror; eq,1,stool; eq,1,candle","eq,1,bed,four_poster; eq,1,bed,canopy; eq,1,wardrobe,tall; eq,1,wardrobe,open; eq,1,stool,simple; eq,1,candle,scented","eq,1,on,0,vanity_table,mirror; eq,1,next,0,vanity_table,stool; eq,1,on,0,vanity_table,candle","eq,1,corner,wardrobe,room",medium,single_room
219,"Urban loft bedroom with a futon sofa bed against the wall, a sleek nightstand holding a ceramic vase, a minimalist floor lamp next to the sofa, and two magazines on the nightstand.","eq,1,sofa_bed; eq,1,nightstand; eq,1,vase; eq,1,floor_lamp; eq,2,magazine","eq,1,sofa_bed,futon; eq,1,nightstand,sleek; eq,1,vase,ceramic; eq,1,floor_lamp,minimalist","eq,1,on,0,nightstand,vase; eq,2,on,0,nightstand,magazine; eq,1,next,0,sofa_bed,floor_lamp","eq,1,against,sofa_bed,wall",medium,single_room
220,"A sleek modern bedroom features a queen bed with a tufted headboard, two floating nightstands, a low dresser against the opposite wall, and a bookshelf. A ceramic table lamp and a small potted succulent rest on the nightstands, while a digital alarm clock rest on the dresser.","eq,1,bed; eq,2,nightstand; eq,1,dresser; eq,1,bookshelf; eq,1,table_lamp; eq,1,potted_succulent; eq,1,alarm_clock","eq,1,bed,queen; eq,1,bed,tufted_headboard; eq,2,nightstand,floating; eq,1,dresser,low; eq,1,table_lamp,ceramic; eq,1,potted_succulent,small; eq,1,alarm_clock,digital","eq,1,opposite,0,bed,dresser; eq,1,on,0,nightstand,table_lamp; eq,1,on,0,nightstand,potted_succulent; eq,1,on,0,dresser,alarm_clock","eq,1,against,dresser,wall",medium,single_room
221,"In a cozy bohemian bedroom, a twin bed with a rattan bench at its foot sits alongside a floating shelf and a sliding-door wardrobe. A scented candle, a paperback book, and a woven pendant lamp complete the ensemble.","eq,1,bed; eq,1,bench; eq,1,shelf; eq,1,wardrobe; eq,1,candle; eq,1,book; eq,1,pendant_lamp","eq,1,bed,twin; eq,1,bench,rattan; eq,1,shelf,floating; eq,1,wardrobe,sliding_door; eq,1,candle,scented; eq,1,book,paperback; eq,1,pendant_lamp,woven","eq,1,foot,0,bed,bench; eq,1,next,0,bed,shelf; eq,1,next,0,bed,wardrobe","eq,1,on,shelf,wall; eq,1,hang,pendant_lamp,ceiling",medium,single_room
222,"Minimalist quarters include a futon sofa bed facing a simple writing desk and an armless chair, complemented by a slim tall dresser. A few magazines, a gilt desk lamp, and a geometric throw pillow add finishing touches.","eq,1,sofa_bed; eq,1,desk; eq,1,chair; eq,1,dresser; ge,3,magazine; eq,1,desk_lamp; eq,1,pillow","eq,1,sofa_bed,futon; eq,1,desk,writing; eq,1,desk,simple; eq,1,chair,armless; eq,1,dresser,slim; eq,1,dresser,tall; eq,1,desk_lamp,gilt; eq,1,pillow,geometric; eq,1,pillow,throw","eq,1,facing,0,desk,sofa_bed; eq,1,next,0,desk,chair",,medium,single_room
223,"A Scandinavian retreat showcases a daybed against a wall, a floating side table, and a woven storage chest. On the side table sits a digital alarm clock, a folded wool blanket, and a small ceramic vase.","eq,1,daybed; eq,1,side_table; eq,1,chest; eq,1,alarm_clock; eq,1,blanket; eq,1,vase","eq,1,side_table,floating; eq,1,chest,woven; eq,1,alarm_clock,digital; eq,1,blanket,wool; eq,1,blanket,folded; eq,1,vase,ceramic; eq,1,vase,small","eq,1,on,0,side_table,alarm_clock; eq,1,on,0,side_table,blanket; eq,1,on,0,side_table,vase","eq,1,against,daybed,wall",medium,single_room
224,"Rustic charm emerges with a four-poster bed draped in linen, a reclaimed wood writing desk, a backless stool, and an armoire by the corner. A glass vase and a beeswax candle sit atop the desk with a leather-bound journal on the stool.","eq,1,bed; eq,1,desk; eq,1,stool; eq,1,armoire; eq,1,vase; eq,1,candle; eq,1,journal","eq,1,bed,four_poster; eq,1,bed,linen_draped; eq,1,desk,reclaimed_wood; eq,1,desk,writing; eq,1,stool,backless; eq,1,vase,glass; eq,1,candle,beeswax; eq,1,journal,leather_bound","eq,1,on,0,desk,vase; eq,1,on,0,desk,candle; eq,1,on,0,stool,journal","eq,1,corner,armoire,room",medium,single_room
225,"Contemporary bedroom features a king bed with a tufted headboard against a smooth plaster wall, a floating nightstand beside it, a sleek metal desk under a wide window paired with an ergonomic chair, and a walnut dresser across the room. On the desk a silver laptop sits to the left of a ceramic coffee mug that rests on a leather-bound notebook.","eq,1,bed; eq,1,nightstand; eq,1,desk; eq,1,chair; eq,1,dresser; eq,1,laptop; eq,1,mug; eq,1,notebook","eq,1,bed,king; eq,1,bed,tufted_headboard; eq,1,nightstand,floating; eq,1,desk,sleek; eq,1,desk,metal; eq,1,chair,ergonomic; eq,1,dresser,walnut; eq,1,laptop,silver; eq,1,mug,ceramic; eq,1,notebook,leather_bound","eq,1,next,0,bed,nightstand; eq,1,next,0,desk,chair; eq,1,on,0,desk,laptop; eq,1,on,0,desk,notebook; eq,1,on,0,notebook,mug; eq,1,left,0,mug,laptop; eq,1,across,0,desk,dresser","eq,1,against,bed,wall; eq,1,under,desk,window",medium,single_room
226,"Contemporary living room with a grey sectional sofa facing a low-profile wooden coffee table, a tripod floor lamp standing beside the sofa, a patterned area rug beneath the table, and a slim metal bookshelf against the opposite wall.","eq,1,sofa; eq,1,coffee_table; eq,1,floor_lamp; eq,1,area_rug; eq,1,bookshelf","eq,1,sofa,grey; eq,1,coffee_table,wooden; eq,1,coffee_table,low_profile; eq,1,floor_lamp,tripod; eq,1,area_rug,patterned; eq,1,bookshelf,metal; eq,1,bookshelf,slim; eq,1,sofa,sectional","eq,1,facing,0,coffee_table,sofa; eq,1,next,0,sofa,floor_lamp; eq,1,under,0,coffee_table,area_rug; eq,1,opposite,0,sofa,bookshelf","eq,1,against,bookshelf,wall",medium,single_room
227,"Bright living room showcasing two mid-century armchairs positioned near a glass-top coffee table, a walnut TV stand beneath a wall-mounted flat screen TV, and a ceramic vase displayed on the table.","eq,2,armchair; eq,1,coffee_table; eq,1,TV_stand; eq,1,TV; eq,1,vase","eq,2,armchair,mid_century; eq,1,coffee_table,glass_top; eq,1,TV_stand,walnut; eq,1,TV,wall_mounted; eq,1,vase,ceramic; eq,1,TV,flat_screen","eq,2,near,0,coffee_table,armchair; eq,1,beneath,0,TV,TV_stand; eq,1,on,0,coffee_table,vase","eq,1,on,TV,wall",medium,single_room
228,"Cozy lounge area with a leather recliner next to a round wooden side table, a marble-top coffee table in front of a velvet sofa, and a potted fiddle leaf fig on the side table.","eq,1,recliner; eq,1,side_table; eq,1,coffee_table; eq,1,sofa; eq,1,potted_plant","eq,1,recliner,leather; eq,1,side_table,round; eq,1,side_table,wooden; eq,1,coffee_table,marble_top; eq,1,sofa,velvet; eq,1,potted_plant,fiddle_leaf_fig","eq,1,next,0,recliner,side_table; eq,1,front,0,sofa,coffee_table; eq,1,on,0,side_table,potted_plant",,medium,single_room
229,"Spacious living room arranged around a rectangular oak coffee table surrounded by a tufted sofa and two ottomans, while a tripod floor lamp illuminates one corner and two books rests on the table.","eq,1,coffee_table; eq,1,sofa; eq,2,ottoman; eq,1,floor_lamp; eq,2,book","eq,1,coffee_table,oak; eq,1,coffee_table,rectangular; eq,1,sofa,tufted; eq,1,floor_lamp,tripod","eq,1,surround,0,coffee_table,sofa,ottoman:0,ottoman:1; eq,2,on,0,coffee_table,book","eq,1,corner,floor_lamp,room",medium,single_room
230,"Sunlit living space with a modular sectional sofa facing a live-edge wood coffee table, a brass arc floor lamp arching near the seating area, and two decorative throw pillows on the sofa.","eq,1,sofa; eq,1,coffee_table; eq,1,floor_lamp; eq,2,throw_pillow","eq,1,sofa,modular; eq,1,coffee_table,live_edge; eq,1,coffee_table,wood; eq,1,floor_lamp,brass; eq,1,floor_lamp,arc; eq,2,throw_pillow,decorative; eq,1,sofa,sectional","eq,1,facing,0,coffee_table,sofa; eq,1,near,0,sofa,floor_lamp; eq,2,on,0,sofa,throw_pillow",,medium,single_room
231,"Modern living room centered around a black marble coffee table on which sits a sculptural ceramic bowl, an white lounge chair beside the table, a minimalist TV console against the wall, and a table lamp on the console.","eq,1,coffee_table; eq,1,bowl; eq,1,lounge_chair; eq,1,TV_console; eq,1,table_lamp","eq,1,coffee_table,black; eq,1,coffee_table,marble; eq,1,bowl,ceramic; eq,1,bowl,sculptural; eq,1,lounge_chair,white; eq,1,TV_console,minimalist","eq,1,on,0,coffee_table,bowl; eq,1,next,0,coffee_table,lounge_chair; eq,1,on,0,TV_console,table_lamp","eq,1,center,coffee_table,room; eq,1,against,TV_console,wall",medium,single_room
232,"Family living room featuring a plush sectional sofa separated by a low rattan coffee table, two folding poufs tucked under a bookshelf, and a collection of framed photos on the shelf.","eq,1,sofa; eq,1,coffee_table; eq,2,pouf; eq,1,bookshelf; ge,2,photo_frame","eq,1,sofa,plush; eq,1,coffee_table,rattan; eq,1,coffee_table,low; eq,2,pouf,folding; eq,1,sofa,sectional","eq,1,front,0,sofa,coffee_table; eq,2,under_region,0,bookshelf,pouf; ge,2,inside,0,bookshelf,photo_frame",,medium,single_room
233,"Stylish lounge with a velvet loveseat facing a round marble coffee table, a tripod floor lamp standing beside a leather pouf, and some magazines nestled on the table.","eq,1,loveseat; eq,1,coffee_table; eq,1,floor_lamp; eq,1,pouf; ge,2,magazine","eq,1,loveseat,velvet; eq,1,coffee_table,marble; eq,1,coffee_table,round; eq,1,floor_lamp,tripod; eq,1,pouf,leather","eq,1,facing,0,coffee_table,loveseat; eq,1,next,0,pouf,floor_lamp; ge,2,on,0,coffee_table,magazine",,medium,single_room
234,"Scandinavian living room with two navy blue armchairs facing a round oak coffee table set in front of a large window, a dove gray sofa positioned against the opposite wall, a minimalist white side table beside the sofa holding a ceramic mug, and a tripod floor lamp standing near the window.","eq,2,armchair; eq,1,coffee_table; eq,1,sofa; eq,1,side_table; eq,1,floor_lamp; eq,1,mug","eq,2,armchair,navy_blue; eq,1,coffee_table,round; eq,1,coffee_table,oak; eq,1,sofa,dove_gray; eq,1,side_table,white; eq,1,side_table,minimalist; eq,1,floor_lamp,tripod; eq,1,mug,ceramic","eq,2,facing,0,coffee_table,armchair; eq,1,next,0,sofa,side_table; eq,1,on,0,side_table,mug; eq,1,opposite,0,coffee_table,sofa","eq,1,in_front,coffee_table,window; eq,1,against,sofa,wall; eq,1,near,floor_lamp,window",medium,single_room
235,"Bohemian living room featuring a rattan chaise lounge placed beneath a bay window, a round jute pouf at the foot of the chaise, a live-edge teak coffee table next to the chaise and a woven leather armchair, a slim console table located adjacent to the entrance door, and a slender table lamp sitting on the console.","eq,1,chaise_lounge; eq,1,pouf; eq,1,coffee_table; eq,1,armchair; eq,1,console_table; eq,1,table_lamp","eq,1,chaise_lounge,rattan; eq,1,pouf,round; eq,1,pouf,jute; eq,1,coffee_table,live_edge; eq,1,coffee_table,teak; eq,1,armchair,leather; eq,1,armchair,woven; eq,1,console_table,slim; eq,1,table_lamp,slender","eq,1,foot,0,chaise_lounge,pouf; eq,1,next,0,coffee_table,chaise_lounge; eq,1,next,0,coffee_table,armchair; eq,1,on,0,console_table,table_lamp","eq,1,under,chaise_lounge,window; eq,1,next,console_table,door",medium,single_room
236,"Sunlit living room with a charcoal leather sofa facing a walnut coffee table placed in front of a window, with two rattan armchairs nearby, a low-profile TV stand under the window, a tripod floor lamp beside the sofa, and two hardcover books on the coffee table.","eq,1,sofa; eq,1,coffee_table; eq,2,armchair; eq,1,TV_stand; eq,1,floor_lamp; eq,2,book","eq,1,sofa,charcoal; eq,1,sofa,leather; eq,1,coffee_table,walnut; eq,1,TV_stand,low_profile; eq,2,armchair,rattan; eq,1,floor_lamp,tripod; eq,2,book,hardcover","eq,1,facing,0,coffee_table,sofa; eq,2,near,0,coffee_table,armchair; eq,1,next,0,sofa,floor_lamp; eq,2,on,0,coffee_table,book","eq,1,in_front,coffee_table,window; eq,1,under,TV_stand,window",medium,single_room
237,"A living room with a modern gray sofa facing a round wooden coffee table. An armchair sits next to the window and a tall bookshelf stands beside the door. A throw pillow rests on the sofa, a floor lamp stands behind the armchair, a small ceramic vase is placed on the coffee table, and a novel lies on a lower shelf of the bookshelf.","eq,1,sofa; eq,1,coffee_table; eq,1,armchair; eq,1,bookshelf; eq,1,throw_pillow; eq,1,floor_lamp; eq,1,vase; eq,1,novel","eq,1,sofa,modern; eq,1,sofa,gray; eq,1,coffee_table,round; eq,1,coffee_table,wooden; eq,1,bookshelf,tall; eq,1,vase,small; eq,1,vase,ceramic","eq,1,facing,0,coffee_table,sofa; eq,1,on,0,sofa,throw_pillow; eq,1,behind,0,armchair,floor_lamp; eq,1,on,0,coffee_table,vase; eq,1,bottom_region,0,bookshelf,novel","eq,1,next,armchair,window; eq,1,next,bookshelf,door",medium,single_room
238,"In a cozy living room, a leather sofa and a glass coffee table occupy the center. Two armchairs flank the sofa, one of them near the window and the other close to the door. A brass floor lamp stands behind one armchair, a colorful throw pillow rests on one armchair, a scented candle sits on the coffee table, and a paperback novel lies on the sofa.","eq,1,sofa; eq,1,coffee_table; eq,2,armchair; eq,1,floor_lamp; eq,1,throw_pillow; eq,1,candle; eq,1,novel","eq,1,sofa,leather; eq,1,coffee_table,glass; eq,1,floor_lamp,brass; eq,1,throw_pillow,colorful; eq,1,candle,scented; eq,1,novel,paperback","eq,1,left,0,sofa,armchair; eq,1,behind,0,armchair,floor_lamp; eq,1,on,0,armchair,throw_pillow; eq,1,on,0,coffee_table,candle; eq,1,on,0,sofa,novel; eq,1,right,0,sofa,armchair","eq,1,center,sofa,room; eq,1,center,coffee_table,room; eq,1,near,armchair,window; eq,1,near,armchair,door",medium,single_room
239,"Centered under the window, a plush sectional sofa faces a walnut coffee table. A minimalist sideboard stands against the opposite wall, with a reading chair placed beside the door. A cozy throw pillow is on the sectional, a tall reading lamp stands next to the chair, a glass vase holding dried flowers sits on the sideboard, and a hardcover book rests on the coffee table.","eq,1,sofa; eq,1,coffee_table; eq,1,sideboard; eq,1,reading_chair; eq,1,throw_pillow; eq,1,reading_lamp; eq,1,vase; eq,1,book","eq,1,sofa,plush; eq,1,coffee_table,walnut; eq,1,sideboard,minimalist; eq,1,throw_pillow,cozy; eq,1,reading_lamp,tall; eq,1,vase,glass; eq,1,book,hardcover; eq,1,sofa,sectional; eq1,1,vase,holding_dried_flowers","eq,1,facing,0,coffee_table,sofa; eq,1,on,0,sofa,throw_pillow; eq,1,next_to,0,reading_chair,reading_lamp; eq,1,on,0,sideboard,vase; eq,1,on,0,coffee_table,book; eq,1,opposite,0,sofa,sideboard","eq,1,under,sofa,window; eq,1,against,sideboard,wall; eq,1,next_to,reading_chair,door",medium,single_room
240,"A bright living room features an L-shaped sofa with a rectangular coffee table in front. The sofa extends to the wall beneath a window. A single armchair is positioned near the door, and a slim bookshelf stands in the corner. On the coffee table sits a decorative vase, a magazine lies open on the sofa, a floor lamp stands beside the armchair, and a small potted plant rests on one of the bookshelf shelves.","eq,1,sofa; eq,1,coffee_table; eq,1,armchair; eq,1,bookshelf; eq,1,vase; eq,1,magazine; eq,1,floor_lamp; eq,1,potted_plant","eq,1,sofa,l_shaped; eq,1,coffee_table,rectangular; eq,1,bookshelf,slim; eq,1,vase,decorative; eq,1,magazine,open; eq,1,potted_plant,small","eq,1,front,0,sofa,coffee_table; eq,1,on,0,coffee_table,vase; eq,1,on,0,sofa,magazine; eq,1,next_to,0,armchair,floor_lamp; eq,1,inside,0,bookshelf,potted_plant","eq,1,near,sofa,wall; eq,1,under,sofa,window; eq,1,near,armchair,door; eq,1,corner,bookshelf,room",medium,single_room
241,"An elegant living room contains a velvet sofa facing a marble-top coffee table. A lounge chair sits adjacent to the window, and a tall media console rests against the wall near the door. A silk throw pillow adorns the sofa, a tripod floor lamp stands beside the lounge chair, a crystal vase with fresh flowers sits on the coffee table, and a paperback novel lies on the console.","eq,1,sofa; eq,1,coffee_table; eq,1,lounge_chair; eq,1,media_console; eq,1,throw_pillow; eq,1,floor_lamp; eq,1,vase; eq,1,novel","eq,1,sofa,velvet; eq,1,coffee_table,marble_top; eq,1,media_console,tall; eq,1,throw_pillow,silk; eq,1,floor_lamp,tripod; eq,1,vase,crystal; eq,1,vase,with_fresh_flowers; eq,1,novel,paperback","eq,1,facing,0,coffee_table,sofa; eq,1,on,0,sofa,throw_pillow; eq,1,beside,0,lounge_chair,floor_lamp; eq,1,on,0,coffee_table,vase; eq,1,on,0,media_console,novel","eq,1,adjacent,lounge_chair,window; eq,1,against,media_console,wall; eq,1,near,media_console,door",medium,single_room
242,"A warm dining room features a round oak table surrounded by four brown chairs. A rustic sideboard stands against the wall, displaying a ceramic vase filled with seasonal flowers and a fruit bowl at its center.","eq,1,table; eq,4,chair; eq,1,sideboard; eq,1,vase; eq,1,fruit_bowl","eq,1,table,round; eq,1,table,oak; eq,4,chair,brown; eq,1,sideboard,rustic; eq,1,vase,ceramic; eq,1,vase,with_seasonal_flowers","eq,4,surround,0,table,chair:0,chair:1,chair:2,chair:3; eq,1,on,0,sideboard,vase; eq,1,on,0,sideboard,fruit_bowl; eq,1,middle_of,0,sideboard,fruit_bowl","eq,1,against,sideboard,wall",medium,single_room
243,"Sunlight spills over a rectangular glass table with six minimalist metal chairs on the long sides, with a small potted fern resting in the center.","eq,1,table; eq,6,chair; eq,1,potted_fern","eq,1,table,rectangular; eq,1,table,glass; eq,6,chair,minimalist; eq,6,chair,metal; eq,1,potted_fern,small","eq,6,long_side,0,table,chair; eq,1,center_of,0,table,potted_fern; eq,1,on,0,table,potted_fern",,medium,single_room
244,"A rectangular wooden dining table centered in the room with four upholstered chairs on its long sides, a crystal chandelier hanging overhead, a small vase of fresh tulips on the table, and a sideboard positioned against the wall.","eq,1,dining_table; eq,4,chair; eq,1,chandelier; eq,1,vase; eq,1,sideboard","eq,1,dining_table,rectangular; eq,1,dining_table,wooden; eq,4,chair,upholstered; eq,1,chandelier,crystal; eq,1,vase,small; eq,1,vase,with_fresh_tulips","eq,4,long_side,0,dining_table,chair; eq,1,on,0,dining_table,vase","eq,1,center,dining_table,room; eq,1,hang,chandelier,ceiling; eq,1,against,sideboard,wall",medium,single_room
245,"Circular glass table placed in the middle with three modern chairs around it, a minimalist pendant lamp suspended above, a tall buffet cabinet nearby, and a ceramic bowl displayed on the cabinet.","eq,1,table; eq,3,chair; eq,1,pendant_lamp; eq,1,buffet_cabinet; eq,1,bowl","eq,1,table,circular; eq,1,table,glass; eq,3,chair,modern; eq,1,pendant_lamp,minimalist; eq,1,bowl,ceramic; eq,1,buffet_cabinet,tall","eq,1,surround,0,table,chair:0,chair:1,chair:2; eq,1,inside,0,buffet_cabinet,bowl; eq,1,near,0,table,buffet_cabinet","eq,1,middle,table,room; eq,1,hang,pendant_lamp,ceiling",medium,single_room
246,"Golden oak trestle table flanked by two wooden benches, a rustic lantern hanging from the ceiling, and two potted succulents arranged on the tabletop.","eq,1,trestle_table; eq,2,bench; eq,1,lantern; eq,2,succulent","eq,1,trestle_table,golden_oak; eq,2,bench,wooden; eq,1,lantern,rustic; eq,2,succulent,potted","eq,2,next,0,trestle_table,bench; eq,2,on,0,trestle_table,succulent","eq,1,hang,lantern,ceiling",medium,single_room
247,"A marble-topped table surrounded by four velvet chairs, a decorative bowl at its center, and a floor-standing wine rack placed against the wall.","eq,1,table; eq,4,chair; eq,1,bowl; eq,1,wine_rack","eq,1,table,marble_topped; eq,4,chair,velvet; eq,1,bowl,decorative; eq,1,wine_rack,floor_standing","eq,1,surround,0,table,chair:0,chair:1,chair:2,chair:3; eq,1,middle_of,0,table,bowl; eq,1,on,0,table,bowl","eq,1,against,wine_rack,wall",medium,single_room
248,"Farmhouse trestle table beside a window with three wooden chairs, a candlestick holder resting on the table, and a narrow console table lining the opposite wall with a framed print above it.","eq,1,trestle_table; eq,3,chair; eq,1,candlestick_holder; eq,1,console_table; eq,1,framed_print","eq,1,trestle_table,farmhouse; eq,3,chair,wooden; eq,1,console_table,narrow","eq,3,around,0,trestle_table,chair; eq,1,on,0,trestle_table,candlestick_holder; eq,1,on,0,console_table,framed_print; eq,1,opposite,0,trestle_table,console_table","eq,1,next,trestle_table,window; eq,1,against,console_table,wall",medium,single_room
249,"Timeless round oak table accompanied by four slipcovered chairs, a glass decanter placed in the middle, and a tall china cabinet occupying a corner.","eq,1,table; eq,4,chair; eq,1,decanter; eq,1,china_cabinet","eq,1,table,round; eq,1,table,oak; eq,4,chair,slipcovered; eq,1,decanter,glass; eq,1,china_cabinet,tall","eq,4,surround,0,table,chair:0,chair:1,chair:2,chair:3; eq,1,middle_of,0,table,decanter; eq,1,on,0,table,decanter","eq,1,corner,china_cabinet,room",medium,single_room
250,"Under a modern pendant light, a rectangular glass table holds two marble coasters, with four leather chairs bordering its sides.","eq,1,pendant_lamp; eq,1,table; eq,2,coaster; eq,4,chair","eq,1,pendant_lamp,modern; eq,1,table,rectangular; eq,1,table,glass; eq,2,coaster,marble; eq,4,chair,leather","eq,1,under,0,pendant_lamp,table; eq,2,on,0,table,coaster; eq,4,next,0,table,chair","eq,1,hang,pendant_lamp,ceiling",medium,single_room
251,"Mid-century buffet with a polished top supporting a vintage vase and a small set of salt and pepper shakers, while a drop-leaf table with two dining chairs stands nearby.","eq,1,buffet; eq,1,vase; eq,1,salt_and_pepper_shaker; eq,1,table; eq,2,dining_chair","eq,1,buffet,mid_century; eq,1,vase,vintage; eq,1,salt_and_pepper_shaker,small; eq,1,table,drop_leaf","eq,1,on,0,buffet,vase; eq,1,on,0,buffet,salt_and_pepper_shaker; eq,2,next,0,table,dining_chair; eq,1,near,0,buffet,table",,medium,single_room
252,"A sturdy pine trestle table supported by two brown benches, a slim console table lining the opposite wall, and a wrought iron chandelier overhead. On the trestle table rests a ceramic fruit bowl, a small potted fern, and a decorative tray.","eq,1,trestle_table; eq,2,bench; eq,1,console_table; eq,1,chandelier; eq,1,fruit_bowl; eq,1,potted_fern; eq,1,tray","eq,1,trestle_table,pine; eq,1,trestle_table,sturdy; eq,2,bench,brown; eq,1,console_table,slim; eq,1,chandelier,wrought_iron; eq,1,fruit_bowl,ceramic; eq,1,potted_fern,small; eq,1,tray,decorative","eq,2,under_region,0,trestle_table,bench; eq,1,on,0,trestle_table,fruit_bowl; eq,1,on,0,trestle_table,potted_fern; eq,1,on,0,trestle_table,tray; eq,1,opposite,0,trestle_table,console_table","eq,1,against,console_table,wall; eq,1,hang,chandelier,ceiling",medium,single_room
253,"In the center stands a drop leaf table flanked by two leather dining chairs and a tall buffet cabinet nearby. A minimalist pendant lamp hangs above, while a porcelain vase, a salt shaker, and a pepper mill occupy the tabletop.","eq,1,table; eq,2,dining_chair; eq,1,buffet_cabinet; eq,1,pendant_lamp; eq,1,vase; eq,1,salt_shaker; eq,1,pepper_mill","eq,1,table,drop_leaf; eq,2,dining_chair,leather; eq,1,buffet_cabinet,tall; eq,1,pendant_lamp,minimalist; eq,1,vase,porcelain","eq,2,next,0,table,dining_chair; eq,1,near,0,table,buffet_cabinet; eq,1,on,0,table,vase; eq,1,on,0,table,salt_shaker; eq,1,on,0,table,pepper_mill","eq,1,center,table,room; eq,1,hang,pendant_lamp,ceiling",medium,single_room
254,"A round oak table is surrounded by three spindle back chairs. Above hangs a copper lantern, and on the table sit a wooden tray, a taper candle, and a small bowl.","eq,1,table; eq,3,chair; eq,1,lantern; eq,1,tray; eq,1,candle; eq,1,bowl","eq,1,table,round; eq,1,table,oak; eq,3,chair,spindle_back; eq,1,lantern,copper; eq,1,tray,wooden; eq,1,candle,taper; eq,1,bowl,small","eq,3,surround,0,table,chair:0,chair:1,chair:2; eq,1,on,0,table,tray; eq,1,on,0,table,candle; eq,1,on,0,table,bowl; eq,1,above,0,table,lantern","eq,1,hang,lantern,ceiling",medium,single_room
255,"A maple harvest table with two upholstered dining chairs at its ends and a slim sideboard against the wall. On the table a wooden serving tray holds a porcelain butter dish on the tray, a jam jar inside the tray, and a small salt and pepper shaker set beside the tray.","eq,1,harvest_table; eq,2,dining_chair; eq,1,sideboard; eq,1,serving_tray; eq,1,butter_dish; eq,1,jam_jar; eq,1,salt_and_pepper_shaker","eq,1,harvest_table,maple; eq,2,dining_chair,upholstered; eq,1,sideboard,slim; eq,1,serving_tray,wooden; eq,1,butter_dish,porcelain; eq,1,salt_and_pepper_shaker,small","eq,2,short_side,0,harvest_table,dining_chair; eq,1,on,0,harvest_table,serving_tray; eq,1,on,0,serving_tray,butter_dish; eq,1,on,0,serving_tray,jam_jar; eq,1,beside,0,serving_tray,salt_and_pepper_shaker","eq,1,against,sideboard,wall",medium,single_room
256,"A round glass top bistro table paired with two velvet stools and a tall hutch near the back wall. On the tabletop a circular wooden serving platter has a marble cheese board on the platter, with a cheese knife resting on the cheese board and an olive oil decanter standing beside the platter.","eq,1,bistro_table; eq,2,stool; eq,1,hutch; eq,1,serving_platter; eq,1,cheese_board; eq,1,cheese_knife; eq,1,olive_oil_decanter","eq,1,bistro_table,round; eq,1,bistro_table,glass_top; eq,2,stool,velvet; eq,1,hutch,tall; eq,1,serving_platter,circular; eq,1,serving_platter,wooden; eq,1,cheese_board,marble","eq,2,next,0,bistro_table,stool; eq,1,on,0,bistro_table,serving_platter; eq,1,on,0,serving_platter,cheese_board; eq,1,on,0,cheese_board,cheese_knife; eq,1,beside,0,serving_platter,olive_oil_decanter","eq,1,near,hutch,wall",medium,single_room
257,"A rectangular walnut dining table with two mid-century side chairs and a narrow console table opposite. A wooden tray on the tabletop supports a ceramic fruit bowl and a metal candlestick, with a salt cellar placed beside the fruit_bowl.","eq,1,dining_table; eq,2,side_chair; eq,1,console_table; eq,1,tray; eq,1,fruit_bowl; eq,1,candlestick; eq,1,salt_cellar","eq,1,dining_table,rectangular; eq,1,dining_table,walnut; eq,2,side_chair,mid_century; eq,1,console_table,narrow; eq,1,tray,wooden; eq,1,fruit_bowl,ceramic; eq,1,candlestick,metal","eq,2,next,0,dining_table,side_chair; eq,1,opposite,0,dining_table,console_table; eq,1,on,0,dining_table,tray; eq,1,on,0,tray,fruit_bowl; eq,1,on,0,tray,candlestick; eq,1,beside,0,fruit_bowl,salt_cellar",,medium,single_room
258,"An open play tent with fairy lights draped around the entry, a small round table surrounded by three colorful stools, and a teddy bear and a wooden block resting on the tabletop.","eq,1,play_tent; eq,1,table; eq,3,stool; eq,1,teddy_bear; eq,1,wooden_block","eq,1,play_tent,open; eq,1,table,small; eq,1,table,round; eq,3,stool,colorful; eq,1,play_tent,fairy_lights_around_entry","eq,1,surround,0,table,stool:0,stool:1,stool:2; eq,1,on,0,table,teddy_bear; eq,1,on,0,table,wooden_block",,medium,single_room
259,"A low toy chest sits against the wall with two picture books arranged on top and a single plush puppet leaning beside it. In the middle, a child-sized desk faces a matching chair.","eq,1,toy_chest; eq,2,picture_book; eq,1,plush_puppet; eq,1,desk; eq,1,chair","eq,1,toy_chest,low; eq,1,desk,child_sized; eq,1,chair,child_sized","eq,2,on,0,toy_chest,picture_book; eq,1,next,0,toy_chest,plush_puppet; eq,1,facing,0,desk,chair","eq,1,against,toy_chest,wall; eq,1,middle,desk,room",medium,single_room
260,"A corner bookshelf with four open cubbies holds two board games, while a bean bag seat and a standing lamp occupy the opposite corner.","eq,1,bookshelf; eq,2,board_game; eq,1,bean_bag_seat; eq,1,standing_lamp","eq,1,bookshelf,corner; eq,1,bookshelf,with_four_open_cubbies","eq,2,inside,0,bookshelf,board_game; eq,1,across,0,bookshelf,bean_bag_seat; eq,1,across,0,bookshelf,standing_lamp","eq,1,corner,bookshelf,room; eq,1,corner,bean_bag_seat,room; eq,1,corner,standing_lamp,room",medium,single_room
261,"A wooden train table occupies the center holding two train cars, with a plush rocking horse nearby and a floor cushion beside it.","eq,1,train_table; eq,2,train_car; eq,1,rocking_horse; eq,1,floor_cushion","eq,1,train_table,wooden; eq,1,rocking_horse,plush","eq,2,on,0,train_table,train_car; eq,1,near,0,train_table,rocking_horse; eq,1,next,0,train_table,floor_cushion","eq,1,center,train_table,room",medium,single_room
262,"A tall toy shelf on wheels displays a puzzle piece, a dollhouse miniature, and an action figure, while in front a low chalkboard easel stands next to two child-sized chairs.","eq,1,toy_shelf; eq,1,puzzle_piece; eq,1,dollhouse_miniature; eq,1,action_figure; eq,1,chalkboard_easel; eq,2,chair","eq,1,toy_shelf,tall; eq,1,chalkboard_easel,low; eq,2,chair,child_sized; eq,1,toy_shelf,on_wheels","eq,1,inside,0,toy_shelf,puzzle_piece; eq,1,inside,0,toy_shelf,dollhouse_miniature; eq,1,inside,0,toy_shelf,action_figure; eq,1,front,0,toy_shelf,chalkboard_easel; eq,2,next,0,chalkboard_easel,chair",,medium,single_room
263,"A blue play tent positioned near the window, with a small round table holding a plush bunny and surrounded by two wooden stools. A floor cushion rests beside the table, and a jigsaw puzzle lies in front of the door.","eq,1,play_tent; eq,1,table; eq,2,stool; eq,1,plush_bunny; eq,1,floor_cushion; eq,1,jigsaw_puzzle","eq,1,play_tent,blue; eq,1,table,small; eq,1,table,round; eq,2,stool,wooden","eq,1,on,0,table,plush_bunny; eq,2,next,0,table,stool; eq,1,beside,0,table,floor_cushion","eq,1,near,play_tent,window; eq,1,front,jigsaw_puzzle,door",medium,single_room
264,"A low toy chest sits against the wall next to the door, with two picture books on top and a plush elephant inside. Nearby, a child-sized desk is placed under the window facing a matching chair.","eq,1,toy_chest; eq,2,picture_book; eq,1,plush_elephant; eq,1,desk; eq,1,chair","eq,1,toy_chest,low; eq,1,desk,child_sized; eq,1,chair,child_sized","eq,2,on,0,toy_chest,picture_book; eq,1,inside,0,toy_chest,plush_elephant; eq,1,facing,0,desk,chair","eq,1,against,toy_chest,wall; eq,1,next,toy_chest,door; eq,1,under,desk,window",medium,single_room
265,"A low activity table under the window holds a small lamp and a wooden train set. Two floor cushions sit beside the table, and a mini slide is positioned by the door.","eq,1,activity_table; eq,1,lamp; eq,1,train_set; eq,2,floor_cushion; eq,1,slide","eq,1,activity_table,low; eq,1,lamp,small; eq,1,train_set,wooden; eq,1,slide,mini","eq,1,on,0,activity_table,lamp; eq,1,on,0,activity_table,train_set; eq,2,beside,0,activity_table,floor_cushion","eq,1,under,activity_table,window; eq,1,next,slide,door",medium,single_room
266,"A vibrant play rug covers the floor in front of the window, with a toddler chair resting on its edge. A single building block is placed on the rug, and a plush dinosaur and a beach ball lie near the door.","eq,1,play_rug; eq,1,toddler_chair; eq,1,building_block; eq,1,plush_dinosaur; eq,1,beach_ball","eq,1,play_rug,vibrant","eq,1,on,0,play_rug,toddler_chair; eq,1,on,0,play_rug,building_block","eq,1,front,play_rug,window; eq,1,near,plush_dinosaur,door; eq,1,near,beach_ball,door",medium,single_room
267,"A tall toy organizer with cubby holes sits against the wall next to the door, displaying a puzzle cube and an action figure. Under the window, a low chalkboard easel stands with two bean bag chairs beside it.","eq,1,toy_organizer; eq,1,puzzle_cube; eq,1,action_figure; eq,1,chalkboard_easel; eq,2,bean_bag_chair","eq,1,toy_organizer,tall; eq,1,chalkboard_easel,low; eq,1,toy_organizer,with_cubby_holes","eq,1,inside,0,toy_organizer,puzzle_cube; eq,1,inside,0,toy_organizer,action_figure; eq,2,beside,0,chalkboard_easel,bean_bag_chair","eq,1,against,toy_organizer,wall; eq,1,next,toy_organizer,door; eq,1,under,chalkboard_easel,window",medium,single_room
268,"A child-sized desk under the window holds a computer monitor, with a wireless mouse to the right of the monitor and a coffee mug next to a toy car on its surface. A rolling toy bin stands beside the desk, a floor cushion lies nearby, and a low bookshelf sits across from the door.","eq,1,desk; eq,1,computer_monitor; eq,1,mouse; eq,1,coffee_mug; eq,1,toy_car; eq,1,toy_bin; eq,1,floor_cushion; eq,1,bookshelf","eq,1,desk,child_sized; eq,1,mouse,wireless; eq,1,toy_bin,rolling; eq,1,bookshelf,low","eq,1,on,0,desk,computer_monitor; eq,1,right,0,computer_monitor,mouse; eq,1,on,0,desk,coffee_mug; eq,1,on,0,desk,toy_car; eq,1,next,0,coffee_mug,toy_car; eq,1,beside,0,desk,toy_bin; eq,1,near,0,desk,floor_cushion; eq,1,on,0,desk,mouse","eq,1,under,desk,window; eq,1,across,bookshelf,door",medium,single_room
269,"A large bean bag under the window supports an open storybook, a tin of colored pencils, a small night light, and a glass of juice on its edge. A wooden toy chest sits beside the door.","eq,1,bean_bag; eq,1,storybook; eq,1,tin_of_coloured_pencils; eq,1,night_light; eq,1,glass_of_juice; eq,1,toy_chest","eq,1,bean_bag,large; eq,1,storybook,open; eq,1,night_light,small; eq,1,toy_chest,wooden","eq,1,on,0,bean_bag,storybook; eq,1,on,0,bean_bag,tin_of_coloured_pencils; eq,1,on,0,bean_bag,night_light; eq,1,on,0,bean_bag,glass_of_juice","eq,1,under,bean_bag,window; eq,1,beside,toy_chest,door",medium,single_room
270,"A low activity table near the door holds a puzzle board, a paint palette with the paintbrush resting next to it, and a toy train on its surface. Two small stools stand beside the table, and a floor cushion rests under the window.","eq,1,activity_table; eq,1,puzzle_board; eq,1,paint_palette; eq,1,paintbrush; eq,1,toy_train; eq,2,stool; eq,1,floor_cushion","eq,1,activity_table,low; eq,2,stool,small","eq,1,on,0,activity_table,puzzle_board; eq,1,on,0,activity_table,paint_palette; eq,1,next,0,paint_palette,paintbrush; eq,1,on,0,activity_table,toy_train; eq,2,beside,0,activity_table,stool; eq,1,on,0,activity_table,paintbrush","eq,1,near,activity_table,door; eq,1,under,floor_cushion,window",medium,single_room
271,"A low desk under the window holds a drawing pad, with a ruler lying left of the pad and a pencil case resting next to the ruler, plus a pair of scissors on the right. A rolling craft cart stands next to the desk, and a floor cushion lies in front of the door.","eq,1,desk; eq,1,drawing_pad; eq,1,ruler; eq,1,pencil_case; eq,1,scissors; eq,1,craft_cart; eq,1,floor_cushion","eq,1,desk,low; eq,1,craft_cart,rolling","eq,1,on,0,desk,drawing_pad; eq,1,left,0,drawing_pad,ruler; eq,1,next,0,ruler,pencil_case; eq,1,right,0,drawing_pad,scissors; eq,1,next,0,desk,craft_cart; eq,1,on,0,desk,ruler; eq,1,on,0,desk,pencil_case; eq,1,on,0,desk,scissors","eq,1,under,desk,window; eq,1,front,floor_cushion,door",medium,single_room
272,"A tall toy shelf under the window holds three plush teddy bears, and a single teddy bear sits on the lid of a low toy chest beside the door. A floor cushion rests near the chest, and a child-sized armchair stands next to the shelf.","eq,1,toy_shelf; eq,4,teddy_bear; eq,1,toy_chest; eq,1,floor_cushion; eq,1,armchair","eq,1,toy_shelf,tall; eq,4,teddy_bear,plush; eq,1,toy_chest,low; eq,1,armchair,child_sized","eq,3,inside,0,toy_shelf,teddy_bear; eq,1,on,0,toy_chest,teddy_bear; eq,1,beside,0,toy_chest,floor_cushion; eq,1,next_to,0,toy_shelf,armchair","eq,1,under,toy_shelf,window; eq,1,beside,toy_chest,door",medium,single_room
273,"A kotatsu table sits at the room center. On its surface, a plush teddy bear sits at the center with a plush bunny to its right, a plush elephant to its left, and a plush lion on top of the elephant. A rolling toy bin stands near the window, a floor cushion lies in front of the door, and a child-sized armchair is placed beside the table.","eq,1,kotatsu_table; eq,1,toy_bin; eq,1,floor_cushion; eq,1,armchair; eq,1,teddy_bear; eq,1,toy_bunny; eq,1,toy_elephant; eq,1,toy_lion","eq,1,toy_bin,rolling; eq,1,armchair,child_sized; eq,1,teddy_bear,plush; eq,1,toy_bunny,plush; eq,1,toy_elephant,plush; eq,1,toy_lion,plush","eq,1,on,0,kotatsu_table,teddy_bear; eq,1,on,0,kotatsu_table,toy_bunny; eq,1,on,0,kotatsu_table,toy_elephant; eq,1,on,0,toy_elephant,toy_lion; eq,1,center,0,kotatsu_table,teddy_bear; eq,1,right,0,teddy_bear,toy_bunny; eq,1,left,0,teddy_bear,toy_elephant; eq,1,beside,0,kotatsu_table,armchair","eq,1,center,kotatsu_table,room; eq,1,near,toy_bin,window; eq,1,front,floor_cushion,door",medium,single_room
274,"A tempered glass gaming desk supports two curved monitors and a retro console. Near the desk, a high-back racing chair faces a tall shelving unit filled with game cases.","eq,1,gaming_desk; eq,2,monitor; eq,1,console; eq,1,chair; eq,1,shelving_unit; ge,2,game_case","eq,1,gaming_desk,glass; eq,2,monitor,curved; eq,1,console,retro; eq,1,chair,high_back; eq,1,chair,racing; eq,1,shelving_unit,tall","eq,2,on,0,gaming_desk,monitor; eq,1,on,0,gaming_desk,console; eq,1,near,0,gaming_desk,chair; eq,1,facing,0,shelving_unit,chair",,medium,single_room
275,"A wooden TV stand supports a flat screen TV. Above it, a single floating shelf holds a gaming console and a controller. A plush two-seater sofa faces the TV.","eq,1,tv_stand; eq,1,tv; eq,1,shelf; eq,1,gaming_console; eq,1,controller; eq,1,sofa","eq,1,tv_stand,wooden; eq,1,tv,flat_screen; eq,1,shelf,floating; eq,1,sofa,plush; eq,1,sofa,two_seater","eq,1,on,0,tv_stand,tv; eq,1,above,0,tv_stand,shelf; eq,1,on,0,shelf,gaming_console; eq,1,on,0,shelf,controller; eq,1,facing,0,tv,sofa",,medium,single_room
276,A sturdy workstation desk holds two flat monitors and a compact gaming PC tower. A high-back ergonomic chair is facing the desk and a small floor lamp stands nearby.,"eq,1,workstation_desk; eq,2,monitor; eq,1,gaming_PC_tower; eq,1,chair; eq,1,floor_lamp","eq,1,workstation_desk,sturdy; eq,2,monitor,flat; eq,1,gaming_PC_tower,compact; eq,1,chair,high_back; eq,1,chair,ergonomic; eq,1,floor_lamp,small","eq,2,on,0,workstation_desk,monitor; eq,1,on,0,workstation_desk,gaming_PC_tower; eq,1,facing,0,workstation_desk,chair; eq,1,near,0,workstation_desk,floor_lamp",,medium,single_room
277,"A glass console table sits against the back wall with a slim console device on top. A modern TV stand holds a large curved TV and a headset rests on one corner. In front of the stand, a reclining gaming chair is angled towards the screen.","eq,1,console_table; eq,1,console_device; eq,1,tv_stand; eq,1,tv; eq,1,headset; eq,1,chair","eq,1,console_table,glass; eq,1,console_device,slim; eq,1,tv_stand,modern; eq,1,tv,large; eq,1,tv,curved; eq,1,chair,gaming; eq,1,chair,reclining","eq,1,on,0,console_table,console_device; eq,1,on,0,tv_stand,tv; eq,1,on,0,tv_stand,headset; eq,1,front,0,tv_stand,chair; eq,1,facing,0,tv,chair","eq,1,against,console_table,wall",medium,single_room
278,"An L-shaped wooden desk holds two curved monitors and a slim gaming PC tower. A leather racing chair facing the desk. A tall floating shelf rises above, and a bean bag sits next to the shelf.","eq,1,desk; eq,2,monitor; eq,1,gaming_PC_tower; eq,1,chair; eq,1,shelf; eq,1,bean_bag","eq,1,desk,l_shaped; eq,1,desk,wooden; eq,2,monitor,curved; eq,1,gaming_PC_tower,slim; eq,1,chair,leather; eq,1,chair,racing; eq,1,shelf,tall; eq,1,shelf,floating","eq,2,on,0,desk,monitor; eq,1,on,0,desk,gaming_PC_tower; eq,1,facing,0,desk,chair; eq,1,above,0,desk,shelf; eq,1,next_to,0,shelf,bean_bag",,medium,single_room
279,"A compact glass gaming desk supports a single curved monitor and a mini console. In front of the desk, a padded gaming stool is positioned. A low bookshelf stands against the back wall with a small desk lamp on top.","eq,1,desk; eq,1,monitor; eq,1,console; eq,1,stool; eq,1,bookshelf; eq,1,desk_lamp","eq,1,desk,compact; eq,1,desk,glass; eq,1,desk,gaming; eq,1,monitor,curved; eq,1,console,mini; eq,1,stool,padded; eq,1,stool,gaming; eq,1,bookshelf,low; eq,1,desk_lamp,small","eq,1,on,0,desk,monitor; eq,1,on,0,desk,console; eq,1,front,0,desk,stool; eq,1,on,0,bookshelf,desk_lamp","eq,1,against,bookshelf,wall",medium,single_room
280,"A standing-height table holds two flat monitors and a gaming laptop. A swivel office chair faces the setup. Next to the table, a bean bag affords an alternate seating spot.","eq,1,table; eq,2,monitor; eq,1,laptop; eq,1,office_chair; eq,1,bean_bag","eq,1,table,standing_height; eq,2,monitor,flat; eq,1,laptop,gaming; eq,1,office_chair,swivel","eq,2,on,0,table,monitor; eq,1,on,0,table,laptop; eq,1,facing,0,table,office_chair; eq,1,next_to,0,table,bean_bag",,medium,single_room
281,A tempered glass console table stands against the back wall opposite the door. On top sits a slim gaming console and a single flat monitor. An ergonomic chair at the center of the room. A tall bookshelf is positioned next to the window and holds a VR headset.,"eq,1,console_table; eq,1,gaming_console; eq,1,monitor; eq,1,chair; eq,1,bookshelf; eq,1,VR_headset","eq,1,console_table,tempered; eq,1,console_table,glass; eq,1,gaming_console,slim; eq,1,monitor,flat; eq,1,chair,ergonomic; eq,1,bookshelf,tall","eq,1,on,0,console_table,gaming_console; eq,1,on,0,console_table,monitor; eq,1,on,0,bookshelf,VR_headset","eq,1,against,console_table,wall; eq,1,opposite,console_table,door; eq,1,next_to,bookshelf,window; eq,1,center,chair,room",medium,single_room
282,An L-shaped gaming desk sits under the window and holds a single curved monitor and a compact gaming PC. A leather swivel chair sits nearby. A bean bag rests beside the desk and a floor lamp stands next to the bean bag.,"eq,1,desk; eq,1,monitor; eq,1,gaming_PC; eq,1,chair; eq,1,bean_bag; eq,1,floor_lamp","eq,1,desk,l_shaped; eq,1,desk,gaming; eq,1,monitor,curved; eq,1,gaming_PC,compact; eq,1,chair,leather; eq,1,chair,swivel","eq,1,on,0,desk,monitor; eq,1,on,0,desk,gaming_PC; eq,1,next_to,0,desk,bean_bag; eq,1,next_to,0,bean_bag,floor_lamp; eq,1,near,0,desk,chair","eq,1,under,desk,window",medium,single_room
283,"A solid oak TV stand beneath the window supports a large curved screen and a wireless console dock. Facing the screen, an L-shaped leather sofa provides seating. A small side table holds a desk lamp and stands near the door.","eq,1,tv_stand; eq,1,screen; eq,1,console_dock; eq,1,sofa; eq,1,side_table; eq,1,desk_lamp","eq,1,tv_stand,solid; eq,1,tv_stand,oak; eq,1,screen,large; eq,1,screen,curved; eq,1,console_dock,wireless; eq,1,sofa,l_shaped; eq,1,sofa,leather; eq,1,side_table,small","eq,1,on,0,tv_stand,screen; eq,1,on,0,tv_stand,console_dock; eq,1,facing,0,screen,sofa; eq,1,on,0,side_table,desk_lamp","eq,1,under,tv_stand,window; eq,1,near,side_table,door",medium,single_room
284,"An oak gaming desk sits under the window. On its surface a curved monitor is centered, with a mechanical keyboard placed directly in front and a gaming mouse to the right of the keyboard. A desk lamp rests next to the monitor. A mesh ergonomic chair faces the desk. A bean bag sits beside a low shelf against a wall.","eq,1,desk; eq,1,monitor; eq,1,keyboard; eq,1,mouse; eq,1,desk_lamp; eq,1,chair; eq,1,bean_bag; eq,1,shelf","eq,1,desk,oak; eq,1,desk,gaming; eq,1,monitor,curved; eq,1,keyboard,mechanical; eq,1,mouse,gaming; eq,1,chair,mesh; eq,1,chair,ergonomic; eq,1,shelf,low","eq,1,face,0,desk,chair; eq,1,on,0,desk,monitor; eq,1,center,0,desk,monitor; eq,1,front,0,monitor,keyboard; eq,1,right,0,keyboard,mouse; eq,1,next_to,0,monitor,desk_lamp; eq,1,next_to,0,shelf,bean_bag","eq,1,under,desk,window; eq,1,against,shelf,wall",medium,single_room
285,"A compact gaming room features a sturdy gaming desk positioned under a window, paired with an ergonomic gaming chair. Along the opposite wall a tall shelving unit stands next to the door, and a small media console holds a game console. On the desk surface a widescreen monitor rests behind a mechanical keyboard, the mouse sits to the right of the keyboard, and a wireless game controller lies beside the mouse.","eq,1,gaming_desk; eq,1,gaming_chair; eq,1,shelving_unit; eq,1,media_console; eq,1,game_console; eq,1,monitor; eq,1,keyboard; eq,1,mouse; eq,1,game_controller","eq,1,gaming_desk,sturdy; eq,1,gaming_chair,ergonomic; eq,1,shelving_unit,tall; eq,1,media_console,small; eq,1,monitor,widescreen; eq,1,keyboard,mechanical; eq,1,game_controller,wireless","eq,1,next,0,gaming_chair,gaming_desk; eq,1,on,0,media_console,game_console; eq,1,behind,0,keyboard,monitor; eq,1,right,0,keyboard,mouse; eq,1,next,0,mouse,game_controller","eq,1,under,gaming_desk,window; eq,1,against,shelving_unit,wall; eq,1,next_to,shelving_unit,door",medium,single_room
286,"Neon-lit corner workstation includes an L-shaped computer desk under a window, a swivel gaming chair facing the desk, a wall-mounted speaker shelf next to the door, and a bean bag by the opposite wall. A single monitor sits atop the desk, the keyboard lies centered in front of the monitor, the mouse is placed to the right of the keyboard, and a gaming headset rests beside the monitor.","eq,1,computer_desk; eq,1,gaming_chair; eq,1,speaker_shelf; eq,1,bean_bag; eq,1,monitor; eq,1,keyboard; eq,1,mouse; eq,1,gaming_headset","eq,1,computer_desk,l_shaped; eq,1,gaming_chair,swivel; eq,1,speaker_shelf,wall_mounted","eq,1,facing,0,computer_desk,gaming_chair; eq,1,on,0,computer_desk,monitor; eq,1,front,0,monitor,keyboard; eq,1,right,0,keyboard,mouse; eq,1,next,0,monitor,gaming_headset","eq,1,under,computer_desk,window; eq,1,next_to,speaker_shelf,door; eq,1,against,bean_bag,wall; eq,1,on,speaker_shelf,wall",medium,single_room
287,"A plush carpet anchors a minimalist setup with a sleek gaming desk under the window, a matching gaming chair, a low coffee table in front of a small sofa, and a side cabinet by the door. On the desk a flat-panel monitor is flanked by a compact keyboard, a precision mouse sits to the right of the keyboard. A wireless controller rests on the sofa.","eq,1,carpet; eq,1,gaming_desk; eq,1,gaming_chair; eq,1,coffee_table; eq,1,sofa; eq,1,side_cabinet; eq,1,monitor; eq,1,keyboard; eq,1,mouse; eq,1,controller","eq,1,carpet,plush; eq,1,gaming_desk,sleek; eq,1,monitor,flat_panel; eq,1,keyboard,compact; eq,1,mouse,precision; eq,1,controller,wireless; eq,1,coffee_table,low; eq,1,sofa,small","eq,1,front,0,sofa,coffee_table; eq,1,on,0,gaming_desk,monitor; eq,1,on,0,gaming_desk,keyboard; eq,1,right,0,keyboard,mouse; eq,1,on,0,sofa,controller; eq,1,on,0,gaming_desk,mouse","eq,1,under,gaming_desk,window; eq,1,next_to,side_cabinet,door",medium,single_room
288,"A floating desk sits directly beneath a wide window, accompanied by a supportive swivel chair. Across the room a TV stand holds a console unit, and a tall bookshelf stands adjacent to the door. On the TV stand the gaming console sits center stage, the controller lies to its right, while on the desk a slim monitor is centered, and a pair of headphones rests on the left.","eq,1,desk; eq,1,chair; eq,1,tv_stand; eq,1,bookshelf; eq,1,gaming_console; eq,1,controller; eq,1,monitor; eq,1,headphones","eq,1,desk,floating; eq,1,chair,supportive; eq,1,chair,swivel; eq,1,bookshelf,tall; eq,1,monitor,slim","eq,1,next_to,0,desk,chair; eq,1,on,0,tv_stand,gaming_console; eq,1,right,0,gaming_console,controller; eq,1,center,0,desk,monitor; eq,1,on,0,desk,headphones; eq,1,on,0,gaming_console,controller; eq,1,left,0,monitor,headphones","eq,1,under,desk,window; eq,1,next_to,bookshelf,door",medium,single_room
289,"A metal computer desk is set beneath a large window, flanked by an adjustable gaming chair and a storage cabinet next to the door. A plush recliner sits against the opposite wall. Resting on the desk surface is a widescreen monitor with a mechanical keyboard directly in front, the mouse positioned to the right of the keyboard, and a pen holder placed left of the monitor.","eq,1,computer_desk; eq,1,gaming_chair; eq,1,storage_cabinet; eq,1,recliner; eq,1,monitor; eq,1,keyboard; eq,1,mouse; eq,1,pen_holder","eq,1,computer_desk,metal; eq,1,gaming_chair,adjustable; eq,1,recliner,plush; eq,1,monitor,widescreen; eq,1,keyboard,mechanical","eq,1,next_to,0,computer_desk,gaming_chair; eq,1,next_to,0,computer_desk,storage_cabinet; eq,1,on,0,computer_desk,monitor; eq,1,front,0,monitor,keyboard; eq,1,right,0,keyboard,mouse; eq,1,left,0,monitor,pen_holder; eq,1,opposite,0,computer_desk,recliner; eq,1,on,0,computer_desk,keyboard; eq,1,on,0,computer_desk,mouse","eq,1,under,computer_desk,window; eq,1,next_to,storage_cabinet,door; eq,1,against,recliner,wall",medium,single_room
290,"A modern kitchen anchored by a central island with two bar stools along one long side. Along the back wall, a stainless steel fridge stands next to an oven. A ceramic fruit bowl sits atop the island, and a sleek coffee maker is placed near it.","eq,1,kitchen_island; eq,2,bar_stool; eq,1,fridge; eq,1,oven; eq,1,fruit_bowl; eq,1,coffee_maker","eq,1,fridge,stainless_steel; eq,1,fruit_bowl,ceramic; eq,1,coffee_maker,sleek","eq,2,long_side,0,kitchen_island,bar_stool; eq,1,next,0,fridge,oven; eq,1,on,0,kitchen_island,fruit_bowl; eq,1,near,0,fruit_bowl,coffee_maker","eq,1,against,fridge,wall",medium,single_room
291,"In the bright kitchen, a round dining table occupies the center surrounded by four wooden chairs. A low cabinet against the wall holds a microwave.","eq,1,table; eq,4,chair; eq,1,cabinet; eq,1,microwave","eq,1,table,round; eq,4,chair,wooden; eq,1,cabinet,low","eq,1,surround,0,table,chair:0,chair:1,chair:2,chair:3; eq,1,on,0,cabinet,microwave","eq,1,center,table,room; eq,1,against,cabinet,wall",medium,single_room
292,"A contemporary kitchen hosts a marble island with two gray bar stools along one long side. A stainless steel fridge stands beside a double-door oven. Atop the island, a wooden fruit bowl and a red tea kettle rest.","eq,1,island; eq,2,bar_stool; eq,1,fridge; eq,1,oven; eq,1,fruit_bowl; eq,1,tea_kettle","eq,1,island,marble; eq,2,bar_stool,gray; eq,1,fridge,stainless_steel; eq,1,oven,double_door; eq,1,fruit_bowl,wooden; eq,1,tea_kettle,red","eq,2,long_side,0,island,bar_stool; eq,1,next,0,fridge,oven; eq,1,on,0,island,fruit_bowl; eq,1,on,0,island,tea_kettle",,medium,single_room
293,"In the cozy kitchen, a round oak table occupies the center surrounded by four wooden chairs. A low sideboard sits against the wall holding a stainless steel microwave, while a single potted plant adorns its surface.","eq,1,table; eq,4,chair; eq,1,sideboard; eq,1,microwave; eq,1,potted_plant","eq,1,table,round; eq,1,table,oak; eq,4,chair,wooden; eq,1,sideboard,low; eq,1,microwave,stainless_steel; eq,1,potted_plant,potted","eq,1,surround,0,table,chair:0,chair:1,chair:2,chair:3; eq,1,on,0,sideboard,microwave; eq,1,on,0,sideboard,potted_plant","eq,1,center,table,room; eq,1,against,sideboard,wall",medium,single_room
294,"A chef's kitchen includes a freestanding pantry cabinet flanked by two metal stools. A six-burner stove and a compact fridge stand nearby. On top of the cabinet, a ceramic mixing bowl is placed.","eq,1,pantry_cabinet; eq,2,stool; eq,1,stove; eq,1,fridge; eq,1,mixing_bowl","eq,1,pantry_cabinet,freestanding; eq,2,stool,metal; eq,1,stove,six_burner; eq,1,fridge,compact; eq,1,mixing_bowl,ceramic","eq,1,left,0,pantry_cabinet,stool; eq,1,right,0,pantry_cabinet,stool; eq,1,near,0,pantry_cabinet,stove; eq,1,near,0,pantry_cabinet,fridge; eq,1,on,0,pantry_cabinet,mixing_bowl",,medium,single_room
295,"A breakfast nook features a round wooden table surrounded by three upholstered chairs. A bar cabinet stands next to the window, and a stainless steel fridge sits near the door. A fruit basket rests on the table.","eq,1,table; eq,3,chair; eq,1,bar_cabinet; eq,1,fridge; eq,1,fruit_basket","eq,1,table,round; eq,1,table,wooden; eq,3,chair,upholstered; eq,1,fridge,stainless_steel","eq,1,surround,0,table,chair:0,chair:1,chair:2; eq,1,on,0,table,fruit_basket","eq,1,next_to,bar_cabinet,window; eq,1,near,fridge,door",medium,single_room
296,A bright kitchen boasts an L-shaped workstation next to a window with two chrome stools along its longer side. A compact oven stands beside the doorway. A ceramic coffee cup and a wooden cutting board rest atop the workstation.,"eq,1,workstation; eq,2,stool; eq,1,oven; eq,1,coffee_cup; eq,1,cutting_board","eq,1,workstation,l_shaped; eq,2,stool,chrome; eq,1,oven,compact; eq,1,coffee_cup,ceramic; eq,1,cutting_board,wooden","eq,2,long_side,0,workstation,stool; eq,1,on,0,workstation,coffee_cup; eq,1,on,0,workstation,cutting_board","eq,1,next_to,workstation,window; eq,1,next_to,oven,door",medium,single_room
297,A country style kitchen contains a farmhouse table with two bench seats along the long sides. A freestanding pantry stands next to the window. A vintage toaster sits on the table and a small potted herb rests on the pantry.,"eq,1,table; eq,2,bench; eq,1,pantry; eq,1,toaster; eq,1,potted_herb","eq,1,table,farmhouse; eq,1,pantry,freestanding; eq,1,toaster,vintage; eq,1,potted_herb,small","eq,2,long_side,0,table,bench; eq,1,on,0,table,toaster; eq,1,on,0,pantry,potted_herb","eq,1,next,pantry,window",medium,single_room
298,A modern open kitchen features a glass island placed near the door with a single metal stool nearby. A tall cabinet stands against the wall. A marble spice jar and an electric kettle are arranged on the island.,"eq,1,island; eq,1,stool; eq,1,cabinet; eq,1,spice_jar; eq,1,kettle","eq,1,island,glass; eq,1,stool,metal; eq,1,cabinet,tall; eq,1,spice_jar,marble; eq,1,kettle,electric","eq,1,next,0,island,stool; eq,1,on,0,island,spice_jar; eq,1,on,0,island,kettle","eq,1,near,island,door; eq,1,against,cabinet,wall",medium,single_room
299,"A gourmet kitchen features a marble work table with two leather stools along its long side. A freestanding pantry cabinet stands next to the window, and a stainless steel fridge sits near the door. A chrome toaster rests on the table.","eq,1,work_table; eq,2,stool; eq,1,pantry_cabinet; eq,1,fridge; eq,1,toaster","eq,1,work_table,marble; eq,2,stool,leather; eq,1,pantry_cabinet,freestanding; eq,1,fridge,stainless_steel; eq,1,toaster,chrome","eq,2,long_side,0,work_table,stool; eq,1,on,0,work_table,toaster","eq,1,next_to,pantry_cabinet,window; eq,1,near,fridge,door",medium,single_room
300,"A cozy kitchen features a round wooden table with two rattan chairs. A freestanding fridge sits near the door. On the table, a ceramic fruit bowl sits next to a glass sugar jar, and a white coffee mug rests beside a small wooden tray.","eq,1,table; eq,2,chair; eq,1,fridge; eq,1,fruit_bowl; eq,1,sugar_jar; eq,1,coffee_mug; eq,1,tray","eq,1,table,round; eq,1,table,wooden; eq,2,chair,rattan; eq,1,fridge,freestanding; eq,1,fruit_bowl,ceramic; eq,1,sugar_jar,glass; eq,1,coffee_mug,white; eq,1,tray,small; eq,1,tray,wooden","eq,2,next,0,table,chair:0,chair:1; eq,1,on,0,table,fruit_bowl; eq,1,on,0,table,sugar_jar; eq,1,on,0,table,coffee_mug; eq,1,on,0,table,tray; eq,1,next,0,fruit_bowl,sugar_jar; eq,1,beside,0,coffee_mug,tray","eq,1,near,fridge,door",medium,single_room
301,An open kitchen places a sleek island near the door with a single leather stool facing it. A midcentury cabinet stands opposite the window. A freestanding fridge sits beside the cabinet. On the island top a glass coffee cup sits next to a ceramic sugar jar while a linen napkin rests left of a stainless spoon.,"eq,1,island; eq,1,stool; eq,1,cabinet; eq,1,fridge; eq,1,coffee_cup; eq,1,sugar_jar; eq,1,spoon; eq,1,napkin","eq,1,island,sleek; eq,1,stool,leather; eq,1,cabinet,midcentury; eq,1,fridge,freestanding; eq,1,coffee_cup,glass; eq,1,sugar_jar,ceramic; eq,1,spoon,stainless; eq,1,napkin,linen","eq,1,facing,0,island,stool; eq,1,on,0,island,coffee_cup; eq,1,on,0,island,sugar_jar; eq,1,on,0,island,spoon; eq,1,on,0,island,napkin; eq,1,next,0,coffee_cup,sugar_jar; eq,1,left,0,spoon,napkin; eq,1,next_to,0,cabinet,fridge","eq,1,near,island,door; eq,1,opposite,cabinet,window",medium,single_room
302,In a country kitchen a rectangular farmhouse table sits beside a window with two painted chairs on its long sides. A freestanding pantry cabinet stands near the door. A stainless kettle and a wooden fruit bowl rest on the table alongside an open recipe book and a small ceramic vase.,"eq,1,table; eq,2,chair; eq,1,pantry_cabinet; eq,1,kettle; eq,1,fruit_bowl; eq,1,recipe_book; eq,1,vase","eq,1,table,rectangular; eq,1,table,farmhouse; eq,2,chair,painted; eq,1,pantry_cabinet,freestanding; eq,1,kettle,stainless; eq,1,fruit_bowl,wooden; eq,1,recipe_book,open; eq,1,vase,ceramic","eq,2,long_side,0,table,chair; eq,1,on,0,table,kettle; eq,1,on,0,table,fruit_bowl; eq,1,on,0,table,recipe_book; eq,1,on,0,table,vase; eq,1,next,0,kettle,fruit_bowl; eq,1,next,0,recipe_book,vase; eq,1,next,0,fruit_bowl,recipe_book","eq,1,beside,table,window; eq,1,near,pantry_cabinet,door",medium,single_room
303,"A refrigerator stands against the wall near the door, complemented by a farmhouse-style oven and a stainless steel worktable installed beneath a window. A wooden shelving unit occupies the far corner. On the worktable, a red stand mixer sits beside a mixing bowl, while a rolling pin rests next to the bowl and a bag of flour leans against the mixer.","eq,1,refrigerator; eq,1,oven; eq,1,worktable; eq,1,shelving_unit; eq,1,stand_mixer; eq,1,mixing_bowl; eq,1,rolling_pin; eq,1,bag_of_flour","eq,1,oven,farmhouse_style; eq,1,worktable,stainless_steel; eq,1,shelving_unit,wooden; eq,1,stand_mixer,red","eq,1,on,0,worktable,stand_mixer; eq,1,on,0,worktable,mixing_bowl; eq,1,next_to,0,stand_mixer,mixing_bowl; eq,1,on,0,worktable,rolling_pin; eq,1,next_to,0,mixing_bowl,rolling_pin; eq,1,lean_against,0,bag_of_flour,stand_mixer; eq,1,on,0,worktable,bag_of_flour","eq,1,against,refrigerator,wall; eq,1,near,refrigerator,door; eq,1,beneath,worktable,window; eq,1,corner,shelving_unit,room",medium,single_room
304,"A sleek sushi counter sits beneath a window, and a refrigeration unit occupies the corner near the door. A wooden stool faces the counter, while a display shelf lines the opposite wall. On the countertop, a bamboo mat lies beside a sushi knife, and a soy sauce bottle and a wasabi bowl are arranged next to the mat.","eq,1,sushi_counter; eq,1,refrigeration_unit; eq,1,stool; eq,1,display_shelf; eq,1,bamboo_mat; eq,1,sushi_knife; eq,1,soy_sauce_bottle; eq,1,wasabi_bowl","eq,1,sushi_counter,sleek; eq,1,stool,wooden","eq,1,on,0,sushi_counter,bamboo_mat; eq,1,next_to,0,bamboo_mat,sushi_knife; eq,1,next_to,0,bamboo_mat,soy_sauce_bottle; eq,1,next_to,0,bamboo_mat,wasabi_bowl; eq,1,on,0,sushi_counter,sushi_knife; eq,1,on,0,sushi_counter,soy_sauce_bottle; eq,1,on,0,sushi_counter,wasabi_bowl; eq,1,face,0,sushi_counter,stool; eq,1,opposite,0,sushi_counter,display_shelf","eq,1,beneath,sushi_counter,window; eq,1,corner,refrigeration_unit,room; eq,1,near,refrigeration_unit,door; eq,1,against,display_shelf,wall",medium,single_room
305,"Centered in the kitchen, a kitchen island sits below a window opposite a gas stove against the wall. An ingredient shelf stands near the door. On the island, a pasta pot bubbles beside a pasta strainer, while an olive oil bottle and a bowl of tomatoes are arranged next to the strainer.","eq,1,kitchen_island; eq,1,gas_stove; eq,1,ingredient_shelf; eq,1,pasta_pot; eq,1,pasta_strainer; eq,1,olive_oil_bottle; eq,1,bowl_of_tomatoes",,"eq,1,opposite,0,kitchen_island,gas_stove; eq,1,on,0,kitchen_island,pasta_pot; eq,1,on,0,kitchen_island,pasta_strainer; eq,1,next_to,0,pasta_pot,pasta_strainer; eq,1,next_to,0,pasta_strainer,olive_oil_bottle; eq,1,next_to,0,pasta_strainer,bowl_of_tomatoes; eq,1,on,0,kitchen_island,olive_oil_bottle; eq,1,on,0,kitchen_island,bowl_of_tomatoes","eq,1,center,kitchen_island,room; eq,1,below,kitchen_island,window; eq,1,against,gas_stove,wall; eq,1,near,ingredient_shelf,door",medium,single_room
306,"A bathroom with a wall-mounted vanity with integrated sink, a freestanding bathtub against the back wall, and a modern toilet beside it. Above the vanity hangs a frameless mirror, and a soap dispenser sits on the sink countertop. A small potted plant rests at one end of the vanity.","eq,1,vanity; eq,1,bathtub; eq,1,toilet; eq,1,mirror; eq,1,soap_dispenser; eq,1,potted_plant","eq,1,vanity,wall_mounted; eq,1,vanity,integrated_sink; eq,1,bathtub,freestanding; eq,1,toilet,modern; eq,1,mirror,frameless; eq,1,potted_plant,small","eq,1,next,0,bathtub,toilet; eq,1,above,0,vanity,mirror; eq,1,on,0,vanity,soap_dispenser; eq,1,on,0,vanity,potted_plant","eq,1,against,bathtub,wall; eq,1,on,vanity,wall; eq,1,on,mirror,wall",medium,single_room
307,"Corner installation features a glass shower enclosure and a wall-mounted sink cabinet. A toilet stands next to the cabinet, and a tall linen cupboard occupies the opposite wall. A round mirror hangs above the sink, with a toothpaste tube and a bath mat placed below.","eq,1,shower_enclosure; eq,1,sink_cabinet; eq,1,toilet; eq,1,cupboard; eq,1,mirror; eq,1,toothpaste_tube; eq,1,bath_mat","eq,1,shower_enclosure,glass; eq,1,sink_cabinet,wall_mounted; eq,1,cupboard,tall; eq,1,mirror,round; eq,1,cupboard,linen","eq,1,next,0,sink_cabinet,toilet; eq,1,above,0,sink_cabinet,mirror; eq,1,on,0,sink_cabinet,toothpaste_tube; eq,1,opposite,0,sink_cabinet,cupboard","eq,1,corner,shower_enclosure,room; eq,1,against,sink_cabinet,wall; eq,1,against,cupboard,wall; eq,1,on,mirror,wall",medium,single_room
308,"Pedestal sink centered under an oval mirror, with a wall-mounted medicine cabinet on the left and a bamboo shelf on the right. A walk-in shower with glass door fills one corner, and on the shelf sits a bar of soap and a toothbrush holder.","eq,1,sink; eq,1,mirror; eq,1,medicine_cabinet; eq,1,shelf; eq,1,walk_in_shower; eq,1,bar_of_soap; eq,1,toothbrush_holder","eq,1,sink,pedestal; eq,1,mirror,oval; eq,1,medicine_cabinet,wall_mounted; eq,1,walk_in_shower,glass_door; eq,1,shelf,bamboo","eq,1,above,0,sink,mirror; eq,1,right,0,medicine_cabinet,mirror; eq,1,left,0,shelf,mirror; eq,1,on,0,shelf,bar_of_soap; eq,1,on,0,shelf,toothbrush_holder","eq,1,corner,walk_in_shower,room",medium,single_room
309,"Freestanding bathtub sits under a frosted window, opposite a wooden vanity with an integrated sink. A backlit wall shelf holds a scented candle beside the bathtub. Above the vanity hangs a frameless mirror.","eq,1,bathtub; eq,1,vanity; eq,1,wall_shelf; eq,1,mirror; eq,1,candle","eq,1,bathtub,freestanding; eq,1,vanity,wooden; eq,1,vanity,integrated_sink; eq,1,wall_shelf,backlit; eq,1,mirror,frameless; eq,1,candle,scented","eq,1,opposite,0,bathtub,vanity; eq,1,next,0,bathtub,wall_shelf; eq,1,on,0,wall_shelf,candle; eq,1,above,0,vanity,mirror","eq,1,under,bathtub,window; eq,1,on,mirror,wall; eq,1,on,wall_shelf,wall",medium,single_room
310,"A double-sink vanity spans one wall with a frameless mirror above. A glass shower enclosure occupies the corner, while a freestanding tub sits adjacent. A wooden shelf holds a neatly rolled towel, and a potted fern stands next to the door.","eq,1,vanity; eq,1,mirror; eq,1,shower_enclosure; eq,1,tub; eq,1,shelf; eq,1,towel; eq,1,potted_fern","eq,1,vanity,double_sink; eq,1,mirror,frameless; eq,1,shower_enclosure,glass; eq,1,tub,freestanding; eq,1,shelf,wooden; eq,1,towel,neatly_rolled","eq,1,above,0,vanity,mirror; eq,1,next,0,shower_enclosure,tub; eq,1,on,0,shelf,towel","eq,1,against,vanity,wall; eq,1,corner,shower_enclosure,room; eq,1,next,potted_fern,door",medium,single_room
311,"A floating vanity with double sinks and a frameless mirror above, a glass-enclosed shower across from it, a wall-hung toilet next to the shower, and a small potted succulent resting atop the vanity.","eq,1,vanity; eq,1,shower; eq,1,toilet; eq,1,mirror; eq,1,succulent","eq,1,vanity,floating; eq,1,vanity,double_sink; eq,1,shower,glass_enclosed; eq,1,toilet,wall_hung; eq,1,mirror,frameless; eq,1,succulent,potted; eq,1,succulent,small","eq,1,above,0,vanity,mirror; eq,1,across,0,vanity,shower; eq,1,next,0,shower,toilet; eq,1,on,0,vanity,succulent","eq,1,against,vanity,wall; eq,1,against,toilet,wall; eq,1,on,mirror,wall",medium,single_room
312,"A freestanding steel towel rack stands beside a wall-hung toilet. A glass shower cabin occupies the corner, and a floating shelf above the toilet holds two scented candles.","eq,1,towel_rack; eq,1,toilet; eq,1,shower_cabin; eq,1,shelf; eq,2,candle","eq,1,towel_rack,freestanding; eq,1,towel_rack,steel; eq,1,toilet,wall_hung; eq,1,shower_cabin,glass; eq,1,shelf,floating; eq,2,candle,scented","eq,1,next,0,toilet,towel_rack; eq,1,above,0,toilet,shelf; eq,2,on,0,shelf,candle","eq,1,corner,shower_cabin,room; eq,1,on,toilet,wall; eq,1,on,shelf,wall",medium,single_room
313,"In a spa-inspired bathroom, a freestanding bathtub sits centered beneath a frosted window, a floating wooden vanity with dual drawers occupies the opposite wall, a towel rack is mounted next to the tub holding two folded towels, and a potted fern rests on the vanity countertop.","eq,1,bathtub; eq,1,vanity; eq,1,towel_rack; eq,2,towel; eq,1,potted_fern","eq,1,bathtub,freestanding; eq,1,vanity,floating; eq,1,vanity,wooden; eq,1,vanity,dual_drawers; eq,2,towel,folded","eq,1,next,0,bathtub,towel_rack; eq,2,on,0,towel_rack,towel; eq,1,on,0,vanity,potted_fern; eq,1,opposite,0,bathtub,vanity","eq,1,under,bathtub,window; eq,1,center,bathtub,room; eq,1,on,vanity,wall",medium,single_room
314,"A bright guest bathroom showcases a pedestal sink with a chrome faucet, a corner shower featuring sliding doors, a medicine cabinet installed beside a square mirror, a wrought-iron toilet brush holder on the floor near the toilet, and a woven laundry hamper tucked into the opposite corner.","eq,1,sink; eq,1,shower; eq,1,medicine_cabinet; eq,1,mirror; eq,1,toilet_brush_holder; eq,1,laundry_hamper; eq,1,toilet","eq,1,sink,pedestal; eq,1,sink,chrome_faucet; eq,1,shower,corner; eq,1,shower,sliding_doors; eq,1,mirror,square; eq,1,toilet_brush_holder,wrought_iron; eq,1,laundry_hamper,woven","eq,1,next,0,mirror,medicine_cabinet; eq,1,near,0,toilet,toilet_brush_holder; eq,1,opposite,0,toilet,laundry_hamper","eq,1,corner,shower,room; eq,1,corner,laundry_hamper,room",medium,single_room
315,"A modern bathroom features a floating vanity with integrated sink beneath a round backlit mirror, a wall-hung toilet beside the vanity, a frameless glass shower panel separating the wet area, a sleek radiator-style towel warmer mounted on the adjacent wall, and a bamboo bath stool placed next to the shower.","eq,1,vanity; eq,1,mirror; eq,1,toilet; eq,1,shower_panel; eq,1,towel_warmer; eq,1,bath_stool","eq,1,vanity,floating; eq,1,vanity,integrated_sink; eq,1,mirror,round; eq,1,mirror,backlit; eq,1,toilet,wall_hung; eq,1,shower_panel,frameless; eq,1,shower_panel,glass; eq,1,towel_warmer,radiator_style; eq,1,bath_stool,bamboo","eq,1,above,0,vanity,mirror; eq,1,next,0,vanity,toilet; eq,1,next,0,shower_panel,bath_stool; eq,1,adjacent,0,shower_panel,towel_warmer","eq,1,on,towel_warmer,wall; eq,1,on,toilet,wall; eq,1,on,vanity,wall; eq,1,on,mirror,wall",medium,single_room
316,"A compact bathroom with a wall-mounted vanity featuring an integrated sink, a toilet positioned against the back wall, a glass-enclosed shower in one corner, a rectangular mirror hung above the vanity, and a small bath mat placed in front of the sink.","eq,1,vanity; eq,1,toilet; eq,1,shower; eq,1,mirror; eq,1,bath_mat","eq,1,vanity,wall_mounted; eq,1,vanity,integrated_sink; eq,1,shower,glass_enclosed; eq,1,mirror,rectangular; eq,1,bath_mat,small","eq,1,above,0,vanity,mirror; eq,1,front,0,vanity,bath_mat","eq,1,against,toilet,wall; eq,1,corner,shower,room",medium,single_room
317,"A minimalistic bathroom with a wall-hung vanity featuring a marble countertop, a rectangular vessel sink sitting on top, a frameless mirror mounted above the vanity, a back-to-wall toilet opposite the vanity, and a black metal shelf holding a single rolled towel.","eq,1,vanity; eq,1,sink; eq,1,mirror; eq,1,toilet; eq,1,shelf; eq,1,towel","eq,1,vanity,wall_hung; eq,1,vanity,marble_countertop; eq,1,sink,rectangular; eq,1,sink,vessel; eq,1,mirror,frameless; eq,1,toilet,back_to_wall; eq,1,shelf,metal; eq,1,shelf,black; eq,1,towel,rolled","eq,1,on,0,vanity,sink; eq,1,above,0,vanity,mirror; eq,1,opposite,0,vanity,toilet; eq,1,on,0,shelf,towel","eq,1,on,vanity,wall; eq,1,against,toilet,wall",medium,single_room
318,"In a serene bathroom, a floating vanity stands beneath a frosted window, a wall-hung toilet is positioned beside the vanity, a glass-enclosed shower occupies one corner, and a freestanding soaking tub rests next to the door. On the vanity countertop a folded towel, a ceramic soap dispenser, a glass toothbrush holder, and a small potted succulent are arranged from left to right.","eq,1,vanity; eq,1,toilet; eq,1,shower; eq,1,tub; eq,1,towel; eq,1,soap_dispenser; eq,1,toothbrush_holder; eq,1,succulent","eq,1,vanity,floating; eq,1,toilet,wall_hung; eq,1,shower,glass_enclosed; eq,1,tub,freestanding; eq,1,tub,soaking; eq,1,towel,folded; eq,1,soap_dispenser,ceramic; eq,1,toothbrush_holder,glass; eq,1,succulent,potted; eq,1,succulent,small","eq,1,beside,0,vanity,toilet; eq,1,on,0,vanity,towel; eq,1,on,0,vanity,soap_dispenser; eq,1,on,0,vanity,toothbrush_holder; eq,1,on,0,vanity,succulent; eq,1,right,0,towel,soap_dispenser; eq,1,right,0,soap_dispenser,toothbrush_holder; eq,1,right,0,toothbrush_holder,succulent","eq,1,under,vanity,window; eq,1,corner,shower,room; eq,1,next,tub,door; eq,1,on,toilet,wall",medium,single_room
319,"Sunlight filters through a translucent window onto a marble-top vanity, a back-to-wall toilet sits opposite the vanity, a frameless walk-in shower stands in the corner by the window, and a freestanding bathtub rests adjacent to the door. On the countertop a rolled towel, a wooden soap dish, a scented candle, and a potted jade plant are placed from left to right.","eq,1,vanity; eq,1,toilet; eq,1,shower; eq,1,bathtub; eq,1,towel; eq,1,soap_dish; eq,1,candle; eq,1,jade_plant","eq,1,vanity,marble_top; eq,1,toilet,back_to_wall; eq,1,shower,frameless; eq,1,shower,walk_in; eq,1,bathtub,freestanding; eq,1,towel,rolled; eq,1,soap_dish,wooden; eq,1,candle,scented; eq,1,jade_plant,potted","eq,1,opposite,0,vanity,toilet; eq,1,on,0,vanity,towel; eq,1,on,0,vanity,soap_dish; eq,1,on,0,vanity,candle; eq,1,on,0,vanity,jade_plant; eq,1,right,0,towel,soap_dish; eq,1,right,0,soap_dish,candle; eq,1,right,0,candle,jade_plant","eq,1,against,toilet,wall; eq,1,corner,shower,room; eq,1,next,shower,window; eq,1,adjacent,bathtub,door",medium,single_room
320,"A cheerful bathroom designed for a child includes a white wooden vanity with an integrated sink placed under the window, a classic bathtub set across from the door, a compact shower stall, and a standard toilet. On the vanity surface, a pink plush bunny sits left of a soap dispenser. A yellow rubber duck perches on the edge of the bathtub and a green plush frog lies next to the tub on the floor.","eq,1,vanity; eq,1,bathtub; eq,1,shower_stall; eq,1,toilet; eq,1,toy_bunny; eq,1,soap_dispenser; eq,1,rubber_duck; eq,1,toy_frog","eq,1,vanity,white; eq,1,vanity,wooden; eq,1,bathtub,classic; eq,1,shower_stall,compact; eq,1,toilet,standard; eq,1,toy_bunny,pink; eq,1,toy_bunny,plush; eq,1,rubber_duck,yellow; eq,1,toy_frog,green; eq,1,toy_frog,plush; eq,1,vanity,integrated_sink","eq,1,on,0,vanity,soap_dispenser; eq,1,on,0,vanity,toy_bunny; eq,1,left,0,soap_dispenser,toy_bunny; eq,1,on,0,bathtub,rubber_duck; eq,1,next,0,bathtub,toy_frog","eq,1,under,vanity,window; eq,1,across,bathtub,door",medium,single_room
321,"A serene Japanese-style bathroom features a wooden vanity with an integrated sink positioned near the door, a deep wooden soaking tub set next to a frosted window, and a simple toilet. A bamboo bucket and a low wooden stool sit side by side in front of the tub. On the vanity countertop, a handcrafted soap dish holds a bar of soap and a small bonsai tree adds an organic touch.","eq,1,vanity; eq,1,soaking_tub; eq,1,toilet; eq,1,bucket; eq,1,stool; eq,1,soap_dish; eq,1,bar_of_soap; eq,1,bonsai_tree","eq,1,vanity,wooden; eq,1,soaking_tub,wooden; eq,1,soaking_tub,deep; eq,1,toilet,simple; eq,1,bucket,bamboo; eq,1,stool,low; eq,1,stool,wooden; eq,1,soap_dish,handcrafted; eq,1,bonsai_tree,small; eq,1,vanity,integrated_sink","eq,1,on,0,vanity,soap_dish; eq,1,on,0,vanity,bonsai_tree; eq,1,on,0,soap_dish,bar_of_soap; eq,1,next,0,bucket,stool; eq,1,front,0,soaking_tub,bucket; eq,1,front,0,soaking_tub,stool","eq,1,near,vanity,door; eq,1,next_to,soaking_tub,window",medium,single_room
322,A compact home gym in the basement features a treadmill set in the center of the floor and a weight bench positioned against the back wall. A pair of dumbbells rests on a rack beside the bench and a rolled-up yoga mat leans next to it.,"eq,1,treadmill; eq,1,weight_bench; eq,2,dumbbell; eq,1,rack; eq,1,yoga_mat","eq,1,yoga_mat,rolled_up","eq,2,on,0,rack,dumbbell; eq,1,beside,0,weight_bench,rack; eq,1,next_to,0,weight_bench,yoga_mat","eq,1,center,treadmill,room; eq,1,against,weight_bench,wall",medium,single_room
323,"In the basement converted into a private library, two tall bookshelves flank a cozy armchair, while a small coffee table sits directly in front of the chair. A floor lamp stands beside the armchair and a bronze decorative statuette rests atop the coffee table.","eq,2,bookshelf; eq,1,armchair; eq,1,coffee_table; eq,1,floor_lamp; eq,1,statuette","eq,2,bookshelf,tall; eq,1,coffee_table,small; eq,1,statuette,bronze; eq,1,statuette,decorative; eq,1,armchair,cozy","eq,1,left,0,armchair,bookshelf; eq,1,right,0,armchair,bookshelf; eq,1,front,0,armchair,coffee_table; eq,1,beside,0,armchair,floor_lamp; eq,1,on,0,coffee_table,statuette",,medium,single_room
324,"A home cinema setup in the basement presents a projector screen mounted on the wall facing a plush sofa, with a low media cabinet beneath the screen. On the cabinet sits a popcorn bowl and a single floor-standing speaker stands to one side, while a remote control lies on the sofa cushion.","eq,1,projector_screen; eq,1,sofa; eq,1,media_cabinet; eq,1,popcorn_bowl; eq,1,speaker; eq,1,remote_control","eq,1,sofa,plush; eq,1,speaker,floor_standing; eq,1,media_cabinet,low","eq,1,facing,0,sofa,projector_screen; eq,1,under,0,projector_screen,media_cabinet; eq,1,on,0,media_cabinet,popcorn_bowl; eq,1,beside,0,media_cabinet,speaker; eq,1,on,0,sofa,remote_control","eq,1,on,projector_screen,wall",medium,single_room
325,"This basement workshop includes a sturdy workbench beneath a wall-mounted pegboard and a metal tool chest beside it. On the bench lie a hammer and a wrench, while a handheld flashlight is on top of the chest.","eq,1,workbench; eq,1,pegboard; eq,1,tool_chest; eq,1,hammer; eq,1,wrench; eq,1,flashlight","eq,1,workbench,sturdy; eq,1,pegboard,wall_mounted; eq,1,tool_chest,metal; eq,1,flashlight,handheld","eq,1,above,0,workbench,pegboard; eq,1,beside,0,workbench,tool_chest; eq,1,on,0,workbench,hammer; eq,1,on,0,workbench,wrench; eq,1,on,0,tool_chest,flashlight","eq,1,on,pegboard,wall",medium,single_room
326,A basement bar area centers around a sleek counter with two black bar stools. A compact mini refrigerator stands to one side and a wooden wine rack is mounted on the opposite wall. Two wine glasses sits upside down on the counter and a single wine bottle rests nearby.,"eq,1,counter; eq,2,bar_stool; eq,1,refrigerator; eq,1,wine_rack; eq,2,wine_glass; eq,1,wine_bottle","eq,1,counter,sleek; eq,2,bar_stool,black; eq,1,refrigerator,compact; eq,1,wine_rack,wooden; eq,2,wine_glass,upside_down; eq,1,refrigerator,mini","eq,2,next_to,0,counter,bar_stool; eq,1,beside,0,counter,refrigerator; eq,2,on,0,counter,wine_glass; eq,1,on,0,counter,wine_bottle; eq,2,next_to,0,wine_glass,wine_bottle","eq,1,center,counter,room; eq,1,on,wine_rack,wall",medium,single_room
327,"In the basement gaming nook a sleek gaming desk holds a single monitor and a mechanical keyboard, while an ergonomic chair faces the desk. A low media bench beneath the monitor supports a gaming console and a game controller rests on the bench.","eq,1,gaming_desk; eq,1,monitor; eq,1,keyboard; eq,1,chair; eq,1,media_bench; eq,1,gaming_console; eq,1,controller","eq,1,gaming_desk,sleek; eq,1,keyboard,mechanical; eq,1,chair,ergonomic; eq,1,media_bench,low","eq,1,on,0,gaming_desk,keyboard; eq,1,facing,0,gaming_desk,chair; eq,1,on,0,media_bench,monitor; eq,1,on,0,media_bench,gaming_console; eq,1,on,0,media_bench,controller",,medium,single_room
328,The basement wine cellar contains a metal wine rack with bottles scattered near it and a tall tasting table in the center flanked by two bar stools on its long sides. A wine glass stands upside down on the table and a tasting notebook rests on the tabletop.,"eq,1,wine_rack; ge,2,bottle; eq,1,tasting_table; eq,2,bar_stool; eq,1,wine_glass; eq,1,notebook","eq,1,wine_rack,metal; eq,1,tasting_table,tall; eq,1,wine_glass,upside_down; eq,1,notebook,for_tasting","ge,2,near,0,wine_rack,bottle; eq,2,long_side,0,tasting_table,bar_stool; eq,1,on,0,tasting_table,wine_glass; eq,1,on,0,tasting_table,notebook","eq,1,center,tasting_table,room",medium,single_room
329,"In the basement playroom a foosball table occupies the center and a foldable ping pong table stands nearby. A low shelf holds a storage bin packed with toys, and a bean bag chair sits beside the shelf with a floor pillow on the rug.","eq,1,foosball_table; eq,1,ping_pong_table; eq,1,shelf; eq,1,storage_bin; ge,2,toy; eq,1,bean_bag_chair; eq,1,floor_pillow; eq,1,rug","eq,1,ping_pong_table,foldable; eq,1,shelf,low","eq,1,near,0,foosball_table,ping_pong_table; eq,1,on,0,shelf,storage_bin; ge,2,within,0,storage_bin,toy; eq,1,beside,0,shelf,bean_bag_chair; eq,1,on,0,rug,floor_pillow","eq,1,center,foosball_table,room",medium,single_room
330,"A basement home office features a large desk with an open laptop on its surface and a desk lamp beside it. A rolling office chair faces the desk and a tall filing cabinet stands against the wall, topped by a potted plant.","eq,1,desk; eq,1,laptop; eq,1,desk_lamp; eq,1,office_chair; eq,1,filing_cabinet; eq,1,potted_plant","eq,1,desk,large; eq,1,laptop,open; eq,1,office_chair,rolling; eq,1,filing_cabinet,tall","eq,1,on,0,desk,laptop; eq,1,beside,0,laptop,desk_lamp; eq,1,facing,0,desk,office_chair; eq,1,on,0,filing_cabinet,potted_plant; eq,1,on,0,desk,desk_lamp","eq,1,against,filing_cabinet,wall",medium,single_room
331,A ceramics corner in the basement features a wooden potter wheel next to a sturdy worktable that holds a tool set. A drying rack stands against the back wall and a metal shelf supports a clay block and a brush set.,"eq,1,potter_wheel; eq,1,worktable; eq,1,tool_set; eq,1,drying_rack; eq,1,shelf; eq,1,clay_block; eq,1,brush_set","eq,1,potter_wheel,wooden; eq,1,worktable,sturdy; eq,1,shelf,metal","eq,1,next_to,0,potter_wheel,worktable; eq,1,on,0,worktable,tool_set; eq,1,on,0,shelf,clay_block; eq,1,on,0,shelf,brush_set","eq,1,against,drying_rack,wall",medium,single_room
332,In the basement plant nursery a tall plant shelf supports a single potted plant beneath a grow light hanging from ceiling. A plant stand sits nearby and a watering can rests nearby.,"eq,1,plant_shelf; eq,1,potted_plant; eq,1,grow_light; eq,1,plant_stand; eq,1,watering_can","eq,1,plant_shelf,tall","eq,1,on,0,plant_shelf,potted_plant; eq,1,under,0,grow_light,potted_plant; eq,1,near,0,plant_shelf,plant_stand; eq,1,near,0,plant_shelf,watering_can",,medium,single_room
333,"A small craft brewery occupies the basement with a stainless steel brewing tank adjacent to a fermenter and a utility table left of the tank. On the table sits a beer bottle and a beer glass, while a hop bag lies against the table.","eq,1,brewing_tank; eq,1,fermenter; eq,1,utility_table; eq,1,beer_bottle; eq,1,beer_glass; eq,1,hop_bag","eq,1,brewing_tank,stainless_steel","eq,1,adjacent,0,brewing_tank,fermenter; eq,1,left,0,brewing_tank,utility_table; eq,1,on,0,utility_table,beer_bottle; eq,1,on,0,utility_table,beer_glass; eq,1,next,0,utility_table,hop_bag",,medium,single_room
334,A basement woodshop corner contains a sturdy workbench accompanied by a rolling stool and a tall tool_chest. A metal shelf stands beside the bench. On the shelf a tape measure lies next to a handsaw and on the bench a block of wood holds a chisel on top. The tool chest sits adjacent to the door.,"eq,1,workbench; eq,1,stool; eq,1,tool_chest; eq,1,shelf; eq,1,tape_measure; eq,1,handsaw; eq,1,block_of_wood; eq,1,chisel","eq,1,workbench,sturdy; eq,1,stool,rolling; eq,1,tool_chest,tall; eq,1,shelf,metal","eq,1,next_to,0,workbench,stool; eq,1,beside,0,workbench,shelf; eq,1,on,0,shelf,tape_measure; eq,1,on,0,shelf,handsaw; eq,1,next_to,0,shelf,tape_measure,handsaw; eq,1,on,0,workbench,block_of_wood; eq,1,on,0,block_of_wood,chisel","eq,1,adjacent,tool_chest,door",medium,single_room
335,"A basement tasting area features a wooden bar counter with a single bar stool and a metal wine rack against the back wall. A compact mini fridge stands beside the door. On the counter, a wine bottle rests next to an opener, and a coaster lies under a wine glass.","eq,1,bar_counter; eq,1,bar_stool; eq,1,wine_rack; eq,1,fridge; eq,1,wine_bottle; eq,1,opener; eq,1,coaster; eq,1,wine_glass","eq,1,bar_counter,wooden; eq,1,wine_rack,metal; eq,1,fridge,mini; eq,1,fridge,compact","eq,1,on,0,bar_counter,opener; eq,1,on,0,bar_counter,wine_bottle; eq,1,next_to,0,wine_bottle,opener; eq,1,on,0,bar_counter,coaster; eq,1,on,0,coaster,wine_glass","eq,1,against,wine_rack,wall; eq,1,beside,fridge,door",medium,single_room
336,The basement darkroom holds a sturdy enlarger table across from a stainless steel sink and a chemical shelf against the wall. A rotating drying rack stands near the door. On the table a film canister rests beside an photo album that has a pair of tongs on top of it. A thermometer lies next to the sink.,"eq,1,enlarger_table; eq,1,sink; eq,1,chemical_shelf; eq,1,drying_rack; eq,1,film_canister; eq,1,photo_album; eq,1,tongs; eq,1,thermometer","eq,1,enlarger_table,sturdy; eq,1,sink,stainless_steel; eq,1,drying_rack,rotating","eq,1,across,0,enlarger_table,sink; eq,1,on,0,enlarger_table,film_canister; eq,1,on,0,enlarger_table,photo_album; eq,1,on,0,photo_album,tongs; eq,1,beside,0,film_canister,photo_album; eq,1,next,0,sink,thermometer","eq,1,against,chemical_shelf,wall; eq,1,near,drying_rack,door",medium,single_room
337,"In the basement study a sturdy wooden desk holds a laptop and a desk lamp side by side, with a dictionary left of the laptop and a coffee mug resting on top of the dictionary. A rolling chair faces the desk and a tall bookshelf stands behind the desk. A filing cabinet sits adjacent to the door.","eq,1,desk; eq,1,laptop; eq,1,desk_lamp; eq,1,dictionary; eq,1,coffee_mug; eq,1,chair; eq,1,bookshelf; eq,1,filing_cabinet","eq,1,desk,sturdy; eq,1,desk,wooden; eq,1,chair,rolling; eq,1,bookshelf,tall","eq,1,on,0,desk,laptop; eq,1,on,0,desk,desk_lamp; eq,1,next_to,1,laptop,desk_lamp; eq,1,left,1,laptop,dictionary; eq,1,on,3,dictionary,coffee_mug; eq,1,facing,5,desk,chair; eq,1,behind,6,desk,bookshelf; eq,1,on,0,desk,dictionary","eq,1,adjacent,filing_cabinet,door",medium,single_room
338,"A cozy reading den with a tall wooden bookshelf against one wall, a leather armchair beside it, a small side table holding a hardcover book, an arc floor lamp illuminating the seat, and a potted fern near the window.","eq,1,bookshelf; eq,1,armchair; eq,1,side_table; eq,1,book; eq,1,floor_lamp; eq,1,potted_fern","eq,1,bookshelf,tall; eq,1,bookshelf,wooden; eq,1,armchair,leather; eq,1,side_table,small; eq,1,book,hardcover; eq,1,floor_lamp,arc","eq,1,next,0,bookshelf,armchair; eq,1,on,0,side_table,book; eq,1,next,0,armchair,floor_lamp","eq,1,against,bookshelf,wall; eq,1,near,potted_fern,window",medium,single_room
339,"In this entertainment den a flat screen TV is mounted on the wall above a low media console, an L-shaped sectional sofa faces the screen, two throw pillows rest on the sofa, a rectangular coffee table sits in front of the seating, and a ceramic vase decorates the tabletop.","eq,1,tv; eq,1,media_console; eq,1,sofa; eq,2,throw_pillow; eq,1,coffee_table; eq,1,vase","eq,1,tv,flat_screen; eq,1,media_console,low; eq,1,sofa,l_shaped; eq,1,coffee_table,rectangular; eq,1,vase,ceramic","eq,1,above,0,media_console,tv; eq,1,face,0,tv,sofa; eq,2,on,0,sofa,throw_pillow; eq,1,front,0,sofa,coffee_table; eq,1,on,0,coffee_table,vase","eq,1,on,tv,wall",medium,single_room
340,"A multifunctional den arranged for work and relaxation features a compact writing desk beneath the window, an ergonomic desk chair in front of it, a laptop resting on the desktop, a rolling file cabinet on the left, a woven area rug covering the floor, and a tall bookcase along the side wall.","eq,1,desk; eq,1,chair; eq,1,laptop; eq,1,file_cabinet; eq,1,area_rug; eq,1,bookcase","eq,1,desk,compact; eq,1,chair,ergonomic; eq,1,file_cabinet,rolling; eq,1,area_rug,woven; eq,1,bookcase,tall; eq,1,desk,writing","eq,1,front,0,desk,chair; eq,1,on,0,desk,laptop; eq,1,left,0,desk,file_cabinet","eq,1,under,desk,window; eq,1,against,bookcase,wall",medium,single_room
341,"A music corner in the den showcases a digital piano placed against the wall beside a window, a padded piano bench in front of it, a music stand standing next to the piano, a vintage metronome resting on the piano, a floor lamp casting light over the bench, and a small patterned rug beneath it.","eq,1,piano; eq,1,piano_bench; eq,1,music_stand; eq,1,metronome; eq,1,floor_lamp; eq,1,rug","eq,1,piano,digital; eq,1,piano_bench,padded; eq,1,metronome,vintage; eq,1,rug,patterned","eq,1,front,0,piano,piano_bench; eq,1,next,0,piano,music_stand; eq,1,on,0,piano,metronome; eq,1,next,0,piano_bench,floor_lamp; eq,1,on,0,rug,piano_bench","eq,1,against,piano,wall; eq,1,beside,piano,window",medium,single_room
342,"In this entertainment den a distressed leather sofa faces a reclaimed wood coffee table, a steel bookshelf stands against the far wall, a tripod floor lamp casts light over the seating, a hardcover book sits on the sofa, and a potted succulent adorns the table.","eq,1,sofa; eq,1,coffee_table; eq,1,bookshelf; eq,1,floor_lamp; eq,1,book; eq,1,succulent","eq,1,sofa,distressed_leather; eq,1,coffee_table,reclaimed_wooden; eq,1,bookshelf,steel; eq,1,floor_lamp,tripod; eq,1,book,hardcover; eq,1,succulent,potted","eq,1,face,0,coffee_table,sofa; eq,1,on,0,sofa,book; eq,1,on,0,coffee_table,succulent; eq,1,next,0,sofa,floor_lamp","eq,1,against,bookshelf,wall",medium,single_room
343,"A cozy den features a low-slung sofa facing a round coffee table. Across from the sofa rests a leather armchair beside a narrow side table holding a small potted plant. Along the back wall stands a tall bookshelf, while a curved floor lamp arches over the seating area to cast warm light.","eq,1,sofa; eq,1,coffee_table; eq,1,armchair; eq,1,side_table; eq,1,potted_plant; eq,1,bookshelf; eq,1,floor_lamp","eq,1,sofa,low_slung; eq,1,coffee_table,round; eq,1,armchair,leather; eq,1,side_table,narrow; eq,1,potted_plant,small; eq,1,bookshelf,tall; eq,1,floor_lamp,curved","eq,1,face,0,coffee_table,sofa; eq,1,across,0,sofa,armchair; eq,1,next,0,armchair,side_table; eq,1,on,0,side_table,potted_plant; eq,1,near,0,sofa,floor_lamp; eq,1,near,0,armchair,floor_lamp","eq,1,against,bookshelf,wall",medium,single_room
344,"Sunlight streams into a compact den where a walnut writing desk sits with an ergonomic chair in front, topped by a brass desk lamp. Opposite this workspace, a plush armchair is cushioned with a patterned throw pillow, creating a small reading nook.","eq,1,writing_desk; eq,1,chair; eq,1,desk_lamp; eq,1,armchair; eq,1,throw_pillow","eq,1,writing_desk,walnut; eq,1,chair,ergonomic; eq,1,desk_lamp,brass; eq,1,armchair,plush; eq,1,throw_pillow,patterned","eq,1,front,0,writing_desk,chair; eq,1,on,0,writing_desk,desk_lamp; eq,1,across,0,writing_desk,armchair; eq,1,on,0,armchair,throw_pillow",,medium,single_room
345,"A low media console supports a flat screen TV centered on it, with a modern sofa facing the console. Beside the sofa stands a square side table topped with a remote control and an open magazine, and a tall floor lamp arches over the side table. A textured rug covers the floor.","eq,1,media_console; eq,1,tv; eq,1,sofa; eq,1,side_table; eq,1,remote_control; eq,1,magazine; eq,1,floor_lamp; eq,1,rug","eq,1,media_console,low; eq,1,tv,flat_screen; eq,1,sofa,modern; eq,1,side_table,square; eq,1,magazine,open; eq,1,floor_lamp,tall; eq,1,rug,textured","eq,1,on,0,media_console,tv; eq,1,center,0,media_console,tv; eq,1,face,0,media_console,sofa; eq,1,next,0,sofa,side_table; eq,1,on,0,side_table,remote_control; eq,1,on,0,side_table,magazine; eq,1,next,0,side_table,floor_lamp",,medium,single_room
346,"Sunlight filters through a window onto a chaise lounge draped with a cozy throw blanket. Behind it, a narrow console table holds a tall reading lamp and a hand-painted decorative vase. Above the console, a round mirror hangs on the wall, reflecting the soft glow.","eq,1,chaise_lounge; eq,1,throw_blanket; eq,1,console_table; eq,1,reading_lamp; eq,1,decorative_vase; eq,1,mirror","eq,1,throw_blanket,cozy; eq,1,console_table,narrow; eq,1,reading_lamp,tall; eq,1,decorative_vase,hand_painted; eq,1,mirror,round","eq,1,on,0,chaise_lounge,throw_blanket; eq,1,behind,0,chaise_lounge,console_table; eq,1,on,0,console_table,reading_lamp; eq,1,on,0,console_table,decorative_vase; eq,1,above,0,console_table,mirror","eq,1,in_front,chaise_lounge,window; eq,1,on,mirror,wall",medium,single_room
347,"A dark wood writing desk sits facing a door, topped with an LED desk lamp, an open notebook, and a fountain pen. A patterned area rug carries a velvet armchair and square coffee table. On the coffee table, a ceramic coffee mug holds fresh coffee. A tall floor lamp arches over the rug to illuminate the nook.","eq,1,writing_desk; eq,1,desk_lamp; eq,1,notebook; eq,1,pen; eq,1,rug; eq,1,armchair; eq,1,coffee_table; eq,1,coffee_mug; eq,1,floor_lamp","eq,1,writing_desk,dark_wood; eq,1,desk_lamp,LED; eq,1,notebook,open; eq,1,pen,fountain; eq,1,rug,patterned; eq,1,armchair,velvet; eq,1,coffee_table,square; eq,1,coffee_mug,ceramic; eq,1,floor_lamp,tall; eq,1,coffee_mug,has_fresh_coffee; eq,1,floor_lamp,arch","eq,1,on,0,writing_desk,desk_lamp; eq,1,on,0,writing_desk,notebook; eq,1,on,0,writing_desk,pen; eq,1,on,0,rug,armchair; eq,1,on,0,rug,coffee_table; eq,1,on,0,coffee_table,coffee_mug; eq,1,next,0,rug,floor_lamp","eq,1,facing,writing_desk,door",medium,single_room
348,"A woven area rug lies near a closed door beneath a modern sofa and square side table. A sleek media console supports a flat screen TV across from the sofa. On the side table, a remote control sits beside a ceramic coaster and an open paperback novel. A tripod floor lamp stands on the rug to light the seating area.","eq,1,rug; eq,1,sofa; eq,1,side_table; eq,1,media_console; eq,1,tv; eq,1,remote_control; eq,1,coaster; eq,1,novel; eq,1,floor_lamp","eq,1,rug,woven; eq,1,sofa,modern; eq,1,side_table,square; eq,1,media_console,sleek; eq,1,tv,flat_screen; eq,1,coaster,ceramic; eq,1,novel,open; eq,1,floor_lamp,tripod; eq,1,novel,paperback","eq,1,on,0,rug,sofa; eq,1,on,0,rug,side_table; eq,1,on,0,media_console,tv; eq,1,across,0,sofa,media_console; eq,1,on,0,side_table,remote_control; eq,1,on,0,side_table,coaster; eq,1,on,0,side_table,novel; eq,1,next,0,coaster,remote_control; eq,1,next,0,novel,remote_control; eq,1,on,0,rug,floor_lamp","eq,1,near,rug,door",medium,single_room
349,"A cozy den features a tufted loveseat centered on a shag rug, with a round side table beside it holding a vintage radio, a small vinyl record, and a scented candle. A wood TV console sits next to a closed door and faces the loveseat under a wall-mounted flat screen TV.","eq,1,loveseat; eq,1,rug; eq,1,side_table; eq,1,radio; eq,1,vinyl_record; eq,1,candle; eq,1,tv_console; eq,1,tv","eq,1,loveseat,tufted; eq,1,rug,shag; eq,1,side_table,round; eq,1,radio,vintage; eq,1,vinyl_record,small; eq,1,candle,scented; eq,1,tv_console,wood; eq,1,tv,flat_screen; eq,1,tv,wall_mounted","eq,1,center,0,rug,loveseat; eq,1,next,0,loveseat,side_table; eq,1,on,0,side_table,radio; eq,1,on,0,side_table,vinyl_record; eq,1,on,0,side_table,candle; eq,1,on,0,rug,loveseat; eq,1,face,0,loveseat,tv_console; eq,1,above,0,tv_console,tv","eq,1,next,tv_console,door; eq,1,on,tv,wall",medium,single_room
350,"A navy sofa and a wooden side table flank a patterned rug in a den scattered with plush toys. A teddy bear sits on the sofa while a unicorn plush rests on the side table beside a dinosaur plush. Beneath a large window, a round ottoman supports a koala plush.","eq,1,sofa; eq,1,side_table; eq,1,rug; eq,1,ottoman; eq,1,teddy_bear; eq,1,unicorn_plush; eq,1,dinosaur_plush; eq,1,koala_plush","eq,1,sofa,navy; eq,1,side_table,wooden; eq,1,rug,patterned; eq,1,ottoman,round","eq,1,on,0,rug,sofa; eq,1,on,0,rug,side_table; eq,1,on,0,sofa,teddy_bear; eq,1,on,0,side_table,unicorn_plush; eq,1,next,0,unicorn_plush,dinosaur_plush; eq,1,on,0,ottoman,koala_plush; eq,1,on,0,side_table,dinosaur_plush","eq,1,under,ottoman,window",medium,single_room
351,"A large cardboard box stands in front of a closed door. Beside it, a black trash can holds crushed soda cans. Near a window, a metal desk has a coffee cup to the left of a closed notebook on its surface, with a mesh office chair in front.","eq,1,cardboard_box; eq,1,trash_can; eq,1,desk; eq,1,office_chair; ge,2,soda_can; eq,1,coffee_cup; eq,1,notebook","eq,1,cardboard_box,large; eq,1,trash_can,black; eq,1,desk,metal; eq,1,office_chair,mesh; eq,1,notebook,closed; ge,2,soda_can,crushed","ge,2,in,0,trash_can,soda_can; eq,1,left,0,notebook,coffee_cup; eq,1,on,0,desk,notebook; eq,1,on,0,desk,coffee_cup; eq,1,front,0,desk,office_chair","eq,1,in_front,cardboard_box,door; eq,1,near,desk,window",medium,single_room
352,"In this lively den, an arcade machine stands against the wall next to the door. Opposite it, a sleek bar counter sits beneath a window, its top lined with two soda bottles and a single cocktail glass. Near the window, a high table accommodates a lone bar stool tucked neatly underneath, creating a casual spot for players to grab a drink.","eq,1,arcade_machine; eq,1,bar_counter; eq,1,high_table; eq,1,bar_stool; eq,2,soda_bottle; eq,1,cocktail_glass","eq,1,bar_counter,sleek","eq,1,opposite,0,arcade_machine,bar_counter; eq,2,on,0,bar_counter,soda_bottle; eq,1,on,0,bar_counter,cocktail_glass; eq,1,under_region,0,high_table,bar_stool","eq,1,against,arcade_machine,wall; eq,1,next,arcade_machine,door; eq,1,under,bar_counter,window; eq,1,near,high_table,window",medium,single_room
353,"A lively den places a table tennis table at the center of the room. A wooden bench sits near the door for players to rest. Against one wall, a storage cabinet stands below a window. On the cabinet's top, a clear water bottle positioned to the left of two paddles and a ping-pong ball balanced on the right paddle.","eq,1,table_tennis_table; eq,1,bench; eq,1,storage_cabinet; eq,1,water_bottle; eq,2,paddle; eq,1,ping_pong_ball","eq,1,bench,wooden; eq,1,water_bottle,clear","eq,2,on,0,storage_cabinet,paddle; eq,1,on,0,storage_cabinet,water_bottle; eq,1,on,0,paddle,ping_pong_ball; eq,2,left,0,paddle,water_bottle; eq,1,right,0,paddle,ping_pong_ball","eq,1,center,table_tennis_table,room; eq,1,near,bench,door; eq,1,against,storage_cabinet,wall; eq,1,under,storage_cabinet,window",medium,single_room
354,"A chemical company manager office has a large wooden desk with a leather swivel chair in front. On the desktop sit a laptop, a microscope, and an open notebook. A two-drawer filing cabinet stands against the wall, and a small fabric sofa faces the desk.","eq,1,desk; eq,1,chair; eq,1,laptop; eq,1,microscope; eq,1,notebook; eq,1,filing_cabinet; eq,1,sofa","eq,1,desk,large; eq,1,desk,wooden; eq,1,chair,leather; eq,1,chair,swivel; eq,1,notebook,open; eq,1,filing_cabinet,two_drawer; eq,1,sofa,small; eq,1,sofa,fabric","eq,1,front,0,desk,chair; eq,1,on,0,desk,laptop; eq,1,on,0,desk,microscope; eq,1,on,0,desk,notebook; eq,1,facing,0,desk,sofa","eq,1,against,filing_cabinet,wall",medium,single_room
355,"This computer science professor office features a modern standing-height desk with an ergonomic chair facing it. A laptop and a single reference textbook rest on the desk surface. A cushioned visitor chair sits facing the desk, and a tall wooden bookshelf stands against the adjacent wall.","eq,1,desk; eq,2,chair; eq,1,laptop; eq,1,textbook; eq,1,bookshelf","eq,1,desk,modern; eq,1,desk,standing_height; eq,1,chair,ergonomic; eq,1,chair,cushioned; eq,1,textbook,reference; eq,1,bookshelf,tall; eq,1,bookshelf,wooden","eq,2,face,0,desk,chair; eq,1,on,0,desk,laptop; eq,1,on,0,desk,textbook","eq,1,against,bookshelf,wall",medium,single_room
356,"An architect's office centers on a spacious drafting table with a swiveling drafting stool nearby. A cushioned lounge chair stands beside a tall filing cabinet. On the drafting table surface lie a rolled-up blueprint, a wooden scale model of a house, and a potted plant.","eq,1,drafting_table; eq,1,drafting_stool; eq,1,lounge_chair; eq,1,filing_cabinet; eq,1,blueprint; eq,1,house_scale_model; eq,1,potted_plant","eq,1,drafting_table,spacious; eq,1,drafting_stool,swiveling; eq,1,lounge_chair,cushioned; eq,1,filing_cabinet,tall; eq,1,blueprint,rolled_up; eq,1,house_scale_model,wooden","eq,1,near,0,drafting_table,drafting_stool; eq,1,on,0,drafting_table,blueprint; eq,1,on,0,drafting_table,house_scale_model; eq,1,on,0,drafting_table,potted_plant; eq,1,beside,0,filing_cabinet,lounge_chair",,medium,single_room
357,In an interior designer's office a sleek glass desk features a supportive swivel chair facing it. Across from the desk is a small sofa and in front of the sofa sits a low coffee table holding a ceramic vase and a catalog book. On the desk a single fabric swatch is laid out.,"eq,1,desk; eq,1,chair; eq,1,sofa; eq,1,coffee_table; eq,1,vase; eq,1,book; eq,1,fabric_swatch","eq,1,desk,sleek; eq,1,desk,glass; eq,1,chair,supportive; eq,1,chair,swivel; eq,1,sofa,small; eq,1,coffee_table,low; eq,1,vase,ceramic; eq,1,book,catalog; eq,1,fabric_swatch,single","eq,1,face,0,desk,chair; eq,1,across,0,desk,sofa; eq,1,front,0,sofa,coffee_table; eq,1,on,0,coffee_table,vase; eq,1,on,0,coffee_table,book; eq,1,on,0,desk,fabric_swatch",,medium,single_room
358,"A forensic scientist's office includes a sturdy lab bench against the wall with a swivel stool facing it. On the bench rest a microscope, a sample tray, and an open reference manual. Next to the bench is a tall storage cabinet.","eq,1,lab_bench; eq,1,stool; eq,1,microscope; eq,1,sample_tray; eq,1,reference_manual; eq,1,storage_cabinet","eq,1,lab_bench,sturdy; eq,1,stool,swivel; eq,1,reference_manual,open; eq,1,storage_cabinet,tall","eq,1,facing,0,lab_bench,stool; eq,1,on,0,lab_bench,microscope; eq,1,on,0,lab_bench,sample_tray; eq,1,on,0,lab_bench,reference_manual; eq,1,beside,0,lab_bench,storage_cabinet","eq,1,against,lab_bench,wall",medium,single_room
359,"In a fashion designer's studio a large cutting table occupies the center with a swivel stool positioned next to it. A mannequin stands nearby, and on the table lie a sewing machine and two fabric rolls.","eq,1,cutting_table; eq,1,stool; eq,1,mannequin; eq,1,sewing_machine; eq,2,fabric_roll","eq,1,cutting_table,large; eq,1,stool,swivel","eq,1,next,0,cutting_table,stool; eq,1,near,0,cutting_table,mannequin; eq,1,on,0,cutting_table,sewing_machine; eq,2,on,0,cutting_table,fabric_roll","eq,1,center,cutting_table,room",medium,single_room
360,"A real estate agent's office includes a glass desk against the window with an ergonomic chair facing it. A plush sofa sits across from the desk, and a coffee table in front of the sofa holds a property model and a brochure folder.","eq,1,desk; eq,1,chair; eq,1,sofa; eq,1,coffee_table; eq,1,property_model; eq,1,brochure_folder","eq,1,desk,glass; eq,1,chair,ergonomic; eq,1,sofa,plush","eq,1,facing,0,desk,chair; eq,1,across,0,desk,sofa; eq,1,front,0,sofa,coffee_table; eq,1,on,0,coffee_table,property_model; eq,1,on,0,coffee_table,brochure_folder","eq,1,against,desk,window",medium,single_room
361,"An HR manager's office has a mahogany desk with a leather desk chair facing it. A visitor sofa stands against the opposite wall. A tall two-drawer filing cabinet stands beside the desk, and a potted plant rests on the cabinet.","eq,1,desk; eq,1,chair; eq,1,sofa; eq,1,filing_cabinet; eq,1,potted_plant","eq,1,desk,mahogany; eq,1,chair,leather; eq,1,sofa,visitor; eq,1,filing_cabinet,tall; eq,1,filing_cabinet,two_drawer","eq,1,facing,0,desk,chair; eq,1,beside,0,desk,filing_cabinet; eq,1,on,0,filing_cabinet,potted_plant; eq,1,opposite,0,desk,sofa","eq,1,against,sofa,wall",medium,single_room
362,"In a biotech research director's office a metal desk sits near the door with a leather swivel chair facing it. On the desk surface a microscope stands to the left of a laptop, and a petri dish sits next to a pipette rack. A round conference table occupies the room center, and a tall bookshelf lines the far wall.","eq,1,desk; eq,1,chair; eq,1,microscope; eq,1,laptop; eq,1,petri_dish; eq,1,pipette_rack; eq,1,conference_table; eq,1,bookshelf","eq,1,desk,metal; eq,1,chair,leather; eq,1,chair,swivel; eq,1,conference_table,round; eq,1,bookshelf,tall","eq,1,facing,0,desk,chair; eq,1,on,0,desk,microscope; eq,1,on,0,desk,laptop; eq,1,on,0,desk,petri_dish; eq,1,on,0,desk,pipette_rack; eq,1,left,0,laptop,microscope; eq,1,next,0,pipette_rack,petri_dish","eq,1,near,desk,door; eq,1,center,conference_table,room; eq,1,against,bookshelf,wall",medium,single_room
363,"A clinical psychologist's office contains a walnut desk positioned against the window with an adjustable office chair facing it. On the desk lie a brain model next to an open notebook, a desk lamp sits behind a stress ball. A plush sofa face the desk with a low coffee table in front.","eq,1,desk; eq,1,office_chair; eq,1,brain_model; eq,1,notebook; eq,1,desk_lamp; eq,1,stress_ball; eq,1,sofa; eq,1,coffee_table","eq,1,desk,walnut; eq,1,office_chair,adjustable; eq,1,notebook,open; eq,1,sofa,plush; eq,1,coffee_table,low","eq,1,facing,0,desk,office_chair; eq,1,on,0,desk,brain_model; eq,1,on,0,desk,notebook; eq,1,next,0,notebook,brain_model; eq,1,on,0,desk,desk_lamp; eq,1,on,0,desk,stress_ball; eq,1,behind,0,stress_ball,desk_lamp; eq,1,facing,0,desk,sofa; eq,1,front,0,sofa,coffee_table","eq,1,against,desk,window",medium,single_room
364,"A marketing manager's office features an L-shaped glass desk near the door with a mesh swivel chair facing it. On the desk a business tablet sits beside a wireless mouse, and a cup of pencils stands next to a smartphone. A plush sofa sits across from the desk, and a wooden filing cabinet lines the wall.","eq,1,desk; eq,1,chair; eq,1,tablet; eq,1,mouse; eq,1,cup_of_pencils; eq,1,smartphone; eq,1,sofa; eq,1,filing_cabinet","eq,1,desk,l_shaped; eq,1,desk,glass; eq,1,chair,mesh; eq,1,chair,swivel; eq,1,mouse,wireless; eq,1,sofa,plush; eq,1,filing_cabinet,wooden","eq,1,facing,0,desk,chair; eq,1,on,0,desk,tablet; eq,1,on,0,desk,mouse; eq,1,on,0,desk,cup_of_pencils; eq,1,on,0,desk,smartphone; eq,1,beside,0,tablet,mouse; eq,1,next,0,smartphone,cup_of_pencils; eq,1,across,0,desk,sofa","eq,1,near,desk,door; eq,1,against,filing_cabinet,wall",medium,single_room
365,"Art director's office centers on a spacious drafting table against the window with a padded stool facing it. On the table a paintbrush holder stands to the right of a sketchpad, and a laptop sits behind an art book. A lounge chair offers seating nearby, and a tall bookshelf occupies the opposite wall.","eq,1,drafting_table; eq,1,stool; eq,1,paintbrush_holder; eq,1,sketchpad; eq,1,laptop; eq,1,art_book; eq,1,lounge_chair; eq,1,bookshelf","eq,1,drafting_table,spacious; eq,1,stool,padded; eq,1,bookshelf,tall","eq,1,facing,0,drafting_table,stool; eq,1,on,0,drafting_table,paintbrush_holder; eq,1,on,0,drafting_table,sketchpad; eq,1,on,0,drafting_table,laptop; eq,1,on,0,drafting_table,art_book; eq,1,right,0,sketchpad,paintbrush_holder; eq,1,behind,0,art_book,laptop; eq,1,near,0,drafting_table,lounge_chair","eq,1,center,drafting_table,room; eq,1,against,drafting_table,window; eq,1,against,bookshelf,wall",medium,single_room
366,"In a marine biologist's office a teak desk sits near the window with a leather swivel chair facing it. On the desk surface a computer monitor sits to the right of a microscope, and a petri dish stands next to a sample vial. A small sofa faces the desk, and a metal filing cabinet stands against the opposite wall.","eq,1,desk; eq,1,chair; eq,1,computer_monitor; eq,1,microscope; eq,1,petri_dish; eq,1,sample_vial; eq,1,sofa; eq,1,filing_cabinet","eq,1,desk,teak; eq,1,chair,leather; eq,1,chair,swivel; eq,1,sofa,small; eq,1,filing_cabinet,metal","eq,1,facing,0,desk,chair; eq,1,on,0,desk,computer_monitor; eq,1,on,0,desk,microscope; eq,1,on,0,desk,petri_dish; eq,1,on,0,desk,sample_vial; eq,1,right,0,microscope,computer_monitor; eq,1,next,0,petri_dish,sample_vial; eq,1,facing,0,desk,sofa","eq,1,near,desk,window; eq,1,against,filing_cabinet,wall",medium,single_room
367,"An urban architect's office features a round conference table near the window with three leather chairs arranged around it: two on the table's long side and one at a short side. On the table a rolled blueprint lies next to a digital notepad, and a coffee mug sits beside a pen.","eq,1,conference_table; eq,3,chair; eq,1,blueprint; eq,1,digital_notepad; eq,1,coffee_mug; eq,1,pen","eq,1,conference_table,round; eq,3,chair,leather; eq,1,blueprint,rolled; eq,1,digital_notepad,digital","eq,2,long_side,0,conference_table,chair; eq,1,short_side,0,conference_table,chair; eq,1,on,0,conference_table,blueprint; eq,1,on,0,conference_table,digital_notepad; eq,1,on,0,conference_table,coffee_mug; eq,1,on,0,conference_table,pen; eq,1,next,0,digital_notepad,blueprint; eq,1,beside,0,pen,coffee_mug","eq,1,near,conference_table,window",medium,single_room
368,"In an international trade consultant's office a wooden credenza lines the wall near the door. A plush sofa faces the credenza, and a glass coffee table sits in front of the sofa with a leather armchair positioned nearby. On the coffee table a law report lies next to a pen set, and a calculator sits beside a business tablet.","eq,1,credenza; eq,1,sofa; eq,1,coffee_table; eq,1,armchair; eq,1,law_report; eq,1,pen_set; eq,1,calculator; eq,1,business_tablet","eq,1,credenza,wooden; eq,1,sofa,plush; eq,1,coffee_table,glass; eq,1,armchair,leather","eq,1,facing,0,credenza,sofa; eq,1,front,0,sofa,coffee_table; eq,1,near,0,coffee_table,armchair; eq,1,on,0,coffee_table,law_report; eq,1,on,0,coffee_table,pen_set; eq,1,on,0,coffee_table,calculator; eq,1,on,0,coffee_table,business_tablet; eq,1,next,0,law_report,pen_set; eq,1,next,0,calculator,business_tablet","eq,1,against,credenza,wall; eq,1,near,credenza,door",medium,single_room
369,"In an oceanographer's office a tall display cabinet stands against the wall near the window. A leather chaise lounge sits nearby, and a round side table holds a sealed journal next to a magnifying glass. A compass rests beside the journal, and a potted shell stands next to the compass. A floor lamp stands adjacent to the chaise.","eq,1,display_cabinet; eq,1,chaise_lounge; eq,1,side_table; eq,1,journal; eq,1,magnifying_glass; eq,1,compass; eq,1,potted_shell; eq,1,floor_lamp","eq,1,display_cabinet,tall; eq,1,chaise_lounge,leather; eq,1,side_table,round; eq,1,journal,sealed","eq,1,near,0,display_cabinet,chaise_lounge; eq,1,on,0,side_table,journal; eq,1,on,0,side_table,magnifying_glass; eq,1,next,0,journal,magnifying_glass; eq,1,next,0,journal,compass; eq,1,next,0,potted_shell,compass; eq,1,adjacent,0,chaise_lounge,floor_lamp; eq,1,on,0,side_table,compass","eq,1,near,display_cabinet,window; eq,1,against,display_cabinet,wall",medium,single_room
370,"A luxurious master bedroom features a canopy bed with an upholstered headboard. Two white nightstands stand beside it; one supports a marble table lamp and a photo frame, the other holds a green potted plant and an alarm clock. A tufted bench sits at the foot of the bed. Along one wall, a double-door wardrobe with patterned panels provides storage. Opposite, a wooden vanity desk topped with three metal candlesticks and a decorative tray is paired with an armless cushioned stool. A tall floor plant and a tripod floor lamp flank the desk on the left and right, respectively. Above a low dresser, a wall-mounted mirror reflects a crystal chandelier hanging from the ceiling. A plush area rug covers the floor under the bed.","eq,1,bed; eq,2,nightstand; eq,1,table_lamp; eq,1,photo_frame; eq,1,potted_plant; eq,1,alarm_clock; eq,1,bench; eq,1,wardrobe; eq,1,desk; eq,3,candlestick; eq,1,tray; eq,1,stool; eq,1,floor_plant; eq,1,floor_lamp; eq,1,dresser; eq,1,mirror; eq,1,chandelier; eq,1,area_rug","eq,1,bed,canopy; eq,1,bed,upholstered_headboard; eq,2,nightstand,white; eq,1,table_lamp,marble; eq,1,potted_plant,green; eq,1,bench,tufted; eq,1,wardrobe,double_door; eq,1,wardrobe,patterned_panels; eq,1,desk,wooden; eq,1,desk,vanity; eq,3,candlestick,metal; eq,1,tray,decorative; eq,1,stool,armless_cushioned; eq,1,floor_plant,tall; eq,1,floor_lamp,tripod; eq,1,mirror,wall_mounted; eq,1,chandelier,crystal; eq,1,area_rug,plush; eq,1,dresser,low","eq,2,next,0,bed,nightstand; eq,1,on,0,nightstand,table_lamp; eq,1,on,0,nightstand,photo_frame; eq,1,on,0,nightstand,potted_plant; eq,1,on,0,nightstand,alarm_clock; eq,1,at_the_foot,0,bed,bench; eq,1,next,0,desk,stool; eq,3,on,0,desk,candlestick; eq,1,on,0,desk,tray; eq,1,left,0,desk,floor_plant; eq,1,right,0,desk,floor_lamp; eq,1,above,0,dresser,mirror; eq,1,under,0,bed,area_rug","eq,1,against,wardrobe,wall; eq,1,on,mirror,wall; eq,1,hang,chandelier,ceiling",hard,single_room
371,"A contemporary master bedroom centered on a king-size platform bed flanked by two maple nightstands. An upholstered bench sits at the foot of the bed. Opposite the bed, a mid-century reading chair perches beside a metal floor lamp. A low-profile dresser stands against the far wall with a potted fern on top. A round wool rug covers the floor, while two linen pillows rest on the bed and a pair of hardcovers lie open on one nightstand.","eq,1,bed; eq,2,nightstand; eq,1,bench; eq,1,reading_chair; eq,1,floor_lamp; eq,1,dresser; eq,1,fern; eq,1,rug; eq,2,pillow; eq,2,book","eq,1,bed,king_size; eq,1,bed,platform; eq,2,nightstand,maple; eq,1,bench,upholstered; eq,1,reading_chair,mid_century; eq,1,floor_lamp,metal; eq,1,dresser,low_profile; eq,1,fern,potted; eq,1,rug,round; eq,1,rug,wool; eq,2,pillow,linen; eq,2,book,hardcover; eq,2,book,open","eq,1,left,0,bed,nightstand; eq,1,right,0,bed,nightstand; eq,1,at_the_foot,0,bed,bench; eq,1,opposite,0,bed,reading_chair; eq,1,beside,0,reading_chair,floor_lamp; eq,2,on,0,bed,pillow; eq,2,on,0,nightstand,book; eq,1,on,0,dresser,fern","eq,1,against,dresser,wall",hard,single_room
372,"A bohemian guest bedroom features a queen-size canopy bed with a single rattan nightstand on one side and a distressed metal nightstand on the other. A single ceramic vase and a magazine lies on the nightstands. At the foot of the bed, a wooden luggage rack holds a folded wool throw. Across the room, a walnut dresser supports a decorative tray. Two scented candles stand in the tray. A patterned rug covers the floor and a fiddle leaf fig rests in a woven basket near the window.","eq,1,bed; eq,2,nightstand; eq,1,vase; eq,1,magazine; eq,1,luggage_rack; eq,1,throw; eq,1,dresser; eq,1,tray; eq,2,candle; eq,1,rug; eq,1,basket; eq,1,fig","eq,1,bed,queen_size; eq,1,bed,canopy; eq,1,nightstand,rattan; eq,1,nightstand,distressed_metal; eq,1,vase,ceramic; eq,1,luggage_rack,wooden; eq,1,throw,wool; eq,1,dresser,walnut; eq,1,tray,decorative; eq,2,candle,scented; eq,1,rug,patterned; eq,1,basket,woven; eq,1,fig,fiddle_leaf; eq,1,throw,folded","eq,1,left,0,bed,nightstand; eq,1,right,0,bed,nightstand; eq,1,on,0,nightstand,vase; eq,1,on,0,nightstand,magazine; eq,1,on,0,luggage_rack,throw; eq,1,on,0,dresser,tray; eq,2,inside,0,tray,candle; eq,1,within,0,basket,fig","eq,1,near,basket,window",hard,single_room
373,"A minimalist bedroom showcases a low-profile platform bed paired with a floating nightstand on one side that supports a slim LED lamp. A narrow floor bench stands at the foot of the bed. Along the adjacent wall, a slim vertical bookshelf holds no additional decor. Opposite the bed, a small writing desk accompanies a modern chair. Beneath the desk, two decorative storage boxes sit side by side. A round mirror hangs above the desk, and a geometric runner rug lies across the hardwood floor.","eq,1,bed; eq,1,nightstand; eq,1,lamp; eq,1,bench; eq,1,bookshelf; eq,1,desk; eq,1,chair; eq,2,storage_box; eq,1,mirror; eq,1,rug","eq,1,bed,low_profile; eq,1,bed,platform; eq,1,nightstand,floating; eq,1,lamp,slim; eq,1,lamp,LED; eq,1,bench,narrow; eq,1,bookshelf,slim; eq,1,bookshelf,vertical; eq,1,desk,writing; eq,1,chair,modern; eq,2,storage_box,decorative; eq,1,mirror,round; eq,1,rug,geometric; eq,1,rug,runner","eq,1,on,0,nightstand,lamp; eq,1,at_the_foot,0,bed,bench; eq,1,opposite,0,bed,desk; eq,1,next,0,desk,chair; eq,2,under,0,desk,storage_box; eq,1,above,0,desk,mirror","eq,1,against,bookshelf,wall; eq,1,on,mirror,wall",hard,single_room
374,"A luxury suite bedroom features an upholstered king-size bed with two marble-top nightstands. A velvet armchair sits beside a gold metal side table. A tall mirrored armoire stands near the entrance. Above the bed hangs a crystal chandelier. A faux fur rug lies in front of the bed. On one nightstand, a porcelain vase holds fresh peonies. Two silk pillows rest on the bed and a hardcover book sits atop the side table.","eq,1,bed; eq,2,nightstand; eq,1,armchair; eq,1,side_table; eq,1,armoire; eq,1,chandelier; eq,1,rug; eq,1,vase; ge,2,peony; eq,2,pillow; eq,1,book","eq,1,bed,king_size; eq,1,bed,upholstered; eq,2,nightstand,marble_top; eq,1,armchair,velvet; eq,1,side_table,gold; eq,1,armoire,mirrored; eq,1,chandelier,crystal; eq,1,rug,faux_fur; eq,1,vase,porcelain; ge,2,peony,fresh; eq,2,pillow,silk; eq,1,book,hardcover; eq,1,side_table,metal; eq,1,armoire,tall","eq,1,left,0,bed,nightstand; eq,1,right,0,bed,nightstand; eq,1,beside,0,armchair,side_table; eq,1,above,0,bed,chandelier; eq,1,front,0,bed,rug; eq,1,on,0,nightstand,vase; ge,2,inside,0,vase,peony; eq,2,on,0,bed,pillow; eq,1,on,0,side_table,book","eq,1,hang,chandelier,ceiling; eq,1,near,armoire,door",hard,single_room
375,"A Scandinavian loft bedroom boasts a king-size platform bed framed by two white oak nightstands. A slim writing desk faces the bed with a leather swivel chair nearby. Directly opposite, a tall ladder bookshelf holds a potted fiddle leaf fig at the top. A black metal floor lamp stands beside the desk. At the foot of the bed, a tufted wool bench provides seating. A round jute rug lies underfoot. Two linen pillows rest on the bed and a single design magazine lies open on one nightstand.","eq,1,bed; eq,2,nightstand; eq,1,desk; eq,1,chair; eq,1,bookshelf; eq,1,fig; eq,1,floor_lamp; eq,1,bench; eq,1,rug; eq,2,pillow; eq,1,magazine","eq,1,bed,king_size; eq,1,bed,platform; eq,2,nightstand,white; eq,1,desk,slim; eq,1,chair,leather; eq,1,bookshelf,tall; eq,1,bookshelf,ladder; eq,1,fig,potted; eq,1,floor_lamp,black; eq,1,bench,tufted; eq,1,bench,wool; eq,1,rug,round; eq,1,rug,jute; eq,2,pillow,linen; eq,1,magazine,design; eq,1,magazine,open; eq,2,nightstand,oak; eq,1,desk,writing; eq,1,chair,swivel; eq,1,fig,fiddle_leaf; eq,1,floor_lamp,metal","eq,1,left,0,bed,nightstand; eq,1,right,0,bed,nightstand; eq,1,facing,0,bed,desk; eq,1,near,0,desk,chair; eq,1,opposite,0,desk,bookshelf; eq,1,on,0,bookshelf,fig; eq,1,beside,0,desk,floor_lamp; eq,1,at_the_foot,0,bed,bench; eq,2,on,0,bed,pillow; eq,1,on,0,nightstand,magazine",,hard,single_room
376,"An industrial loft bedroom presents a reclaimed wood bed with two steel nightstands. A metal bookshelf stands against a wall. A simple writing desk holds two hardcover books and a task chair faces it. A tripod floor lamp illuminates the workspace. Below a raw concrete bench at the foot of the bed lies a geometric rug. One felt cushion sits on the bench, and a vintage radio perches on one nightstand.","eq,1,bed; eq,2,nightstand; eq,1,bookshelf; eq,1,desk; eq,1,chair; eq,2,book; eq,1,floor_lamp; eq,1,bench; eq,1,rug; eq,1,cushion; eq,1,radio","eq,1,bed,reclaimed_wood; eq,2,nightstand,steel; eq,1,bookshelf,metal; eq,1,desk,simple; eq,1,desk,writing; eq,1,chair,task; eq,2,book,hardcover; eq,1,floor_lamp,tripod; eq,1,bench,raw_concrete; eq,1,rug,geometric; eq,1,cushion,felt; eq,1,radio,vintage","eq,1,left,0,bed,nightstand; eq,1,right,0,bed,nightstand; eq,1,face,0,desk,chair; eq,1,at_the_foot,0,bed,bench; eq,2,on,0,desk,book; eq,1,on,0,bench,cushion; eq,1,on,0,nightstand,radio","eq,1,against,bookshelf,wall",hard,single_room
377,"A coastal guest bedroom features a whitewashed daybed paired with a driftwood side table. A linen armchair nestles beside a tall chevron dresser. A compact writing desk with a rattan seat sits near the window. On the side table, two seashells and a sea glass vase add nautical charm. A cotton throw drapes over the daybed. A rectangular jute rug covers the floor, and a single linen pillow rests against the backrest.","eq,1,daybed; eq,1,side_table; eq,1,armchair; eq,1,dresser; eq,1,desk; eq,1,chair; eq,2,seashell; eq,1,vase; eq,1,throw; eq,1,rug; eq,1,pillow","eq,1,daybed,whitewashed; eq,1,side_table,driftwood; eq,1,armchair,linen; eq,1,dresser,tall; eq,1,dresser,chevron; eq,1,desk,compact; eq,1,desk,writing; eq,1,chair,rattan; eq,1,vase,sea_glass; eq,1,throw,cotton; eq,1,rug,rectangular; eq,1,rug,jute; eq,1,pillow,linen","eq,1,beside,0,daybed,side_table; eq,1,beside,0,armchair,dresser; eq,1,near,0,desk,chair; eq,2,on,0,side_table,seashell; eq,1,on,0,side_table,vase; eq,1,on,0,daybed,throw; eq,1,on,0,daybed,pillow","eq,1,near,desk,window",hard,single_room
378,"A boho chic canopy bedroom displays a linen canopy bed accompanied by two rattan nightstands. A macrame wall hanging adorns the headboard. A woven wicker bench sits in front of the bed. A round floor pouf lies beside a copper table lamp and a brass floor lamp. Across the room, a distressed wood dresser supports two vinyl albums and a potted snake plant. A faded kilim rug anchors the space.","eq,1,bed; eq,2,nightstand; eq,1,wall_hanging; eq,1,bench; eq,1,floor_pouf; eq,1,table_lamp; eq,1,floor_lamp; eq,1,dresser; eq,2,vinyl_album; eq,1,snake_plant; eq,1,rug","eq,1,bed,linen; eq,2,nightstand,rattan; eq,1,wall_hanging,macrame; eq,1,bench,woven; eq,1,bench,wicker; eq,1,floor_pouf,round; eq,1,table_lamp,copper; eq,1,floor_lamp,brass; eq,1,dresser,distressed_wood; eq,2,vinyl_album,vinyl; eq,1,snake_plant,potted; eq,1,rug,faded; eq,1,rug,kilim; eq,1,bed,canopy","eq,1,left,0,bed,nightstand; eq,1,right,0,bed,nightstand; eq,1,next,0,bed,wall_hanging; eq,1,at_the_foot,0,bed,bench; eq,1,beside,0,floor_pouf,table_lamp; eq,1,beside,0,floor_pouf,floor_lamp; eq,2,on,0,dresser,vinyl_album; eq,1,on,0,dresser,snake_plant","eq,1,on,wall_hanging,wall; eq,1,middle,rug,room",hard,single_room
379,"A farmhouse retreat bedroom centers on a cherry sleigh bed flanked by two painted pine nightstands. A reclaimed wood dresser stands opposite a small writing desk with a spindle-back chair. The desk holds a brass table lamp and an open magazine. A woven wicker basket contains a folded wool blanket. A striped cotton rug lies beside the bed, and a single down pillow rests on the mattress. A round wood-framed mirror hangs above the dresser.","eq,1,bed; eq,2,nightstand; eq,1,dresser; eq,1,desk; eq,1,chair; eq,1,table_lamp; eq,1,magazine; eq,1,basket; eq,1,blanket; eq,1,rug; eq,1,pillow; eq,1,mirror","eq,1,bed,cherry; eq,1,bed,sleigh; eq,2,nightstand,painted_pine; eq,1,dresser,reclaimed_wood; eq,1,desk,writing; eq,1,chair,spindle_back; eq,1,table_lamp,brass; eq,1,magazine,open; eq,1,basket,woven; eq,1,basket,wicker; eq,1,blanket,wool; eq,1,blanket,folded; eq,1,rug,striped; eq,1,rug,cotton; eq,1,pillow,down; eq,1,mirror,round; eq,1,mirror,wood_framed; eq,1,desk,small","eq,1,left,0,bed,nightstand; eq,1,right,0,bed,nightstand; eq,1,opposite,0,desk,dresser; eq,1,next,0,desk,chair; eq,1,on,0,desk,magazine; eq,1,on,0,desk,table_lamp; eq,1,inside,0,basket,blanket; eq,1,beside,0,bed,rug; eq,1,on,0,bed,pillow; eq,1,above,0,dresser,mirror","eq,1,on,mirror,wall",hard,single_room
380,"Soft light filters through the window onto a tall wooden desk placed near its sill, where a red table lamp, a blue storybook, and a wooden toy car occupy the surface. A green swivel chair faces the desk. Beside the desk, an open white bookshelf stands next to the door with a small picture frame on its top shelf. Across the room, a white wardrobe rests against the opposite wall. A cozy twin bed with a striped blue duvet is tucked against the side wall, and four plush animals—a lion, a rabbit, a dinosaur, and an elephant—rest on the head of the bed.","eq,1,desk; eq,1,table_lamp; eq,1,storybook; eq,1,toy_car; eq,1,swivel_chair; eq,1,bookshelf; eq,1,picture_frame; eq,1,wardrobe; eq,1,bed; eq,1,toy_lion; eq,1,toy_rabbit; eq,1,toy_dinosaur; eq,1,toy_elephant","eq,1,desk,tall; eq,1,desk,wooden; eq,1,table_lamp,red; eq,1,storybook,blue; eq,1,toy_car,wooden; eq,1,swivel_chair,green; eq,1,bookshelf,white; eq,1,bookshelf,open; eq,1,wardrobe,white; eq,1,bed,twin; eq,1,bed,striped_blue; eq,1,toy_lion,plush; eq,1,toy_rabbit,plush; eq,1,toy_dinosaur,plush; eq,1,toy_elephant,plush; eq,1,picture_frame,small; eq,1,bed,cozy","eq,1,on,0,desk,table_lamp; eq,1,on,0,desk,storybook; eq,1,on,0,desk,toy_car; eq,1,face,0,desk,swivel_chair; eq,1,beside,0,desk,bookshelf; eq,1,top_region,0,bookshelf,picture_frame; eq,1,on,0,bed,toy_lion; eq,1,on,0,bed,toy_rabbit; eq,1,on,0,bed,toy_dinosaur; eq,1,on,0,bed,toy_elephant; eq,1,across,0,bookshelf,wardrobe","eq,1,near,desk,window; eq,1,next,bookshelf,door; eq,1,against,wardrobe,wall; eq,1,against,bed,wall",hard,single_room
381,"Soft daylight streams through the window onto a sleek walnut desk positioned beneath it, where a silver laptop is open, a black MIDI keyboard sits to the left of the laptop, and a pair of studio headphones lie to the right. A white ergonomic chair faces the desk. Next to the desk, a black guitar stand has an electric guitar to the right of it. A low platform bed with a charcoal gray duvet rests against the opposite wall, and a wooden nightstand next to the bed supports a vintage analog clock and a small succulent plant. An open metal bookshelf stands beside the door, displaying a vinyl record on the middle shelf.","eq,1,desk; eq,1,laptop; eq,1,midi_keyboard; eq,1,studio_headphones; eq,1,ergonomic_chair; eq,1,guitar_stand; eq,1,electric_guitar; eq,1,bed; eq,1,nightstand; eq,1,analog_clock; eq,1,succulent_plant; eq,1,bookshelf; eq,1,vinyl_record","eq,1,desk,walnut; eq,1,desk,sleek; eq,1,laptop,silver; eq,1,laptop,open; eq,1,midi_keyboard,black; eq,1,ergonomic_chair,white; eq,1,guitar_stand,black; eq,1,bed,low_platform; eq,1,bed,charcoal_gray; eq,1,nightstand,wooden; eq,1,analog_clock,vintage; eq,1,succulent_plant,small; eq,1,bookshelf,metal; eq,1,bookshelf,open","eq,1,on,0,desk,laptop; eq,1,on,0,desk,midi_keyboard; eq,1,on,0,desk,studio_headphones; eq,1,left,0,laptop,midi_keyboard; eq,1,right,0,laptop,studio_headphones; eq,1,face,0,desk,ergonomic_chair; eq,1,next,0,desk,guitar_stand; eq,1,right,0,guitar_stand,electric_guitar; eq,1,next,0,bed,nightstand; eq,1,on,0,nightstand,analog_clock; eq,1,on,0,nightstand,succulent_plant; eq,1,within,0,bookshelf,vinyl_record; eq,1,opposite,0,desk,bed","eq,1,near,desk,window; eq,1,next,bookshelf,door; eq,1,against,bed,wall",hard,single_room
382,"Late afternoon light falls through a tall window onto a matte black writing desk placed beneath it, where a DSLR camera rests to the left of a silver laptop and a 50 mm lens stands upright to its right. A gray mesh ergonomic chair faces the desk. A modular white shelving unit sits next to the door, holding two photo frames with black-and-white prints and a small potted fern, all on top of the unit. Opposite the shelving, a low platform bed with a white quilted coverlet is set against the far wall, and two framed landscape photographs on the wall above its head. A wooden tripod floor lamp stands near the shelving unit.","eq,1,writing_desk; eq,1,camera; eq,1,laptop; eq,1,lens; eq,1,ergonomic_chair; eq,1,shelving_unit; eq,2,photo_frame; eq,1,fern; eq,1,bed; eq,2,photograph; eq,1,floor_lamp","eq,1,writing_desk,matte_black; eq,1,camera,DSLR; eq,1,laptop,silver; eq,1,lens,50_mm; eq,1,ergonomic_chair,gray; eq,1,shelving_unit,white; eq,1,shelving_unit,modular; eq,2,photo_frame,with_black_and_white_print; eq,1,fern,small; eq,1,fern,potted; eq,1,bed,low_platform; eq,1,bed,white_quilted; eq,2,photograph,landscape; eq,1,floor_lamp,wooden; eq,1,floor_lamp,tripod; eq,1,lens,upright; eq,1,ergonomic_chair,mesh; eq,2,photograph,framed","eq,1,on,0,writing_desk,camera; eq,1,on,0,writing_desk,laptop; eq,1,on,0,writing_desk,lens; eq,1,left,0,laptop,camera; eq,1,right,0,laptop,lens; eq,1,face,0,writing_desk,ergonomic_chair; eq,2,on,0,shelving_unit,photo_frame; eq,1,on,0,shelving_unit,fern; eq,2,above,0,bed,photograph; eq,1,across,0,shelving_unit,bed; eq,1,near,0,shelving_unit,floor_lamp","eq,1,under,writing_desk,window; eq,1,next,shelving_unit,door; eq,1,against,bed,wall; eq,2,on,photograph,wall",hard,single_room
383,"A deep navy sofa with two patterned throw pillows faces a walnut coffee table holding a novel and a television remote. A tan leather armchair is angled toward the sofa, with a round side table next to it supporting a table lamp and a hardcover book. In the corner, a tall wooden bookshelf stands against a light gray wall, its middle shelf displaying a ceramic vase. Under the wide window, a sleek TV stand is topped by a framed abstract painting. A potted fern rests on the side table beside the armchair.","eq,1,sofa; eq,2,throw_pillow; eq,1,coffee_table; eq,2,book; eq,1,remote; eq,1,armchair; eq,1,side_table; eq,1,table_lamp; eq,1,bookshelf; eq,1,vase; eq,1,tv_stand; eq,1,painting; eq,1,fern","eq,1,sofa,deep_navy; eq,2,throw_pillow,patterned; eq,1,coffee_table,walnut; eq,1,armchair,tan; eq,1,armchair,leather; eq,1,side_table,round; eq,1,bookshelf,tall; eq,1,bookshelf,wooden; eq,1,vase,ceramic; eq,1,tv_stand,sleek; eq,1,painting,framed; eq,1,painting,abstract; eq,1,fern,potted; eq,1,book,novel; eq,1,book,hardcover","eq,1,facing,0,coffee_table,sofa; eq,2,on,0,sofa,throw_pillow; eq,1,on,0,coffee_table,book; eq,1,on,0,coffee_table,remote; eq,1,facing,0,sofa,armchair; eq,1,next,0,armchair,side_table; eq,1,on,0,side_table,table_lamp; eq,1,on,0,side_table,book; eq,1,on,0,side_table,fern; eq,1,within,0,bookshelf,vase; eq,1,on,0,tv_stand,painting","eq,1,corner,bookshelf,room; eq,1,against,bookshelf,wall; eq,1,under,tv_stand,window",hard,single_room
384,"A gray L-shaped sectional anchors the room, layered with two cream-colored pillows. A round glass-top coffee table sits in front of it, holding a single hardcover book and a brass bowl. Two leather club chairs face the sectional across a large ivory wool rug. To the side, a tall floor lamp provides soft light next to a fiddle leaf fig. A low media console spans the opposite wall, topped by a sculptural ceramic vase and a hardcover book. Adjacent, a walnut sideboard is illuminated by a brass table lamp and displays a small picture frame.","eq,1,sectional; eq,2,pillow; eq,1,coffee_table; eq,2,book; eq,1,bowl; eq,2,club_chair; eq,1,rug; eq,1,floor_lamp; eq,1,fiddle_leaf_fig; eq,1,media_console; eq,1,vase; eq,1,sideboard; eq,1,table_lamp; eq,1,picture_frame","eq,1,sectional,gray; eq,1,sectional,l_shaped; eq,2,pillow,cream_colored; eq,1,coffee_table,round; eq,1,coffee_table,glass_top; eq,2,book,hardcover; eq,1,bowl,brass; eq,2,club_chair,leather; eq,1,rug,large; eq,1,rug,ivory; eq,1,rug,wool; eq,1,floor_lamp,tall; eq,1,media_console,low; eq,1,vase,sculptural; eq,1,vase,ceramic; eq,1,sideboard,walnut; eq,1,table_lamp,brass; eq,1,picture_frame,small","eq,1,front,0,sectional,coffee_table; eq,2,on,0,sectional,pillow; eq,1,on,0,coffee_table,book; eq,1,on,0,coffee_table,bowl; eq,2,facing,0,sectional,club_chair; eq,1,on,0,rug,sectional; eq,2,on,0,rug,club_chair; eq,1,next,0,floor_lamp,fiddle_leaf_fig; eq,2,across,0,sectional,club_chair; eq,1,on,0,media_console,vase; eq,1,on,0,media_console,book; eq,1,adjacent,0,media_console,sideboard; eq,1,on,0,sideboard,table_lamp; eq,1,on,0,sideboard,picture_frame; eq,1,opposite,0,floor_lamp,media_console","eq,1,against,media_console,wall; eq,1,center,sectional,room",hard,single_room
385,"In this contemporary living room, a gray sectional sofa faces a minimalist marble fireplace. Two velvet armchairs sit opposite the sofa facing a rectangular glass-top coffee table. Beside one armchair stands a slim floor lamp. Along the adjacent wall, a low-profile media console supports a flat screen TV with two ceramic vases, and a round side table next to the sofa holds a potted fern. Hanging above the media console is a large abstract painting. A tall bookshelf stands by the window, with three hardcover books and a photo frame displayed on its shelves. A geometric wool rug anchors the seating area.","eq,1,sofa; eq,1,fireplace; eq,2,armchair; eq,1,coffee_table; eq,1,floor_lamp; eq,1,media_console; eq,1,TV; eq,2,vase; eq,1,side_table; eq,1,fern; eq,1,painting; eq,1,bookshelf; eq,3,book; eq,1,photo_frame; eq,1,rug","eq,1,sofa,gray; eq,1,sofa,sectional; eq,1,fireplace,minimalist; eq,1,fireplace,marble; eq,2,armchair,velvet; eq,1,coffee_table,rectangular; eq,1,coffee_table,glass_top; eq,1,floor_lamp,slim; eq,1,media_console,low_profile; eq,1,TV,flat_screen; eq,2,vase,ceramic; eq,1,side_table,round; eq,1,fern,potted; eq,1,painting,large; eq,1,painting,abstract; eq,1,bookshelf,tall; eq,3,book,hardcover; eq,1,rug,geometric; eq,1,rug,wool","eq,1,face,0,fireplace,sofa; eq,2,opposite,0,sofa,armchair; eq,2,face,0,coffee_table,armchair; eq,1,beside,0,armchair,floor_lamp; eq,1,on,0,media_console,TV; eq,2,on,0,media_console,vase; eq,1,next,0,sofa,side_table; eq,1,on,0,side_table,fern; eq,1,above,0,media_console,painting; eq,3,within,0,bookshelf,book; eq,1,within,0,bookshelf,photo_frame","eq,1,against,media_console,wall; eq,1,on,painting,wall; eq,1,near,bookshelf,window; eq,1,middle,rug,room",hard,single_room
386,"A spacious living area centered by a deep blue sectional sofa paired with two mid-century armchairs facing a rectangular marble coffee table. A low-profile media console holds a 55-inch flat-screen TV and a soundbar. On each end of the console stands a tall wooden bookshelf displaying in total four hardcover books and two small ceramic vases. A geometric wool rug sits below the sofa, while three fiddle leaf figs in terracotta pots line the walls. A tripod floor lamp illuminates the reading corner next to a round side table topped with a sculptural metal vase and two art books.","eq,1,sofa; eq,2,armchair; eq,1,coffee_table; eq,1,media_console; eq,1,TV; eq,1,soundbar; eq,2,bookshelf; eq,6,book; eq,3,vase; eq,1,rug; eq,3,potted_plant; eq,1,floor_lamp; eq,1,side_table","eq,1,sofa,deep_blue; eq,1,sofa,sectional; eq,2,armchair,mid_century; eq,1,coffee_table,marble; eq,1,coffee_table,rectangular; eq,1,media_console,low_profile; eq,1,TV,55_inch; eq,1,TV,flat_screen; eq,2,bookshelf,tall; eq,2,bookshelf,wooden; eq,4,book,hardcover; eq,2,book,art; eq,2,vase,ceramic; eq,2,vase,small; eq,1,vase,metal; eq,1,vase,sculptural; eq,1,rug,geometric; eq,1,rug,wool; eq,3,potted_plant,fiddle_leaf_fig; eq,3,potted_plant,terracotta; eq,1,floor_lamp,tripod; eq,1,side_table,round","eq,1,face,0,coffee_table,sofa; eq,2,face,0,coffee_table,armchair; eq,1,on,0,media_console,TV; eq,1,on,0,media_console,soundbar; eq,1,left,0,media_console,bookshelf; eq,4,within,0,bookshelf,book; eq,2,within,0,bookshelf,vase; eq,1,on,0,rug,sofa; eq,1,next,0,floor_lamp,side_table; eq,1,on,0,side_table,vase; eq,2,on,0,side_table,book; eq,1,right,0,media_console,bookshelf","eq,1,center,sofa,room; eq,3,against,potted_plant,wall",hard,single_room
387,"Warm mid-century modern style emerges with a walnut three-seater sofa facing two lounge chairs and a kidney-shaped teak coffee table. A black steel media cabinet supports a vinyl turntable and a pair of compact speakers. Above the sofa, a large abstract canvas adds color. A shag area rug covers the floor and a brass wall sconce casts soft light. In one corner, a rattan plant stand holds a large monstera in a ceramic pot. A small round side table holds a white table lamp and a single potted succulent.","eq,1,sofa; eq,2,lounge_chair; eq,1,coffee_table; eq,1,media_cabinet; eq,1,vinyl_turntable; eq,2,speaker; eq,1,canvas; eq,1,area_rug; eq,1,wall_sconce; eq,1,plant_stand; eq,2,potted_plant; eq,1,side_table; eq,1,table_lamp","eq,1,sofa,walnut; eq,1,sofa,three_seater; eq,1,sofa,mid_century_modern; eq,1,coffee_table,kidney_shaped; eq,1,coffee_table,teak; eq,1,media_cabinet,black; eq,1,media_cabinet,steel; eq,2,speaker,compact; eq,1,canvas,large; eq,1,canvas,abstract; eq,1,area_rug,shag; eq,1,wall_sconce,brass; eq,1,plant_stand,rattan; eq,1,potted_plant,monstera; eq,1,potted_plant,succulent; eq,1,side_table,small; eq,1,side_table,round; eq,1,table_lamp,white; eq,1,potted_plant,ceramic; eq,1,potted_plant,small","eq,1,face,0,lounge_chair,sofa; eq,1,face,0,coffee_table,sofa; eq,1,on,0,media_cabinet,vinyl_turntable; eq,2,on,0,media_cabinet,speaker; eq,1,above,0,sofa,canvas; eq,1,on,0,plant_stand,potted_plant; eq,1,on,0,side_table,table_lamp; eq,1,on,0,side_table,potted_plant","eq,1,corner,plant_stand,room; eq,1,on,wall_sconce,wall",hard,single_room
388,"Luxurious textures define this space with a button-tufted velvet sofa opposite two leather club chairs all facing a round marble coffee table. Two luxury side tables flank the sofa, one supporting a crystal table lamp. A black lacquer media console sits beneath a wall-mounted 65-inch flat-screen TV. To the side, a tall metal display cabinet holds six art books and four porcelain figurines. Twin sculptural floor lamps rise behind the chairs, and a decorative brass bowl rests on the coffee table.","eq,1,sofa; eq,2,club_chair; eq,1,coffee_table; eq,2,side_table; eq,1,table_lamp; eq,1,media_console; eq,1,TV; eq,1,display_cabinet; eq,6,book; eq,4,figurine; eq,2,floor_lamp; eq,1,bowl","eq,1,sofa,button_tufted; eq,1,sofa,velvet; eq,2,club_chair,leather; eq,1,coffee_table,round; eq,1,coffee_table,marble; eq,2,side_table,luxury; eq,1,table_lamp,crystal; eq,1,media_console,black; eq,1,media_console,lacquer; eq,1,TV,65_inch; eq,1,TV,flat_screen; eq,1,TV,wall_mounted; eq,1,display_cabinet,tall; eq,1,display_cabinet,metal; eq,6,book,art; eq,4,figurine,porcelain; eq,2,floor_lamp,sculptural; eq,1,bowl,brass; eq,1,bowl,decorative","eq,1,face,0,coffee_table,sofa; eq,2,face,0,coffee_table,club_chair; eq,1,left,0,sofa,side_table; eq,1,right,0,sofa,side_table; eq,1,on,0,side_table,table_lamp; eq,1,above,0,media_console,TV; eq,1,near,0,media_console,display_cabinet; eq,6,within,0,display_cabinet,book; eq,4,within,0,display_cabinet,figurine; eq,2,behind,0,club_chair,floor_lamp; eq,1,on,0,coffee_table,bowl; eq,2,opposite,0,club_chair,sofa","eq,1,on,TV,wall",hard,single_room
389,"Eclectic living room blending industrial and boho touches: a leather channel-back sofa faces a reclaimed wood coffee table with a woven jute rug beneath. Two swivel velvet armchairs sit on the rug. A steel-framed media shelf supports a flat-screen TV, a record player, and three vinyl albums. Nearby, a simple wall shelf displays five hardcover novels, two ceramic planters, and a small brass sculpture. A tripod floor lamp and a woven basket filled with rolled blankets complete the scene.","eq,1,sofa; eq,1,coffee_table; eq,1,rug; eq,2,armchair; eq,1,media_shelf; eq,1,TV; eq,1,record_player; eq,3,vinyl_album; eq,1,wall_shelf; eq,5,novel; eq,2,planter; eq,1,sculpture; eq,1,floor_lamp; eq,1,basket; ge,2,blanket","eq,1,sofa,leather; eq,1,sofa,channel_back; eq,1,coffee_table,reclaimed_wood; eq,1,rug,woven; eq,2,armchair,swivel; eq,2,armchair,velvet; eq,1,media_shelf,steel_framed; eq,1,TV,flat_screen; eq,3,vinyl_album,vinyl; eq,1,wall_shelf,simple; eq,5,novel,hardcover; eq,2,planter,ceramic; eq,1,sculpture,small; eq,1,sculpture,brass; eq,1,floor_lamp,tripod; eq,1,basket,woven; ge,2,blanket,rolled; eq,1,rug,jute","eq,1,face,0,coffee_table,sofa; eq,1,on,0,rug,coffee_table; eq,2,on,0,rug,armchair; eq,1,on,0,media_shelf,TV; eq,1,on,0,media_shelf,record_player; eq,3,on,0,media_shelf,vinyl_album; eq,5,on,0,wall_shelf,novel; eq,2,on,0,wall_shelf,planter; eq,1,on,0,wall_shelf,sculpture; ge,2,within,0,basket,blanket","eq,1,on,TV,wall",hard,single_room
390,"A contemporary living room centered around a gray sectional sofa facing a wall-mounted flat-screen TV opposite a wide picture window. In front of the sofa, a rectangular glass coffee table holds a decorative ceramic vase and two coasters atop a plush round rug that anchors the seating area. Two poufs line the long side of the sofa on the rug, providing extra seating. A tall open-shelf bookcase stands against the opposite wall, displaying a potted plant on the top shelf, a framed photo next to it, and three novels. Near the window, a slender floor lamp illuminates the corner. By the entrance door, a narrow console table supports a remote control and a scented candle.","eq,1,sofa; eq,1,TV; eq,1,coffee_table; eq,1,vase; eq,2,coaster; eq,1,rug; eq,2,pouf; eq,1,bookcase; eq,1,potted_plant; eq,1,photo; eq,3,novel; eq,1,floor_lamp; eq,1,console_table; eq,1,remote_control; eq,1,candle","eq,1,sofa,gray; eq,1,sofa,sectional; eq,1,TV,wall_mounted; eq,1,TV,flat_screen; eq,1,coffee_table,rectangular; eq,1,coffee_table,glass; eq,1,vase,decorative; eq,1,vase,ceramic; eq,1,rug,plush; eq,1,rug,round; eq,1,bookcase,tall; eq,1,bookcase,open_shelf; eq,1,photo,framed; eq,1,floor_lamp,slender; eq,1,console_table,narrow; eq,1,candle,scented","eq,1,face,0,TV,sofa; eq,1,front,0,sofa,coffee_table; eq,1,on,0,rug,coffee_table; eq,1,on,0,coffee_table,vase; eq,2,on,0,coffee_table,coaster; eq,2,long_side,0,sofa,pouf; eq,2,on,0,rug,pouf; eq,1,within,0,bookcase,potted_plant; eq,1,within,0,bookcase,photo; eq,3,within,0,bookcase,novel; eq,1,on,0,console_table,remote_control; eq,1,on,0,console_table,candle; eq,1,next,0,potted_plant,photo","eq,1,on,TV,wall; eq,1,against,bookcase,wall; eq,1,near,floor_lamp,window; eq,1,next,console_table,door",hard,single_room
391,"An elegant living room features a circular marble coffee table surrounded by three velvet armchairs set on a large hexagonal rug. Directly beneath a wide picture window, a low media console supports a soundbar and two potted succulents on its top surface. A minimalist tripod floor lamp stands in the corner beside the door. A geometric metal side table sits next to one armchair, holding two magazines and a ceramic mug. On the opposite wall, a low-profile credenza beneath a hanging round mirror displays a decorative bowl and a photo album on its surface. A tall tripod plant stand stands beside another armchair, adding greenery.","eq,1,coffee_table; eq,3,armchair; eq,1,rug; eq,1,media_console; eq,1,soundbar; eq,2,succulent; eq,1,floor_lamp; eq,1,side_table; eq,2,magazine; eq,1,mug; eq,1,credenza; eq,1,mirror; eq,1,bowl; eq,1,photo_album; eq,1,plant_stand","eq,1,coffee_table,circular; eq,1,coffee_table,marble; eq,3,armchair,velvet; eq,1,rug,large; eq,1,rug,hexagonal; eq,1,media_console,low; eq,2,succulent,potted; eq,1,floor_lamp,minimalist; eq,1,floor_lamp,tripod; eq,1,side_table,geometric; eq,1,side_table,metal; eq,1,mug,ceramic; eq,1,credenza,low_profile; eq,1,mirror,round; eq,1,bowl,decorative; eq,1,plant_stand,tall; eq,1,plant_stand,tripod","eq,1,surround,0,coffee_table,armchair:0,armchair:1,armchair:2; eq,1,on,0,rug,coffee_table; eq,3,on,0,rug,armchair; eq,1,on,0,media_console,soundbar; eq,2,on,0,media_console,succulent; eq,1,next,0,armchair,side_table; eq,2,on,0,side_table,magazine; eq,1,on,0,side_table,mug; eq,1,on,0,credenza,bowl; eq,1,on,0,credenza,photo_album; eq,1,above,0,credenza,mirror; eq,1,next,0,armchair,plant_stand; eq,1,opposite,0,side_table,credenza","eq,1,below,media_console,window; eq,1,corner,floor_lamp,room; eq,1,next,floor_lamp,door; eq,1,against,credenza,wall; eq,1,on,mirror,wall",hard,single_room
392,"An eclectic bohemian living area is anchored by an L-shaped leather sofa layered with two tasseled throw pillows. A round reclaimed wood coffee table sits in front of the sofa, its surface holding a vintage brass tray with a scented candle and two postcards. Beneath the seating, a handwoven kilim rug adds warmth and texture. Along one wall, a tall birch bookshelf displays three bonsai plants and two ceramic vases. A black floor lamp stands beside the sofa near a large bay window. Opposite that, a low media console by the entrance door supports a turntable and four vinyl albums. A circular mirror hangs above the console.","eq,1,sofa; eq,2,pillow; eq,1,coffee_table; eq,1,tray; eq,1,candle; eq,2,postcard; eq,1,rug; eq,1,bookshelf; eq,3,plant; eq,2,vase; eq,1,floor_lamp; eq,1,media_console; eq,1,turntable; eq,4,vinyl_album; eq,1,mirror","eq,1,sofa,L_shaped; eq,1,sofa,leather; eq,2,pillow,tasseled; eq,2,pillow,throw; eq,1,coffee_table,round; eq,1,coffee_table,reclaimed_wood; eq,1,tray,vintage; eq,1,tray,brass; eq,1,candle,scented; eq,1,rug,handwoven; eq,1,rug,kilim; eq,1,bookshelf,tall; eq,1,bookshelf,birch; eq,3,plant,bonsai; eq,2,vase,ceramic; eq,1,floor_lamp,black; eq,1,media_console,low; eq,1,mirror,circular","eq,1,front,0,sofa,coffee_table; eq,2,on,0,sofa,pillow; eq,1,under,0,sofa,rug; eq,1,on,0,coffee_table,tray; eq,1,on,0,coffee_table,candle; eq,2,on,0,coffee_table,postcard; eq,3,within,0,bookshelf,plant; eq,2,within,0,bookshelf,vase; eq,1,beside,0,sofa,floor_lamp; eq,1,on,0,media_console,turntable; eq,4,on,0,media_console,vinyl_album; eq,1,above,0,media_console,mirror; eq,1,opposite,0,floor_lamp,media_console","eq,1,near,floor_lamp,window; eq,1,next,media_console,door; eq,1,on,mirror,wall; eq,1,against,bookshelf,wall",hard,single_room
393,"A cozy cat owner living room centers around a charcoal gray sofa facing a wall-mounted flat-screen TV above a low white media console. A round oak coffee table sits on a plush ivory rug and holds a ceramic vase along with two hardcover books and a remote control. On the rug, a plush armchair provides extra seating. A narrow wooden side table stands next to the sofa and supports a brass reading lamp. Nearby, a tall bookshelf stands next to the door, displaying two photo frames and a potted plant on its shelves. A multi-level cat tree is placed near the window for sunbathing, and two plush cat toys rest on the rug.","eq,1,sofa; eq,1,TV; eq,1,media_console; eq,1,coffee_table; eq,1,rug; eq,1,vase; eq,2,book; eq,1,remote_control; eq,1,armchair; eq,1,side_table; eq,1,reading_lamp; eq,1,bookshelf; eq,2,photo_frame; eq,1,potted_plant; eq,1,cat_tree; eq,2,cat_toy","eq,1,sofa,charcoal_gray; eq,1,TV,flat_screen; eq,1,TV,wall_mounted; eq,1,media_console,low; eq,1,media_console,white; eq,1,coffee_table,round; eq,1,coffee_table,oak; eq,1,rug,plush; eq,1,rug,ivory; eq,1,vase,ceramic; eq,2,book,hardcover; eq,1,armchair,plush; eq,1,side_table,narrow; eq,1,side_table,wooden; eq,1,reading_lamp,brass; eq,1,bookshelf,tall; eq,1,cat_tree,multi_level; eq,2,cat_toy,plush","eq,1,face,0,TV,sofa; eq,1,above,0,media_console,TV; eq,1,on,0,rug,coffee_table; eq,1,on,0,coffee_table,vase; eq,2,on,0,coffee_table,book; eq,1,on,0,coffee_table,remote_control; eq,1,on,0,rug,armchair; eq,1,next,0,sofa,side_table; eq,1,on,0,side_table,reading_lamp; eq,2,within,0,bookshelf,photo_frame; eq,1,within,0,bookshelf,potted_plant; eq,2,on,0,rug,cat_toy","eq,1,on,TV,wall; eq,1,next,bookshelf,door; eq,1,near,cat_tree,window",hard,single_room
394,"In this dedicated gaming living room, a black leather sectional sofa faces a wall-mounted 75-inch TV above a sleek black media console. A round glass coffee table sits on a geometric-patterned rug and holds two game controllers and four coasters. Against the opposite wall under a narrow window, a white gaming desk supports a mechanical keyboard, gaming mouse, desk lamp, and three game discs. A racing-style gaming chair is positioned in front of the desk. To the left of the sofa, a wooden bar cart holds a ceramic mug and a small potted plant. A tall bookshelf stands next to the hallway door, with two action figures and three additional game discs on its shelves. A soundbar is mounted on the wall below the TV, and a pair of headphones rests on the media console.","eq,1,sofa; eq,1,TV; eq,1,media_console; eq,1,coffee_table; eq,1,rug; eq,1,gaming_desk; eq,1,gaming_chair; eq,1,bar_cart; eq,1,bookshelf; eq,1,soundbar; eq,2,game_controller; eq,4,coaster; eq,1,keyboard; eq,1,mouse; eq,1,desk_lamp; eq,6,game_disc; eq,1,mug; eq,1,potted_plant; eq,2,action_figure; eq,1,headphones","eq,1,sofa,black; eq,1,TV,75_inch; eq,1,TV,wall_mounted; eq,1,media_console,black; eq,1,media_console,sleek; eq,1,coffee_table,round; eq,1,coffee_table,glass; eq,1,rug,geometric_patterned; eq,1,gaming_desk,white; eq,1,keyboard,mechanical; eq,1,mouse,gaming; eq,1,gaming_chair,racing_style; eq,1,bar_cart,wooden; eq,1,mug,ceramic; eq,1,potted_plant,small; eq,1,bookshelf,tall; eq,1,sofa,leather; eq,1,sofa,sectional","eq,1,face,0,TV,sofa; eq,1,above,0,media_console,TV; eq,1,on,0,rug,coffee_table; eq,2,on,0,coffee_table,game_controller; eq,4,on,0,coffee_table,coaster; eq,3,on,0,gaming_desk,game_disc; eq,1,on,0,gaming_desk,keyboard; eq,1,on,0,gaming_desk,mouse; eq,1,on,0,gaming_desk,desk_lamp; eq,1,front,0,gaming_desk,gaming_chair; eq,1,on,0,bar_cart,mug; eq,1,on,0,bar_cart,potted_plant; eq,2,within,0,bookshelf,action_figure; eq,3,within,0,bookshelf,game_disc; eq,1,on,0,media_console,headphones; eq,1,below,0,TV,soundbar; eq,1,left,0,sofa,bar_cart","eq,1,on,TV,wall; eq,1,on,soundbar,wall; eq,1,under,gaming_desk,window; eq,1,next,bookshelf,door",hard,single_room
395,"A minimalist art-gallery style living area features a low-profile gray sofa facing a custom walnut console table that holds a single white ceramic vase. Centered on a light beige rug, a rectangular glass coffee table displays two art books and a small abstract sculpture. Three black lounge chairs surround the coffee table. Against the far wall, a slender sideboard supports a photo frame and a table lamp. A narrow bookshelf stands beside a floor-to-ceiling window, with two more art books and a sculptural ceramic piece on its shelves. Near the entrance door, a white pedestal plinth displays a stone bust.","eq,1,sofa; eq,1,console_table; eq,1,vase; eq,1,rug; eq,1,coffee_table; eq,4,book; eq,2,sculpture; eq,3,lounge_chair; eq,1,sideboard; eq,1,photo_frame; eq,1,table_lamp; eq,1,bookshelf; eq,1,pedestal_plinth; eq,1,stone_bust","eq,1,sofa,low_profile; eq,1,sofa,gray; eq,1,console_table,walnut; eq,1,console_table,custom; eq,1,vase,white; eq,1,vase,ceramic; eq,1,rug,light_beige; eq,1,coffee_table,rectangular; eq,1,coffee_table,glass; eq,1,sculpture,abstract; eq,1,sculpture,small; eq,1,sculpture,ceramic; eq,3,lounge_chair,black; eq,1,sideboard,slender; eq,1,bookshelf,narrow; eq,1,pedestal_plinth,white; eq,4,book,art","eq,1,facing,0,console_table,sofa; eq,1,on,0,console_table,vase; eq,2,on,0,coffee_table,book; eq,1,on,0,coffee_table,sculpture; eq,1,on,0,rug,coffee_table; eq,1,on,0,sideboard,photo_frame; eq,1,on,0,sideboard,table_lamp; eq,1,surround,0,coffee_table,lounge_chair:0,lounge_chair:1,lounge_chair:2; eq,2,within,0,bookshelf,book; eq,1,within,0,bookshelf,sculpture; eq,1,on,0,pedestal_plinth,stone_bust","eq,1,against,sideboard,wall; eq,1,beside,bookshelf,window; eq,1,near,pedestal_plinth,door",hard,single_room
396,"A spacious dining area centers on a large round oak table surrounded by six charcoal-gray upholstered chairs. Two tall turquoise ceramic vases stand at the center of the table, and a cream-and-blue woven rug lies underneath. Above the tabletop, a pair of brushed-bronze pendant lamps hangs from the ceiling. Against one wall sits a low walnut sideboard topped with three white porcelain plates and four crystal wine glasses. A vibrant abstract painting hangs above the sideboard. A fiddle-leaf fig plant stands near the window, and two cookbooks rests on the floor beside it.","eq,1,table; eq,6,chair; eq,2,vase; eq,1,rug; eq,2,pendant_lamp; eq,1,sideboard; eq,3,plate; eq,4,wine_glass; eq,1,painting; eq,1,plant; eq,2,cookbook","eq,1,table,large; eq,1,table,round; eq,1,table,oak; eq,6,chair,charcoal_gray; eq,6,chair,upholstered; eq,2,vase,tall; eq,2,vase,turquoise; eq,2,vase,ceramic; eq,1,rug,cream_and_blue; eq,1,rug,woven; eq,2,pendant_lamp,brushed_bronze; eq,1,sideboard,low; eq,1,sideboard,walnut; eq,3,plate,white; eq,3,plate,porcelain; eq,4,wine_glass,crystal; eq,1,painting,abstract; eq,1,painting,vibrant; eq,1,plant,fiddle_leaf_fig","eq,1,surround,0,table,chair:0,chair:1,chair:2,chair:3,chair:4,chair:5; eq,2,on,0,table,vase; eq,1,under,0,table,rug; eq,3,on,0,sideboard,plate; eq,4,on,0,sideboard,wine_glass; eq,1,above,0,sideboard,painting; eq,2,beside,0,plant,cookbook; eq,1,above,0,table,pendant_lamp","eq,2,hang,pendant_lamp,ceiling; eq,1,against,sideboard,wall; eq,1,near,plant,window; eq,1,on,painting,wall",hard,single_room
397,"In a rustic farmhouse setting, a long reclaimed-wood dining table seats eight ladder-back chairs and one plank bench along a long side. A mason-jar chandelier with six lights hangs directly over the table. A vintage pine sideboard stands near the door, with five hand-painted ceramic bowls on its top. A natural-linen table runner drapes down the center of the table, and a wicker basket filled with six folded cloth napkins sits beside the table. A tall plant stands next to the sideboard, and a round wall clock hangs on the adjacent wall near the window. A black wrought-iron bar cart loaded with wine bottles and tumblers is parked beside the sideboard.","eq,1,table; eq,8,chair; eq,1,bench; eq,1,chandelier; eq,1,sideboard; eq,5,bowl; eq,1,table_runner; eq,1,basket; eq,6,napkin; eq,1,plant; eq,1,clock; eq,1,bar_cart; ge,2,wine_bottle; ge,2,tumbler","eq,1,table,long; eq,1,table,reclaimed_wood; eq,8,chair,ladder_back; eq,1,bench,plank; eq,1,chandelier,mason_jar; eq,1,sideboard,vintage; eq,1,sideboard,pine; eq,5,bowl,hand_painted; eq,5,bowl,ceramic; eq,1,table_runner,natural_linen; eq,1,basket,wicker; eq,6,napkin,folded; eq,6,napkin,cloth; eq,1,plant,tall; eq,1,clock,round; eq,1,bar_cart,black; eq,1,bar_cart,wrought_iron; eq,1,chandelier,with_six_lights","eq,8,long_side,0,table,chair; eq,1,long_side,0,table,bench; eq,1,on,0,table,table_runner; eq,1,beside,0,table,basket; ge,6,within,0,basket,napkin; eq,5,on,0,sideboard,bowl; eq,1,above,0,table,chandelier; eq,1,next,0,sideboard,plant; eq,1,beside,0,sideboard,bar_cart; ge,2,inside,0,bar_cart,wine_bottle; ge,2,inside,0,bar_cart,tumbler","eq,1,hang,chandelier,ceiling; eq,1,near,sideboard,door; eq,1,hang,clock,wall; eq,1,near,clock,window",hard,single_room
398,"A cozy breakfast nook features a round glass bistro table with two matte-black metal chairs. Below the window, a wooden bench holds three teal seat cushions. A slim console table stands near the door, topped with three hardcover books end and two hand-glazed ceramic cups. A small potted fern sits beside the books. Above the bench, a framed graphic print adds color, and a single industrial-style pendant lamp hangs over the table. A vintage iron coat rack stands next to the console table, and a round jute rug lies under the dining set.","eq,1,table; eq,2,chair; eq,1,bench; eq,3,cushion; eq,1,console_table; eq,3,book; eq,2,cup; eq,1,fern; eq,1,print; eq,1,pendant_lamp; eq,1,coat_rack; eq,1,rug","eq,1,table,round; eq,1,table,glass; eq,1,table,bistro; eq,2,chair,matte_black; eq,2,chair,metal; eq,1,bench,wooden; eq,3,cushion,teal; eq,3,cushion,seat; eq,1,console_table,slim; eq,3,book,hardcover; eq,2,cup,hand_glazed; eq,2,cup,ceramic; eq,1,fern,small; eq,1,fern,potted; eq,1,print,framed; eq,1,print,graphic; eq,1,pendant_lamp,industrial_style; eq,1,coat_rack,vintage; eq,1,coat_rack,iron; eq,1,rug,round; eq,1,rug,jute","eq,2,next,0,table,chair; eq,3,on,0,bench,cushion; eq,3,on,0,console_table,book; eq,2,on,0,console_table,cup; gt,1,beside,0,book,fern; eq,1,above,0,bench,print; eq,1,over,0,table,pendant_lamp; eq,1,beside,0,console_table,coat_rack; eq,1,under,0,table,rug; eq,1,under,0,table,chair","eq,1,hang,pendant_lamp,ceiling; eq,1,below,bench,window; eq,1,near,console_table,door; eq,1,on,print,wall",hard,single_room
399,"A luxurious dining hall features a ten-seat long marble table flanked by ten emerald-green velvet chairs. Two ornate gold candelabras stand on the table, and a crystal fruit bowl rests next to them. Beneath, a large ivory rug anchors the set. To one side, a tall glass-front china cabinet displays four hand-painted plates and three wine bottles on the shelfs. A full-height mirror leans against the wall next to the window, and four brushed-gold wall sconces are placed around it.","eq,1,table; eq,10,chair; eq,2,candelabra; eq,1,fruit_bowl; eq,1,rug; eq,1,china_cabinet; eq,4,plate; eq,3,wine_bottle; eq,1,mirror; eq,4,wall_sconce","eq,1,table,long; eq,1,table,marble; eq,10,chair,emerald_green; eq,10,chair,velvet; eq,2,candelabra,ornate; eq,2,candelabra,gold; eq,1,fruit_bowl,crystal; eq,1,rug,ivory; eq,1,rug,large; eq,1,china_cabinet,tall; eq,1,china_cabinet,glass_front; eq,4,plate,hand_painted; eq,3,wine_bottle,generic; eq,1,mirror,full_height; eq,4,wall_sconce,brushed_gold","eq,10,next,0,table,chair; eq,2,on,0,table,candelabra; eq,2,next,0,candelabra,fruit_bowl; eq,1,under,0,table,rug; eq,1,next,0,table,china_cabinet; eq,4,within,0,china_cabinet,plate; eq,3,within,0,china_cabinet,wine_bottle; eq,4,around,0,mirror,wall_sconce; eq,1,on,0,table,fruit_bowl","eq,1,against,mirror,wall; eq,1,near,mirror,window; eq,4,on,wall_sconce,wall",hard,single_room
400,"In a formal dining room, a long mahogany rectangular table rests at the center with eight navy velvet chairs—four on each long side. A crystal chandelier hangs overhead from the ceiling. Along the back wall, a buffet displays two silver candelabras, topped by a large gold-framed painting centered above. Sunlight filters through a tall window opposite the door. On the table, a porcelain fruit bowl sits beside a floral centerpiece in the middle. Two white porcelain plates are set with linen napkins to their right, and two wine glasses line nearby. A sideboard beside the door holds a crystal decanter and two cognac glasses.","eq,1,table; eq,8,chair; eq,1,chandelier; eq,1,buffet; eq,2,candelabra; eq,1,painting; eq,1,fruit_bowl; eq,1,centerpiece; eq,2,plate; eq,2,napkin; eq,2,wine_glass; eq,1,sideboard; eq,1,decanter; eq,2,cognac_glass","eq,1,table,mahogany; eq,1,table,rectangular; eq,8,chair,navy; eq,1,chandelier,crystal; eq,2,candelabra,silver; eq,1,painting,gold_framed; eq,1,painting,large; eq,1,fruit_bowl,porcelain; eq,1,centerpiece,floral; eq,2,plate,white; eq,2,plate,porcelain; eq,2,napkin,linen; eq,1,decanter,crystal; eq,8,chair,velvet","eq,8,long_side,0,table,chair; eq,2,on,0,buffet,candelabra; eq,1,above,0,buffet,painting; eq,1,on,0,table,fruit_bowl; eq,1,on,0,table,centerpiece; eq,1,beside,0,fruit_bowl,centerpiece; eq,2,on,0,table,plate; eq,2,right,0,plate,napkin; eq,2,near,0,plate,wine_glass; eq,1,on,0,sideboard,decanter; eq,2,on,0,sideboard,cognac_glass; eq,1,middle,0,table,centerpiece; eq,2,on,0,table,napkin; eq,2,on,0,table,wine_glass","eq,1,center,table,room; eq,1,hang,chandelier,ceiling; eq,1,against,buffet,wall; eq,1,beside,sideboard,door",hard,single_room
401,"A coastal modern dining room features an oval glass-topped table encircled by six white leather chairs. A linear brushed-brass pendant hangs above the table. Along one wall, a floating walnut sideboard supports a blue ceramic vase. Beneath a large picture window, a teak console table holds three nautical art books and a small alabaster table lamp. On the opposite wall, a tall potted palm stands next to a woven basket. The glass table is arranged with six transparent water glasses in front of each chair and two driftwood sculptures at the center. A coastal landscape painting hangs next to the picture window.","eq,1,table; eq,6,chair; eq,1,pendant_light; eq,1,sideboard; eq,1,vase; eq,1,console_table; eq,3,book; eq,1,table_lamp; eq,1,palm; eq,1,basket; eq,6,water_glass; eq,2,sculpture; eq,1,painting","eq,1,table,oval; eq,1,table,glass_topped; eq,6,chair,white; eq,6,chair,leather; eq,1,pendant_light,linear; eq,1,pendant_light,brushed_brass; eq,1,sideboard,walnut; eq,1,sideboard,floating; eq,1,vase,blue; eq,1,vase,ceramic; eq,1,console_table,teak; eq,3,book,nautical; eq,3,book,art; eq,1,table_lamp,alabaster; eq,1,table_lamp,small; eq,1,palm,tall; eq,1,palm,potted; eq,1,basket,woven; eq,6,water_glass,transparent; eq,2,sculpture,driftwood; eq,1,painting,coastal_landscape","eq,6,surround,0,table,chair:0,chair:1,chair:2,chair:3,chair:4,chair:5; eq,1,on,0,sideboard,vase; eq,3,on,0,console_table,book; eq,1,on,0,console_table,table_lamp; eq,1,next,0,palm,basket; eq,6,on,0,table,water_glass; eq,6,front,0,chair,water_glass; eq,2,on,0,table,sculpture; eq,2,at_the_center,0,table,sculpture; eq,1,above,0,table,pendant_light; eq,1,opposite,0,console_table,palm","eq,1,hang,pendant_light,ceiling; eq,1,against,sideboard,wall; eq,1,under,console_table,window; eq,1,next,painting,window; eq,1,on,painting,wall",hard,single_room
402,"A modern minimalist wood dining room is anchored by a reclaimed-beech table flanked by six slender metal-framed chairs with gray cushions—three on each long side. A matte-black track light runs above the table. Along the back wall, a floor-to-ceiling glass-fronted china cabinet contains four white porcelain plates and two stoneware bowls. Beside the cabinet, a steel-framed bar cart stands ready for entertaining, holding a stainless-steel ice bucket and three clear cocktail glasses. On the tabletop, a serving tray holds two hand-blown glass vases and a single palm frond. A sculptural wall clock with brass hands hangs above the cart.","eq,1,table; eq,6,chair; eq,1,track_light; eq,1,china_cabinet; eq,4,plate; eq,2,bowl; eq,1,bar_cart; eq,1,ice_bucket; eq,3,cocktail_glass; eq,1,serving_tray; eq,2,vase; eq,1,palm_frond; eq,1,wall_clock","eq,1,table,reclaimed_beech; eq,6,chair,slender; eq,6,chair,metal_framed; eq,6,chair,gray_cushioned; eq,1,track_light,matte_black; eq,1,china_cabinet,floor_to_ceiling; eq,1,china_cabinet,glass_fronted; eq,4,plate,white; eq,2,bowl,stoneware; eq,1,bar_cart,steel_framed; eq,1,ice_bucket,stainless_steel; eq,3,cocktail_glass,clear; eq,2,vase,hand_blown_glass; eq,1,wall_clock,sculptural; eq,1,wall_clock,brass_hands; eq,4,plate,porcelain","eq,6,long_side,0,table,chair; eq,1,above,0,table,track_light; eq,4,within,0,china_cabinet,plate; eq,2,within,0,china_cabinet,bowl; eq,1,next,0,china_cabinet,bar_cart; eq,1,on,0,bar_cart,ice_bucket; eq,3,on,0,bar_cart,cocktail_glass; eq,1,on,0,table,serving_tray; eq,2,on,0,serving_tray,vase; eq,1,on,0,serving_tray,palm_frond; eq,1,above,0,bar_cart,wall_clock","eq,1,hang,track_light,ceiling; eq,1,against,china_cabinet,wall; eq,1,on,wall_clock,wall",hard,single_room
403,"An expansive formal dining room centers on a rectangular walnut table supported by turned legs, surrounded by eight high-backed upholstered chairs along the long sides, four per side. A carved mahogany china cabinet stands against one wall beside a glass-paned door, while a marble-topped sideboard sits beneath a wide window. On the table, a cream linen runner hosts a silver candlestick beside two clear wine glasses, a cobalt-blue ceramic vase, and a pepper grinder next to a salt mill. Four white salad plates are arranged on the table, and a small potted fern rests on the sideboard under the window.","eq,1,table; eq,8,chair; eq,1,china_cabinet; eq,1,sideboard; eq,1,runner; eq,1,candlestick; ge,2,wine_glass; eq,1,vase; eq,1,pepper_grinder; eq,1,salt_mill; eq,4,salad_plate; eq,1,fern","eq,1,table,rectangular; eq,1,table,walnut; eq,8,chair,high_backed; eq,8,chair,upholstered; eq,1,china_cabinet,carved; eq,1,china_cabinet,mahogany; eq,1,sideboard,marble_topped; eq,1,runner,cream; eq,1,runner,linen; eq,1,candlestick,silver; eq,2,wine_glass,clear; eq,1,vase,cobalt_blue; eq,1,vase,ceramic; eq,4,salad_plate,white; eq,1,fern,small; eq,1,fern,potted; eq,1,table,turned_legs","eq,8,long_side,0,table,chair; eq,1,on,0,table,runner; eq,1,on,0,runner,candlestick; eq,2,on,0,runner,wine_glass; eq,1,on,0,runner,vase; eq,1,on,0,runner,pepper_grinder; eq,1,on,0,runner,salt_mill; eq,1,next,0,pepper_grinder,salt_mill; eq,4,on,0,table,salad_plate; eq,1,on,0,sideboard,fern; eq,2,beside,0,wine_glass,candlestick","eq,1,against,china_cabinet,wall; eq,1,beneath,sideboard,window",hard,single_room
404,"In a bright breakfast nook, a circular oak table is surrounded by five white molded chairs. A low-profile console table runs along the wall beneath a wide picture window, and a matte-black buffet stands near the arched glass door leading outside. Three amber-hued glass pendant lights hangs from the ceiling above the table. On the tabletop, a bamboo salad bowl sits beside a porcelain pitcher, while a slender olive oil cruet and a ceramic pepper grinder are arranged on a woven rattan tray. Five linen placemats lie around the bowl, aligned with each chair. A copper fruit bowl rests on the console table under the window, accompanied by a small jade plant.","eq,1,table; eq,5,chair; eq,1,console_table; eq,1,buffet; eq,3,pendant_light; eq,1,salad_bowl; eq,1,pitcher; eq,1,olive_oil_cruet; eq,1,pepper_grinder; eq,1,tray; eq,5,placemat; eq,1,fruit_bowl; eq,1,plant","eq,1,table,circular; eq,1,table,oak; eq,5,chair,white; eq,5,chair,molded; eq,1,console_table,low_profile; eq,1,buffet,matte_black; eq,3,pendant_light,amber_hued; eq,3,pendant_light,glass; eq,1,salad_bowl,bamboo; eq,1,pitcher,porcelain; eq,1,olive_oil_cruet,slender; eq,1,pepper_grinder,ceramic; eq,1,tray,woven; eq,5,placemat,linen; eq,1,fruit_bowl,copper; eq,1,plant,jade; eq,1,plant,small; eq,1,tray,rattan","eq,5,surround,0,table,chair:0,chair:1,chair:2,chair:3,chair:4; eq,1,on,0,table,salad_bowl; eq,1,on,0,table,pitcher; eq,1,on,0,table,tray; eq,1,on,0,tray,olive_oil_cruet; eq,1,on,0,tray,pepper_grinder; eq,1,next,0,salad_bowl,pitcher; eq,5,around,0,salad_bowl,placemat; eq,1,on,0,console_table,fruit_bowl; eq,1,on,0,console_table,plant; eq,5,front,0,chair,placemat; eq,5,on,0,table,placemat","eq,1,against,console_table,wall; eq,1,beneath,console_table,window; eq,1,near,buffet,door; eq,3,hang,pendant_light,ceiling",hard,single_room
405,"A rustic farmhouse dining area centers on a plank-style pine table paired with six spindle-back chairs and a matching bench along the long sides. Above, a wrought-iron chandelier hangs from the ceiling, casting warm light. A weathered hutch stands against the wall beneath a shuttered window, while a distressed gray sideboard sits next to a paneled door. Atop the table, a handwoven tray holds three beeswax pillar candles, flanked by a ceramic salt cellar and a matching pepper pot. Nearby, a woven willow basket contains four folded linen napkins. Four clear juice glasses are arranged on the table, and a vintage ceramic bowl stands in the center.","eq,1,table; eq,6,chair; eq,1,bench; eq,1,chandelier; eq,1,hutch; eq,1,sideboard; eq,1,tray; eq,3,pillar_candle; eq,1,salt_cellar; eq,1,pepper_pot; eq,1,basket; eq,4,napkin; eq,4,juice_glass; eq,1,bowl","eq,1,table,plank_style; eq,1,table,pine; eq,6,chair,spindle_back; eq,1,bench,pine; eq,1,chandelier,wrought_iron; eq,1,hutch,weathered; eq,1,sideboard,distressed; eq,1,tray,handwoven; eq,3,pillar_candle,beeswax; eq,1,salt_cellar,ceramic; eq,1,pepper_pot,ceramic; eq,1,basket,woven; eq,4,napkin,linen; eq,4,napkin,folded; eq,4,juice_glass,clear; eq,1,bowl,vintage; eq,1,bowl,ceramic; eq,1,sideboard,gray; eq,1,basket,willow","eq,6,long_side,0,table,chair; eq,1,long_side,0,table,bench; eq,1,on,0,table,tray; eq,3,inside,0,tray,pillar_candle; eq,1,on,0,table,salt_cellar; eq,1,on,0,table,pepper_pot; eq,4,on,0,table,juice_glass; eq,1,at_the_center,0,table,bowl; eq,4,within,0,basket,napkin; eq,1,near,0,table,basket; eq,1,next,0,tray,salt_cellar; eq,1,next,0,tray,pepper_pot; eq,1,on,0,table,bowl","eq,1,hang,chandelier,ceiling; eq,1,against,hutch,wall; eq,1,beneath,hutch,window; eq,1,next,sideboard,door",hard,single_room
406,"A jazz-inspired dining room features a round walnut table surrounded by six emerald velvet chairs. Vintage ceiling light hangs above the center of the table, casting a warm glow. Against one wall, a mid-century wooden sideboard holds a record player and three colored vinyl records. A black bar cart stocked with wine bottles and stemmed glasses is positioned near the window. By the doorway, a potted green plant adds a fresh touch.","eq,1,table; eq,6,chair; eq,1,ceiling_light; eq,1,sideboard; eq,1,record_player; eq,3,vinyl_record; eq,1,bar_cart; ge,2,wine_bottle; ge,2,stemmed_glass; eq,1,plant","eq,1,table,walnut; eq,1,table,round; eq,6,chair,emerald; eq,6,chair,velvet; eq,1,ceiling_light,vintage; eq,1,sideboard,mid_century; eq,1,sideboard,wooden; eq,3,vinyl_record,colored; eq,1,bar_cart,black; eq,1,plant,green; eq,1,plant,potted","eq,1,surround,0,table,chair:0,chair:1,chair:2,chair:3,chair:4,chair:5; eq,1,above,0,table,ceiling_light; eq,1,on,0,sideboard,record_player; eq,3,on,0,sideboard,vinyl_record; ge,2,inside,0,bar_cart,wine_bottle; ge,2,inside,0,bar_cart,stemmed_glass","eq,1,hang,ceiling_light,ceiling; eq,1,against,sideboard,wall; eq,1,near,bar_cart,window; eq,1,near,plant,door",hard,single_room
407,"Sunlight filters through the window of a bright breakfast dining room, where a round oak table is set with four blue ceramic plates and four white cups. Six wicker chairs surround the table. On the center of the table sits a white ceramic vase. A white kettle rests on a tea cart next to the window, and a wooden buffet stands against the wall.","eq,1,table; eq,4,plate; eq,4,cup; eq,6,chair; eq,1,vase; eq,1,kettle; eq,1,tea_cart; eq,1,buffet","eq,1,table,round; eq,1,table,oak; eq,4,plate,blue; eq,4,plate,ceramic; eq,4,cup,white; eq,6,chair,wicker; eq,1,vase,white; eq,1,vase,ceramic; eq,1,kettle,white; eq,1,buffet,wooden","eq,1,surround,0,table,chair:0,chair:1,chair:2,chair:3,chair:4,chair:5; eq,4,on,0,table,plate; eq,4,on,0,table,cup; eq,1,on,0,table,vase; eq,1,on,0,tea_cart,kettle; eq,1,center,0,table,vase","eq,1,near,tea_cart,window; eq,1,against,buffet,wall",hard,single_room
408,"A sushi-themed dining room centers on a cherry wood table with four bamboo chairs on the short sides and a bamboo bench along one long side. Four ceramic sushi plates and four porcelain soy sauce bowls sit on the table, each bowl placed next to a pair of wooden chopsticks. A bamboo sushi mat lies at the center of the table. A wooden sideboard near the door holds a modern rice cooker. Two paper lanterns hang from the ceiling, and a miniature bonsai sits at the center of the bench.","eq,1,table; eq,4,chair; eq,1,bench; eq,4,sushi_plate; eq,4,soy_sauce_bowl; eq,4,chopstick_pair; eq,1,sushi_mat; eq,1,sideboard; eq,1,rice_cooker; eq,2,paper_lantern; eq,1,bonsai","eq,1,table,cherry_wood; eq,4,chair,bamboo; eq,1,bench,bamboo; eq,4,sushi_plate,ceramic; eq,4,soy_sauce_bowl,porcelain; eq,4,chopstick_pair,wooden; eq,1,sushi_mat,bamboo; eq,1,sideboard,wooden; eq,1,rice_cooker,modern; eq,2,paper_lantern,paper; eq,1,bonsai,miniature","eq,4,short_side,0,table,chair; eq,1,long_side,0,table,bench; eq,4,on,0,table,sushi_plate; eq,4,on,0,table,soy_sauce_bowl; eq,1,on,0,table,sushi_mat; eq,4,next,0,chopstick_pair,soy_sauce_bowl; eq,1,on,0,sideboard,rice_cooker; eq,1,at_the_center,0,bench,bonsai; eq,4,on,0,table,chopstick_pair; eq,1,on,0,bench,bonsai","eq,1,near,sideboard,door; eq,2,hang,paper_lantern,ceiling",hard,single_room
409,"A vibrant playroom features a low rectangular art table beneath a tall window, with three small colorful stools arranged along its long side. Two open sketchbooks lie on top the table surface, accompanied by a set of eight crayons in a wooden box and a blue water cup. Opposite the table, a bean bag chair in bright orange sits next to a toy chest filled with four stacking rings and two plush block animals. Along the adjacent wall, a four-shelf storage unit holds a model train set, three board games, and a red piggy bank. A large foam puzzle mat covers the floor, and by the door lies a half-finished painting.","eq,1,art_table; eq,3,stool; eq,2,sketchbook; eq,8,crayon; eq,1,box; eq,1,water_cup; eq,1,bean_bag_chair; eq,1,toy_chest; eq,4,stacking_ring; eq,2,plush_block_animal; eq,1,storage_unit; eq,1,model_train_set; eq,3,board_game; eq,1,piggy_bank; eq,1,puzzle_mat; eq,1,painting","eq,1,art_table,low; eq,1,art_table,rectangular; eq,3,stool,small; eq,3,stool,colorful; eq,2,sketchbook,open; eq,1,box,wooden; eq,1,water_cup,blue; eq,1,bean_bag_chair,bright_orange; eq,1,storage_unit,four_shelf; eq,1,piggy_bank,red; eq,1,puzzle_mat,large; eq,1,puzzle_mat,foam; eq,1,painting,half_finished","eq,3,long_side,0,art_table,stool; eq,2,on,0,art_table,sketchbook; ge,8,inside,0,box,crayon; eq,1,on,0,art_table,box; eq,1,on,0,art_table,water_cup; eq,1,opposite,0,art_table,bean_bag_chair; eq,1,next,0,bean_bag_chair,toy_chest; ge,4,inside,0,toy_chest,stacking_ring; ge,2,inside,0,toy_chest,plush_block_animal; eq,1,within,0,storage_unit,model_train_set; eq,3,within,0,storage_unit,board_game; eq,1,within,0,storage_unit,piggy_bank","eq,1,beneath,art_table,window; eq,1,against,storage_unit,wall; eq,1,near,painting,door",hard,single_room
410,"Sunlight streams through a side window onto a semicircular play table with four plastic chairs nearby. Atop the table, five wooden train track blocks lies next to a red locomotive. A freestanding chalkboard stands near the far wall, beside a pair of bean bag chairs in lime green and violet. Next the chalkboard, three tubs of modeling clay sit on a low shelf. In one corner, a toy kitchen counter holds a tea set of six cups and two plastic plates, and in front of the main door lies three stuffed animals.","eq,1,play_table; eq,4,chair; eq,5,train_track_block; eq,1,locomotive; eq,1,chalkboard; eq,2,bean_bag_chair; eq,3,modeling_clay_tub; eq,1,shelf; eq,1,toy_kitchen_counter; eq,6,cup; eq,2,plate; eq,3,stuffed_animal","eq,1,play_table,semicircular; eq,4,chair,plastic; eq,5,train_track_block,wooden; eq,1,locomotive,red; eq,1,chalkboard,freestanding; eq,1,bean_bag_chair,lime_green; eq,1,bean_bag_chair,violet; eq,1,shelf,low; eq,6,cup,tea; eq,2,plate,plastic","eq,4,near,0,play_table,chair; eq,5,on,0,play_table,train_track_block; eq,1,on,0,play_table,locomotive; eq,5,next,0,locomotive,train_track_block; eq,2,next,0,chalkboard,bean_bag_chair; eq,1,next,0,chalkboard,shelf; eq,3,on,0,shelf,modeling_clay_tub; eq,6,on,0,toy_kitchen_counter,cup; eq,2,on,0,toy_kitchen_counter,plate","eq,1,beneath,play_table,window; eq,1,near,chalkboard,wall; eq,1,corner,toy_kitchen_counter,room; eq,3,front,stuffed_animal,door",hard,single_room
411,"Bright morning light filters through a front window onto a hexagonal puzzle table with six triangular stools surrounding it. On the tabletop, there is an jigsaw puzzle and a small magnifying glass rests beside it. A wooden bookcase lines the back wall, holding five picture books and two vinyl records. An open foldable desk stands next to the entry door, with three jars and four blank canvases on top. A large foam rocker sits in the center of the room, while a floor lamp with a yellow shade stands near the bookcase.","eq,1,puzzle_table; eq,6,stool; eq,1,jigsaw_puzzle; eq,1,magnifying_glass; eq,1,bookcase; eq,5,picture_book; eq,2,vinyl_record; eq,1,desk; eq,3,jar; eq,4,canvas; eq,1,foam_rocker; eq,1,floor_lamp","eq,1,puzzle_table,hexagonal; eq,6,stool,triangular; eq,1,magnifying_glass,small; eq,1,bookcase,wooden; eq,1,desk,open; eq,1,desk,foldable; eq,4,canvas,blank; eq,1,foam_rocker,large; eq,1,floor_lamp,yellow_shade","eq,6,surround,0,puzzle_table,stool:0,stool:1,stool:2,stool:3,stool:4,stool:5; eq,1,on,0,puzzle_table,jigsaw_puzzle; eq,1,on,0,puzzle_table,magnifying_glass; eq,1,next,0,jigsaw_puzzle,magnifying_glass; eq,5,within,0,bookcase,picture_book; eq,2,within,0,bookcase,vinyl_record; eq,3,on,0,desk,jar; eq,4,on,0,desk,canvas; eq,1,near,0,bookcase,floor_lamp","eq,1,beneath,puzzle_table,window; eq,1,against,bookcase,wall; eq,1,next,desk,door; eq,1,center,foam_rocker,room",hard,single_room
412,"A low pink shelf sits near the window with two wooden puzzles placed on it and a single board game stacked on top. Centered in the room, a blue activity table hosts a red art supply caddy on top with a single paint jar to the left of a roll of tape while four small green stools surround the table. Along the opposite wall stands a yellow toy chest open to reveal two stuffed animals with a soccer ball resting in front. Beside the door, a tall cubby organizer holds two storybooks and one framed photo.","eq,1,shelf; eq,2,puzzle; eq,1,board_game; eq,1,activity_table; eq,1,art_supply_caddy; eq,1,paint_jar; eq,1,roll_of_tape; eq,4,stool; eq,1,toy_chest; eq,2,stuffed_animal; eq,1,soccer_ball; eq,1,cubby_organizer; eq,2,storybook; eq,1,framed_photo","eq,1,shelf,low; eq,1,shelf,pink; eq,2,puzzle,wooden; eq,1,activity_table,blue; eq,1,art_supply_caddy,red; eq,4,stool,small; eq,4,stool,green; eq,1,toy_chest,yellow; eq,1,cubby_organizer,tall","eq,2,on,0,shelf,puzzle; eq,1,on,0,puzzle,board_game; eq,1,on,0,activity_table,art_supply_caddy; eq,1,on,0,activity_table,paint_jar; eq,1,on,0,activity_table,roll_of_tape; eq,1,left,0,roll_of_tape,paint_jar; eq,4,surround,0,activity_table,stool:0,stool:1,stool:2,stool:3; eq,2,within,0,toy_chest,stuffed_animal; eq,1,front,0,toy_chest,soccer_ball; eq,2,within,0,cubby_organizer,storybook; eq,1,within,0,cubby_organizer,framed_photo; eq,1,opposite,0,activity_table,toy_chest","eq,1,near,shelf,window; eq,1,center,activity_table,room; eq,1,against,toy_chest,wall; eq,1,next,cubby_organizer,door",hard,single_room
413,"A red and white train table stands in the center of the room holding two wooden trains and a single coal car. Against the window, a blue art desk features a green desk lamp to the right of a sketchbook and three colored pencils. Along the opposite wall, a yellow toy chest sits open revealing two stuffed bears with a skateboard leaning against its side. Beside the door, a tall white shelf holds four books and one framed drawing.","eq,1,train_table; eq,2,toy_train; eq,1,coal_car; eq,1,art_desk; eq,1,desk_lamp; eq,1,sketchbook; eq,3,colored_pencil; eq,1,toy_chest; eq,2,stuffed_bear; eq,1,skateboard; eq,1,shelf; eq,4,book; eq,1,drawing","eq,1,train_table,red; eq,1,train_table,white; eq,2,toy_train,wooden; eq,1,art_desk,blue; eq,1,desk_lamp,green; eq,1,toy_chest,yellow; eq,1,shelf,white; eq,1,shelf,tall; eq,1,drawing,framed","eq,2,on,0,train_table,toy_train; eq,1,on,0,train_table,coal_car; eq,1,on,0,art_desk,desk_lamp; eq,1,on,0,art_desk,sketchbook; eq,3,on,0,art_desk,colored_pencil; eq,1,right,0,sketchbook,desk_lamp; eq,2,within,0,toy_chest,stuffed_bear; eq,1,against,0,toy_chest,skateboard; eq,4,within,0,shelf,book; eq,1,within,0,shelf,drawing; eq,3,right,0,colored_pencil,desk_lamp; eq,1,opposite,0,art_desk,toy_chest","eq,1,center,train_table,room; eq,1,against,art_desk,window; eq,1,against,toy_chest,wall; eq,1,next,shelf,door",hard,single_room
414,"A circular yellow rug lies beneath the window topped by three wooden blocks and two toy cars parked beside it. Nearby, a purple activity table supports a red art caddy and two paint jars with a paintbrush resting near the caddy. Along the back wall, a green bookshelf holds three picture books on its top shelf and a small stuffed fox on the shelf below. Next to the door, a grey storage bench carries a puzzle box on its cushioned top.","eq,1,rug; eq,3,block; eq,2,toy_car; eq,1,activity_table; eq,1,art_caddy; eq,2,paint_jar; eq,1,paintbrush; eq,1,bookshelf; eq,3,picture_book; eq,1,stuffed_fox; eq,1,storage_bench; eq,1,puzzle_box","eq,1,rug,circular; eq,1,rug,yellow; eq,3,block,wooden; eq,1,activity_table,purple; eq,1,art_caddy,red; eq,1,bookshelf,green; eq,1,storage_bench,grey; eq,1,storage_bench,cushioned_top; eq,1,stuffed_fox,small","eq,3,on,0,rug,block; eq,2,beside,0,rug,toy_car; eq,1,on,0,activity_table,art_caddy; eq,2,on,0,activity_table,paint_jar; eq,1,near,0,art_caddy,paintbrush; eq,3,top_region,0,bookshelf,picture_book; eq,1,within,0,bookshelf,stuffed_fox; eq,1,on,0,storage_bench,puzzle_box; eq,1,on,0,activity_table,art_caddy; eq,1,below,0,picture_book,stuffed_fox","eq,1,under,rug,window; eq,1,against,bookshelf,wall; eq,1,next,storage_bench,door",hard,single_room
415,"A colorful striped play tent occupies the center of the playroom, surrounded by three plush floor cushions in green, yellow, and orange for cozy seating. Against one wall a light blue desk holds two red crayons, a purple coloring book to the right, and a small white lamp on the left, with a yellow chair facing the desk. A low wooden bookshelf stands near the window displaying two story books and a small brown teddy bear, while a wooden toy chest full of three building blocks sits by the door. Scattered around the floor are a blue plush doll next to the cushions and a small green puzzle piece near the play tent.","eq,1,play_tent; eq,3,floor_cushion; eq,1,desk; eq,2,crayon; eq,1,coloring_book; eq,1,lamp; eq,1,chair; eq,1,bookshelf; eq,2,story_book; eq,1,teddy_bear; eq,1,toy_chest; eq,3,building_block; eq,1,doll; eq,1,puzzle_piece","eq,1,play_tent,colorful; eq,1,play_tent,striped; eq,3,floor_cushion,plush; eq,1,floor_cushion,green; eq,1,floor_cushion,yellow; eq,1,floor_cushion,orange; eq,1,desk,light_blue; eq,2,crayon,red; eq,1,coloring_book,purple; eq,1,lamp,white; eq,1,chair,yellow; eq,1,bookshelf,low; eq,1,bookshelf,wooden; eq,1,teddy_bear,brown; eq,1,teddy_bear,small; eq,1,toy_chest,wooden; eq,1,doll,blue; eq,1,doll,plush; eq,1,puzzle_piece,green; eq,1,lamp,small; eq,1,puzzle_piece,small","eq,1,surround,0,play_tent,floor_cushion:0,floor_cushion:1,floor_cushion:2; eq,2,on,0,desk,crayon; eq,2,right,0,crayon,coloring_book; eq,2,left,0,crayon,lamp; eq,1,face,0,desk,chair; eq,2,within,0,bookshelf,story_book; eq,1,within,0,bookshelf,teddy_bear; eq,3,within,0,toy_chest,building_block; gt,1,next,0,floor_cushion,doll; eq,1,near,0,play_tent,puzzle_piece; eq,1,on,0,desk,coloring_book; eq,1,on,0,desk,lamp","eq,1,center,play_tent,room; eq,1,against,desk,wall; eq,1,near,bookshelf,window; eq,1,near,toy_chest,door",hard,single_room
416,"A colorful playroom with a green play tent near the window and a yellow mini slide adjacent to a red climbing frame. A wooden desk faces a small chair, with a sketchbook and five crayons arranged on the tabletop. A blue storage bin holds two teddy bears and a plush dinosaur, while a train set sits on a round play rug in the center of the room. A beanbag rests next to the door for reading with a potted plant on the side.","eq,1,play_tent; eq,1,mini_slide; eq,1,climbing_frame; eq,1,desk; eq,1,chair; eq,1,sketchbook; eq,5,crayon; eq,1,storage_bin; ge,2,teddy_bear; eq,1,toy_dinosaur; eq,1,train_set; eq,1,rug; eq,1,beanbag; eq,1,potted_plant","eq,1,play_tent,green; eq,1,mini_slide,yellow; eq,1,climbing_frame,red; eq,1,desk,wooden; eq,1,storage_bin,blue; eq,1,rug,round; eq,1,chair,small; eq,1,toy_dinosaur,plush","eq,1,adjacent,0,climbing_frame,mini_slide; eq,1,facing,0,chair,desk; eq,1,on,0,desk,sketchbook; eq,5,on,0,desk,crayon; ge,2,inside,0,storage_bin,teddy_bear; eq,1,inside,0,storage_bin,toy_dinosaur; eq,1,on,0,rug,train_set; eq,1,next,0,beanbag,potted_plant","eq,1,near,play_tent,window; eq,1,middle,rug,room; eq,1,next,beanbag,door",hard,single_room
417,"A vibrant playroom features a purple ball pit under the window and a wooden dollhouse against the opposite wall. A low play table with four small chairs holds a set of multicolored blocks and three plush animal figures arranged on the tabletop. A green art easel stands beside a red storage shelf stocked with a puzzle box and a paint palette, while a blue beanbag sits near the door for lounging. A bright orange mini slide stands next to a modular climbing cube at the far end for active play.","eq,1,ball_pit; eq,1,dollhouse; eq,1,play_table; eq,4,chair; eq,1,set_of_blocks; eq,3,animal_figure; eq,1,art_easel; eq,1,storage_shelf; eq,1,puzzle_box; eq,1,paint_palette; eq,1,beanbag; eq,1,mini_slide; eq,1,climbing_cube","eq,1,ball_pit,purple; eq,1,dollhouse,wooden; eq,1,play_table,low; eq,4,chair,small; eq,1,art_easel,green; eq,1,storage_shelf,red; eq,1,beanbag,blue; eq,1,mini_slide,bright_orange; eq,1,climbing_cube,modular; eq,4,chair,small; eq,1,set_of_blocks,multicolored; eq,3,animal_figure,plush","eq,4,next,0,play_table,chair; eq,1,on,0,play_table,set_of_blocks; eq,3,on,0,play_table,animal_figure; eq,1,beside,0,art_easel,storage_shelf; eq,1,within,0,storage_shelf,puzzle_box; eq,1,within,0,storage_shelf,paint_palette; eq,1,next,0,mini_slide,climbing_cube; eq,1,opposite,0,play_table,dollhouse","eq,1,under,ball_pit,window; eq,1,against,dollhouse,wall; eq,1,near,beanbag,door",hard,single_room
418,"A spacious playroom includes a red play tent positioned next to the door and a wooden rocking horse facing a cozy reading chair by the window. A train table with two small benches supports a miniature station model. On a low art desk, five markers are laid out left of an open coloring book, while three cups sit beside. A fabric storage bin holds two plush monkeys and four toy cars, and a large foam tower stands in the corner.","eq,1,play_tent; eq,1,rocking_horse; eq,1,reading_chair; eq,1,train_table; eq,2,bench; eq,1,miniature_station_model; eq,1,art_desk; eq,5,marker; eq,1,coloring_book; eq,3,cup; eq,1,storage_bin; eq,2,plush_monkey; eq,4,toy_car; eq,1,foam_tower","eq,1,play_tent,red; eq,1,rocking_horse,wooden; eq,1,reading_chair,cozy; eq,2,bench,small; eq,1,art_desk,low; eq,1,storage_bin,fabric; eq,1,foam_tower,large; eq,1,coloring_book,open","eq,1,facing,0,reading_chair,rocking_horse; eq,2,next,0,train_table,bench; eq,1,on,0,train_table,miniature_station_model; eq,5,on,0,art_desk,marker; eq,1,on,0,art_desk,coloring_book; eq,3,on,0,art_desk,cup; eq,5,left,0,coloring_book,marker; eq,3,beside,0,coloring_book,cup; eq,2,inside,0,storage_bin,plush_monkey; eq,4,inside,0,storage_bin,toy_car","eq,1,next,play_tent,door; eq,1,next,reading_chair,window; eq,1,corner,foam_tower,room",hard,single_room
419,"A bright playroom with a yellow ride-on car parked near the window and a turquoise play kitchen against the wall. A small white desk faces two multicolored stools and holds a computer monitor, a small potted plant, and three books. A foam climbing dome stands beside a wooden train table that supports two wooden trains. A fabric basket near the door contains three stuffed rabbits and two rubber balls.","eq,1,ride_on_car; eq,1,play_kitchen; eq,1,desk; eq,2,stool; eq,1,computer_monitor; eq,1,potted_plant; eq,3,book; eq,1,climbing_dome; eq,1,train_table; eq,2,toy_train; eq,1,basket; eq,3,stuffed_rabbit; eq,2,rubber_ball","eq,1,ride_on_car,yellow; eq,1,play_kitchen,turquoise; eq,1,desk,white; eq,1,desk,small; eq,2,stool,multicolored; eq,1,potted_plant,small; eq,1,climbing_dome,foam; eq,1,train_table,wooden; eq,2,toy_train,wooden; eq,1,basket,fabric","eq,2,facing,0,stool,desk; eq,1,on,0,desk,computer_monitor; eq,1,on,0,desk,potted_plant; eq,3,on,0,desk,book; eq,1,beside,0,climbing_dome,train_table; eq,2,on,0,train_table,toy_train; eq,3,inside,0,basket,stuffed_rabbit; eq,2,inside,0,basket,rubber_ball","eq,1,near,ride_on_car,window; eq,1,against,play_kitchen,wall; eq,1,near,basket,door",hard,single_room
420,Sunlight streams through the window onto a blue puppet theater and a green foam pyramid in the center of the room. A small wooden table with three red stools holds a jigsaw puzzle and two paint jars. A pink art easel stands against the wall beside a tall bookshelf displaying four storybooks and a small toy plane. A purple ride-on rocking unicorn rests next to the door for imaginative play.,"eq,1,puppet_theater; eq,1,foam_pyramid; eq,1,table; eq,3,stool; eq,1,jigsaw_puzzle; eq,2,paint_jar; eq,1,art_easel; eq,1,bookshelf; eq,4,storybook; eq,1,toy_plane; eq,1,ride_on_rocking_unicorn","eq,1,puppet_theater,blue; eq,1,foam_pyramid,green; eq,1,table,wooden; eq,1,table,small; eq,3,stool,red; eq,1,art_easel,pink; eq,1,bookshelf,tall; eq,1,ride_on_rocking_unicorn,purple; eq,1,toy_plane,small","eq,1,on,0,table,jigsaw_puzzle; eq,2,on,0,table,paint_jar; eq,1,beside,0,art_easel,bookshelf; eq,4,within,0,bookshelf,storybook; eq,1,within,0,bookshelf,toy_plane; eq,3,next,0,table,stool","eq,1,middle,puppet_theater,room; eq,1,middle,foam_pyramid,room; eq,1,against,art_easel,wall; eq,1,next,ride_on_rocking_unicorn,door",hard,single_room
421,"A green rug covers the center of the room, supporting an orange activity cube. A purple teepee tent stands in one corner. A low art table faces two yellow chairs and holds a craft kit and an open sketchpad, with a pencil lying right of the sketchpad. A freestanding whiteboard stands adjacent to a wooden train track on the rug. A wicker basket near the door contains five colored markers and a small rubber duck.","eq,1,rug; eq,1,activity_cube; eq,1,teepee_tent; eq,1,art_table; eq,2,chair; eq,1,craft_kit; eq,1,sketchpad; eq,1,pencil; eq,1,whiteboard; eq,1,train_track; eq,1,basket; eq,5,marker; eq,1,rubber_duck","eq,1,rug,green; eq,1,activity_cube,orange; eq,1,teepee_tent,purple; eq,1,art_table,low; eq,2,chair,yellow; eq,1,sketchpad,open; eq,1,whiteboard,freestanding; eq,1,train_track,wooden; eq,1,basket,wicker; eq,5,marker,colored; eq,1,rubber_duck,small","eq,1,on,0,rug,activity_cube; eq,2,facing,0,chair,art_table; eq,1,on,0,art_table,craft_kit; eq,1,on,0,art_table,sketchpad; eq,1,right,0,sketchpad,pencil; eq,1,adjacent,0,whiteboard,train_track; eq,1,on,0,rug,train_track; eq,5,inside,0,basket,marker; eq,1,inside,0,basket,rubber_duck","eq,1,center,rug,room; eq,1,corner,teepee_tent,room; eq,1,near,basket,door",hard,single_room
422,"At the center a pool table is illuminated by an overhead LED light. An arcade cabinet stands against the far wall, opposite a VR rig positioned beside the door. A sleek gaming desk sits under the window, its surface arranged with a desk lamp, two controllers, and two game discs. A cozy bean bag sits across the desk, while a mini fridge occupies the corner beside a tall bookshelf holding two soda cans and a pair of headphones. A gaming chair is in front of the desk.","eq,1,pool_table; eq,1,LED_light; eq,1,arcade_cabinet; eq,1,VR_rig; eq,1,gaming_desk; eq,1,desk_lamp; eq,2,controller; eq,2,game_disc; eq,1,bean_bag; eq,1,mini_fridge; eq,1,bookshelf; eq,2,soda_can; eq,1,headphones; eq,1,gaming_chair","eq,1,LED_light,overhead; eq,1,gaming_desk,sleek; eq,1,bean_bag,cozy; eq,1,bookshelf,tall","eq,1,above,0,pool_table,LED_light; eq,1,opposite,0,arcade_cabinet,VR_rig; eq,1,on,0,gaming_desk,desk_lamp; eq,2,on,0,gaming_desk,controller; eq,2,on,0,gaming_desk,game_disc; eq,1,across,0,gaming_desk,bean_bag; eq,2,within,0,bookshelf,soda_can; eq,2,within,0,bookshelf,headphones; eq,1,front,0,gaming_desk,gaming_chair; eq,1,beside,0,mini_fridge,bookshelf","eq,1,center,pool_table,room; eq,1,against,arcade_cabinet,wall; eq,1,beside,VR_rig,door; eq,1,under,gaming_desk,window; eq,1,corner,mini_fridge,room; eq,1,hang,LED_light,ceiling",hard,single_room
423,"A colorful climbing frame spans a corner of the room. Adjacent to the door, a play tent sits next to a mini slide. Opposite the tent, a media console holds a TV and a game console, positioned to face a bean bag. In the center, a low table supports two puzzle boxes and a board game. Under the window, a side table displays a lava lamp and a remote control. A tall shelf against the back wall holds two action figures.","eq,1,climbing_frame; eq,1,play_tent; eq,1,mini_slide; eq,1,media_console; eq,1,TV; eq,1,game_console; eq,1,bean_bag; eq,1,table; eq,2,puzzle_box; eq,1,board_game; eq,1,side_table; eq,1,lava_lamp; eq,1,remote_control; eq,1,shelf; eq,2,action_figure","eq,1,climbing_frame,colorful; eq,1,table,low; eq,1,shelf,tall","eq,1,next_to,0,play_tent,mini_slide; eq,1,opposite,0,play_tent,media_console; eq,1,on,0,media_console,TV; eq,1,on,0,media_console,game_console; eq,1,facing,0,bean_bag,media_console; eq,2,on,0,table,puzzle_box; eq,1,on,0,table,board_game; eq,1,on,0,side_table,lava_lamp; eq,1,on,0,side_table,remote_control; eq,2,on,0,shelf,action_figure","eq,1,corner,climbing_frame,room; eq,1,adjacent,play_tent,door; eq,1,center,table,room; eq,1,under,side_table,window; eq,1,against,shelf,wall",hard,single_room
424,"An open gaming lounge features a sleek gaming PC on a desk under the window, with a keyboard, mouse, and headset on its surface. A leather gaming chair faces the desk, and nearby a vibrant foosball table stands in the center, with a wall-mounted TV nearby. Along the opposite wall, a low bookshelf displays a trophy and a book. A plush couch faces the TV, sitting across from the foosball table. A coffee table in front of the couch holds two soda cans and a snack box. A mini fridge stands beside the couch near the door, and a floor lamp provides ambient light next to the foosball table.","eq,1,gaming_PC; eq,1,desk; eq,1,keyboard; eq,1,mouse; eq,1,headset; eq,1,gaming_chair; eq,1,foosball_table; eq,1,TV; eq,1,bookshelf; eq,1,trophy; eq,1,book; eq,1,couch; eq,1,coffee_table; eq,2,soda_can; eq,1,snack_box; eq,1,mini_fridge; eq,1,floor_lamp","eq,1,gaming_PC,sleek; eq,1,gaming_chair,leather; eq,1,foosball_table,vibrant; eq,1,TV,wall_mounted; eq,1,bookshelf,low; eq,1,couch,plush; eq,1,floor_lamp,ambient","eq,1,on,0,desk,gaming_PC; eq,1,on,0,desk,keyboard; eq,1,on,0,desk,mouse; eq,1,on,0,desk,headset; eq,1,facing,0,desk,gaming_chair; eq,1,near,0,foosball_table,TV; eq,1,within,0,bookshelf,trophy; eq,1,within,0,bookshelf,book; eq,1,facing,0,TV,couch; eq,1,across,0,foosball_table,couch; eq,1,front,0,couch,coffee_table; eq,2,on,0,coffee_table,soda_can; eq,1,on,0,coffee_table,snack_box; eq,1,beside,0,mini_fridge,couch; eq,1,next_to,0,floor_lamp,foosball_table","eq,1,under,desk,window; eq,1,center,foosball_table,room; eq,1,on,TV,wall; eq,1,against,bookshelf,wall; eq,1,near,mini_fridge,door",hard,single_room
425,"A racing simulator seat sits at room center on a red mat under a ceiling spotlight. A black gaming desk beneath the window holds a sleek gaming PC, with a keyboard in front of a monitor, and a mouse right of the keyboard. A leather gaming chair faces the desk, while a neon-lit air hockey table stands adjacent to the door with two rackets and a puck resting at its center. A punching bag hangs in the corner next to a dartboard mounted on the wall. A mini fridge sits beside a tall shelf.","eq,1,racing_simulator_seat; eq,1,mat; eq,1,spotlight; eq,1,gaming_desk; eq,1,gaming_PC; eq,1,keyboard; eq,1,monitor; eq,1,mouse; eq,1,gaming_chair; eq,1,air_hockey_table; eq,2,racket; eq,1,puck; eq,1,punching_bag; eq,1,dartboard; eq,1,mini_fridge; eq,1,shelf","eq,1,mat,red; eq,1,gaming_desk,black; eq,1,gaming_PC,sleek; eq,1,gaming_chair,leather; eq,1,air_hockey_table,neon_lit; eq,1,shelf,tall","eq,1,on,0,mat,racing_simulator_seat; eq,1,above,0,racing_simulator_seat,spotlight; eq,1,on,0,gaming_desk,gaming_PC; eq,1,front,0,monitor,keyboard; eq,1,right,0,keyboard,mouse; eq,1,facing,0,gaming_desk,gaming_chair; eq,2,on,0,air_hockey_table,racket; eq,1,on,0,air_hockey_table,puck; eq,1,next_to,0,punching_bag,dartboard; eq,1,beside,0,mini_fridge,shelf; eq,1,on,0,gaming_desk,monitor; eq,1,on,0,gaming_desk,keyboard; eq,1,on,0,gaming_desk,mouse; eq,2,center,0,air_hockey_table,racket; eq,1,center,0,air_hockey_table,puck","eq,1,center,racing_simulator_seat,room; eq,1,under,gaming_desk,window; eq,1,adjacent,air_hockey_table,door; eq,1,corner,punching_bag,room; eq,1,on,dartboard,wall; eq,1,hang,spotlight,ceiling",hard,single_room
426,"A plush bean bag sits under the window beside a low table supporting a lava lamp and two game controllers. An inflatable obstacle mat spans the corner next to the door. A glossy media cabinet along the opposite wall holds a TV and a gaming console, positioned to face a swivel gaming chair. A vibrant foosball table occupies the center, with a neon ping-pong table standing nearby. A mini fridge stands beside the cabinet, and a side table next to a sofa holds a remote control and a snack bowl.","eq,1,bean_bag; eq,1,table; eq,1,lava_lamp; eq,2,game_controller; eq,1,obstacle_mat; eq,1,media_cabinet; eq,1,TV; eq,1,gaming_console; eq,1,gaming_chair; eq,1,foosball_table; eq,1,ping_pong_table; eq,1,mini_fridge; eq,1,side_table; eq,1,sofa; eq,1,remote_control; eq,1,snack_bowl","eq,1,bean_bag,plush; eq,1,table,low; eq,1,obstacle_mat,inflatable; eq,1,media_cabinet,glossy; eq,1,gaming_chair,swivel; eq,1,foosball_table,vibrant; eq,1,ping_pong_table,neon","eq,1,beside,0,bean_bag,table; eq,1,on,0,table,lava_lamp; eq,2,on,0,table,game_controller; eq,1,on,0,media_cabinet,TV; eq,1,on,0,media_cabinet,gaming_console; eq,1,facing,0,gaming_chair,media_cabinet; eq,1,near,0,foosball_table,ping_pong_table; eq,1,beside,0,media_cabinet,mini_fridge; eq,1,next_to,0,sofa,side_table; eq,1,on,0,side_table,remote_control; eq,1,on,0,side_table,snack_bowl; eq,1,opposite,0,obstacle_mat,media_cabinet","eq,1,under,bean_bag,window; eq,1,corner,obstacle_mat,room; eq,1,adjacent,obstacle_mat,door; eq,1,against,media_cabinet,wall; eq,1,center,foosball_table,room",hard,single_room
427,"A large trampoline occupies the center of the room beside a vibrant LED-lit foosball table. A sleek gaming desk under the window holds a monitor, keyboard, and mouse, and a racing simulator seat faces the desk. A punching bag hangs from the ceiling near the door, while an arcade cabinet on the opposite wall faces a plush sectional sofa. A low coffee table in front of the sofa supports two controllers and a board game. A tall shelf beside the sofa displays a speaker and a plant. A floor lamp provides soft lighting next to the coffee table.","eq,1,trampoline; eq,1,foosball_table; eq,1,gaming_desk; eq,1,monitor; eq,1,keyboard; eq,1,mouse; eq,1,racing_simulator_seat; eq,1,punching_bag; eq,1,arcade_cabinet; eq,1,sofa; eq,1,coffee_table; eq,2,controller; eq,1,board_game; eq,1,shelf; eq,1,speaker; eq,1,plant; eq,1,floor_lamp","eq,1,trampoline,large; eq,1,foosball_table,vibrant; eq,1,foosball_table,LED_lit; eq,1,gaming_desk,sleek; eq,1,sofa,plush; eq,1,sofa,sectional; eq,1,shelf,tall; eq,1,coffee_table,low","eq,1,beside,0,trampoline,foosball_table; eq,1,on,0,gaming_desk,monitor; eq,1,on,0,gaming_desk,keyboard; eq,1,on,0,gaming_desk,mouse; eq,1,facing,0,gaming_desk,racing_simulator_seat; eq,1,facing,0,sofa,arcade_cabinet; eq,2,on,0,coffee_table,controller; eq,1,on,0,coffee_table,board_game; eq,1,beside,0,shelf,sofa; eq,1,on,0,shelf,speaker; eq,1,on,0,shelf,plant; eq,1,next_to,0,coffee_table,floor_lamp; eq,1,front,0,sofa,coffee_table","eq,1,center,trampoline,room; eq,1,under,gaming_desk,window; eq,1,near,punching_bag,door; eq,1,against,arcade_cabinet,wall; eq,1,hang,punching_bag,ceiling",hard,single_room
428,"An ultramodern gaming room features a black desk supporting two curved monitors with a sleek RGB keyboard and wireless mouse arranged in front. Two white floor-standing speakers stand to the two sides of the desk, and a gray ergonomic chair is positioned directly in front, inviting the player to sit. A metal shelf mounted above displays a VR headset and two blue game cases next to a neon pink sign glowing near the window. Against the opposite wall, a stainless steel mini fridge keeps refreshments cool.","eq,1,desk; eq,2,monitor; eq,1,keyboard; eq,1,mouse; eq,2,speaker; eq,1,chair; eq,1,shelf; eq,1,vr_headset; eq,2,game_case; eq,1,neon_sign; eq,1,mini_fridge","eq,1,desk,black; eq,2,monitor,curved; eq,1,keyboard,RGB; eq,1,keyboard,sleek; eq,1,mouse,wireless; eq,2,speaker,white; eq,2,speaker,floor_standing; eq,1,chair,gray; eq,1,chair,ergonomic; eq,1,shelf,metal; eq,2,game_case,blue; eq,1,neon_sign,pink; eq,1,mini_fridge,stainless_steel","eq,2,on,0,desk,monitor; eq,1,on,0,desk,keyboard; eq,1,on,0,desk,mouse; eq,1,left,0,desk,speaker; eq,1,right,0,desk,speaker; eq,1,front,0,desk,chair; eq,1,above,0,desk,shelf; eq,1,on,0,shelf,vr_headset; eq,2,on,0,shelf,game_case; eq,2,next,0,neon_sign,game_case; ge,1,front,0,monitor,keyboard; ge,1,front,0,monitor,mouse; eq,1,opposite,0,shelf,mini_fridge","eq,1,on,shelf,wall; eq,1,near,neon_sign,window; eq,1,against,mini_fridge,wall",hard,single_room
429,"An L-shaped white desk fills the corner with three large screens perched on three monitor stands, each linked to a high-end PC tower on the floor next to the desk. A black leather chair faces the desk, while a neon green gaming headset rests on the desk with a patterned mousepad lies to the left of a wireless mouse. Mounted above, a colorful abstract painting overlooks the setup, and a potted fern crowns a tall bookshelf placed next to the door. A single adjustable lamp casts warm light near the window.","eq,1,desk; eq,3,monitor; eq,3,monitor_stand; eq,1,pc_tower; eq,1,chair; eq,1,gaming_headset; eq,1,mousepad; eq,1,mouse; eq,1,painting; eq,1,fern; eq,1,bookshelf; eq,1,lamp","eq,1,desk,white; eq,1,desk,l_shaped; eq,3,monitor,large; eq,1,pc_tower,high_end; eq,1,chair,black; eq,1,chair,leather; eq,1,gaming_headset,neon_green; eq,1,mousepad,patterned; eq,1,mouse,wireless; eq,1,painting,colorful; eq,1,painting,abstract; eq,1,fern,potted; eq,1,bookshelf,tall; eq,1,lamp,adjustable","eq,3,on,0,monitor_stand,monitor; eq,3,on,0,desk,monitor_stand; eq,1,next,0,desk,pc_tower; eq,1,face,0,desk,chair; eq,1,on,0,desk,gaming_headset; eq,1,on,0,desk,mousepad; eq,1,on,0,desk,mouse; eq,1,left,0,mouse,mousepad; eq,1,above,0,desk,painting; eq,1,on,0,bookshelf,fern","eq,1,corner,desk,room; eq,1,on,painting,wall; eq,1,next,bookshelf,door; eq,1,near,lamp,window",hard,single_room
430,"A sleek black gaming desk sits against the wall under a rectangular window, supporting a gray PC tower, a 27-inch monitor, and a backlit RGB keyboard. A red racing-style chair faces the monitor while a pair of white speakers flank the desk. A neon blue headset rests on a wooden side table next to the desk beside a large navy area rug. A lime green beanbag lies near the door, and a mini fridge in matte black keeps drinks chilled.","eq,1,gaming_desk; eq,1,pc_tower; eq,1,monitor; eq,1,keyboard; eq,1,chair; eq,2,speaker; eq,1,side_table; eq,1,headset; eq,1,rug; eq,1,beanbag; eq,1,mini_fridge","eq,1,gaming_desk,sleek; eq,1,gaming_desk,black; eq,1,pc_tower,gray; eq,1,monitor,27_inch; eq,1,keyboard,backlit; eq,1,keyboard,rgb; eq,1,chair,red; eq,1,chair,racing_style; eq,2,speaker,white; eq,1,side_table,wooden; eq,1,headset,neon_blue; eq,1,rug,navy; eq,1,rug,large; eq,1,beanbag,lime_green; eq,1,mini_fridge,matte_black","eq,1,on,0,gaming_desk,pc_tower; eq,1,on,0,gaming_desk,monitor; eq,1,on,0,gaming_desk,keyboard; eq,1,facing,0,monitor,chair; eq,1,left,0,gaming_desk,speaker; eq,1,right,0,gaming_desk,speaker; eq,1,next,0,gaming_desk,side_table; eq,1,on,0,side_table,headset; eq,1,beside,0,side_table,rug","eq,1,against,gaming_desk,wall; eq,1,under,gaming_desk,window; eq,1,near,beanbag,door",hard,single_room
431,"An L-shaped gray sectional sofa occupies one corner of the room, facing a 65-inch curved TV mounted above a sleek black soundbar on the wall. A rectangular glass coffee table holds two wireless game controllers and three colorful game cases. Two navy floor cushions sit on long sides of the coffee table. Near the door, a wooden snack counter holds three clear jars of snacks and a small potted plant. A patterned area rug sits in front of the door.","eq,1,sofa; eq,1,TV; eq,1,soundbar; eq,1,coffee_table; eq,2,game_controller; eq,3,game_case; eq,2,floor_cushion; eq,1,snack_counter; eq,3,jar_of_snacks; eq,1,potted_plant; eq,1,rug","eq,1,sofa,L_shaped; eq,1,sofa,gray; eq,1,TV,65_inch; eq,1,TV,curved; eq,1,soundbar,black; eq,1,soundbar,sleek; eq,1,coffee_table,rectangular; eq,1,coffee_table,glass; eq,2,game_controller,wireless; eq,3,game_case,colorful; eq,2,floor_cushion,navy; eq,1,snack_counter,wooden; eq,3,jar_of_snacks,clear; eq,1,potted_plant,small; eq,1,rug,patterned; eq,1,sofa,sectional","eq,1,facing,0,TV,sofa; eq,1,above,0,soundbar,TV; eq,2,on,0,coffee_table,game_controller; eq,3,on,0,coffee_table,game_case; eq,2,long_side,0,coffee_table,floor_cushion; eq,3,on,0,snack_counter,jar_of_snacks; eq,1,on,0,snack_counter,potted_plant","eq,1,corner,sofa,room; eq,1,on,TV,wall; eq,1,on,soundbar,wall; eq,1,near,snack_counter,door; eq,1,front,rug,door",hard,single_room
432,"A white desk stands in front of a wide window, supporting a 24-inch monitor, an LED ring light, and a black condenser microphone. A purple gaming chair faces the desk, and a tower PC rests on the floor to the right. Two small studio speakers flank the monitor, and a rainbow-trimmed desk pad sits below to a wireless mouse and a compact RGB keyboard. A camera on its own tripod is positioned near the door.","eq,1,desk; eq,1,monitor; eq,1,ring_light; eq,1,microphone; eq,1,chair; eq,1,pc_tower; eq,2,speaker; eq,1,desk_pad; eq,1,mouse; eq,1,keyboard; eq,1,camera; eq,1,tripod","eq,1,desk,white; eq,1,monitor,24_inch; eq,1,ring_light,LED; eq,1,microphone,black; eq,1,microphone,condenser; eq,1,chair,purple; eq,1,chair,gaming; eq,2,speaker,small; eq,2,speaker,studio; eq,1,desk_pad,rainbow_trimmed; eq,1,mouse,wireless; eq,1,keyboard,compact; eq,1,keyboard,RGB","eq,1,on,0,desk,monitor; eq,1,on,0,desk,ring_light; eq,1,on,0,desk,microphone; eq,1,facing,0,desk,chair; eq,1,right,0,desk,pc_tower; eq,1,left,0,monitor,speaker; eq,1,right,0,monitor,speaker; eq,1,on,0,desk,desk_pad; eq,1,on,0,desk_pad,mouse; eq,1,on,0,desk_pad,keyboard; eq,1,on,0,tripod,camera","eq,1,front,desk,window; eq,1,near,tripod,door",hard,single_room
433,"A solid oak table is surrounded by six mid-century modern chairs, its green felt surface hosting a wooden dice tower and a deck of cards. On the table, a ceramic mug and a blue scorepad sit beside a digital timer. A tall walnut bookshelf stands near a small window, displaying five board game boxes and a metal card holder. A charcoal beanbag rests adjacent to the door with a striped rug underneath.","eq,1,table; eq,6,chair; eq,1,dice_tower; eq,1,deck_of_cards; eq,1,mug; eq,1,scorepad; eq,1,timer; eq,1,bookshelf; eq,5,board_game_box; eq,1,card_holder; eq,1,beanbag; eq,1,rug","eq,1,table,solid; eq,1,table,oak; eq,6,chair,mid_century_modern; eq,1,dice_tower,wooden; eq,1,mug,ceramic; eq,1,scorepad,blue; eq,1,timer,digital; eq,1,bookshelf,tall; eq,1,bookshelf,walnut; eq,1,beanbag,charcoal; eq,1,rug,striped; eq,1,table,green_felt_surface; eq,1,card_holder,metal","eq,1,surround,0,table,chair:0,chair:1,chair:2,chair:3,chair:4,chair:5; eq,1,on,0,table,dice_tower; eq,1,on,0,table,deck_of_cards; eq,1,on,0,table,mug; eq,1,on,0,table,scorepad; eq,1,on,0,table,timer; eq,1,beside,0,mug,timer; eq,1,beside,0,scorepad,timer; eq,5,within,0,bookshelf,board_game_box; eq,1,within,0,bookshelf,card_holder; eq,1,under,0,beanbag,rug","eq,1,near,bookshelf,window; eq,1,adjacent,beanbag,door",hard,single_room
434,"In this VR studio, a white VR treadmill occupies the center, supported by a black anti-slip mat. Four black motion sensor units are mounted on the ceiling, and a VR headset rests on a minimalist console table against the wall. A sleek gaming desk under a square window holds a compact PC and a wireless controller. A long backlit cable management tray is mounted on a wall, and a folding red stool stands near the door.","eq,1,vr_treadmill; eq,1,anti_slip_mat; eq,4,motion_sensor_unit; eq,1,vr_headset; eq,1,console_table; eq,1,gaming_desk; eq,1,pc; eq,1,controller; eq,1,cable_management_tray; eq,1,stool","eq,1,vr_treadmill,white; eq,1,anti_slip_mat,black; eq,4,motion_sensor_unit,black; eq,1,console_table,minimalist; eq,1,gaming_desk,sleek; eq,1,pc,compact; eq,1,controller,wireless; eq,1,cable_management_tray,long; eq,1,cable_management_tray,backlit; eq,1,stool,folding; eq,1,stool,red","eq,1,under,0,vr_treadmill,anti_slip_mat; eq,1,on,0,console_table,vr_headset; eq,1,on,0,gaming_desk,pc; eq,1,on,0,gaming_desk,controller","eq,1,center,vr_treadmill,room; eq,4,mount,motion_sensor_unit,ceiling; eq,1,against,console_table,wall; eq,1,under,gaming_desk,window; eq,1,on,cable_management_tray,wall; eq,1,near,stool,door",hard,single_room
435,"A spacious kitchen centers on a navy blue rolling island with a butcher block top, flanked by two white metal bar stools on its long side. Opposite the island, a stainless steel refrigerator stands next to a tall pantry cabinet. On the island surface, a black drip coffee maker and a red toaster sit side by side, while a wooden cutting board holds a knife block on top. A stainless steel blender occupies the corner adjacent to the door. There is a wooden dining table with two oak chairs placed under the window with a ceramic fruit bowl on top.","eq,1,island; eq,2,bar_stool; eq,1,refrigerator; eq,1,pantry_cabinet; eq,1,drip_coffee_maker; eq,1,toaster; eq,1,cutting_board; eq,1,knife_block; eq,1,blender; eq,1,dining_table; eq,2,chair; eq,1,fruit_bowl","eq,1,island,navy_blue; eq,1,island,rolling; eq,1,island,butcher_block_top; eq,2,bar_stool,white; eq,2,bar_stool,metal; eq,1,refrigerator,stainless_steel; eq,1,pantry_cabinet,tall; eq,1,drip_coffee_maker,black; eq,1,toaster,red; eq,1,cutting_board,wooden; eq,1,blender,stainless_steel; eq,1,dining_table,wooden; eq,2,chair,oak; eq,1,fruit_bowl,ceramic","eq,2,long_side,0,island,bar_stool; eq,1,opposite,0,island,refrigerator; eq,1,next,0,refrigerator,pantry_cabinet; eq,1,on,0,island,drip_coffee_maker; eq,1,on,0,island,toaster; eq,1,next,0,drip_coffee_maker,toaster; eq,1,on,0,cutting_board,knife_block; eq,2,next,0,dining_table,chair; eq,1,on,0,dining_table,fruit_bowl; eq,1,on,0,island,cutting_board","eq,1,center,island,room; eq,1,adjacent,blender,door; eq,2,under,chair,window",hard,single_room
436,"Sunlight streams through a sliding glass door onto a wooden kitchen table surrounded by four wooden chairs on the long sides. A metal rolling cart stands beside the table, holding a ceramic kettle and a butter dish. On the tabletop, a white plate holds a single apple, with a jar of honey placed next to it. Against the opposite wall, a counter supports a microwave oven beneath a hanging pan rack. Nearby the door, a wooden spice box sits beside the microwave with a jar of cinnamon on top.","eq,1,table; eq,4,chair; eq,1,cart; eq,1,kettle; eq,1,butter_dish; eq,1,plate; eq,1,apple; eq,1,jar_honey; eq,1,counter; eq,1,microwave_oven; eq,1,pan_rack; eq,1,spice_box; eq,1,jar_cinnamon","eq,1,table,wooden; eq,4,chair,wooden; eq,1,cart,metal; eq,1,cart,rolling; eq,1,kettle,ceramic; eq,1,plate,white; eq,1,pan_rack,hanging; eq,1,spice_box,wooden","eq,4,long_side,0,table,chair; eq,1,beside,0,table,cart; eq,1,on,0,cart,kettle; eq,1,on,0,cart,butter_dish; eq,1,on,0,table,plate; eq,1,on,0,plate,apple; eq,1,next,0,plate,jar_honey; eq,1,on,0,counter,microwave_oven; eq,1,under,0,pan_rack,microwave_oven; eq,1,beside,0,microwave_oven,spice_box; eq,1,on,0,spice_box,jar_cinnamon; eq,1,on,0,table,jar_honey; eq,1,opposite,0,table,counter","eq,1,against,counter,wall; eq,1,near,spice_box,door",hard,single_room
437,"A bright kitchen features a cherrywood sideboard along the door wall topped with a copper stand mixer and a glass flour canister. Two rattan stools sit next to a marble breakfast bar island that has a knife block secured at the center. Beside the window, a rack supports two white ceramic mugs. A retro yellow toaster sits on the island near the rack, and a stainless steel paper towel holder stands near the knife block.","eq,1,sideboard; eq,2,stool; eq,1,island; eq,1,rack; eq,1,stand_mixer; eq,1,flour_canister; eq,1,knife_block; eq,2,mug; eq,1,toaster; eq,1,paper_towel_holder","eq,1,sideboard,cherrywood; eq,2,stool,rattan; eq,1,island,marble; eq,1,island,breakfast_bar; eq,1,stand_mixer,copper; eq,1,flour_canister,glass; eq,2,mug,white; eq,2,mug,ceramic; eq,1,toaster,yellow; eq,1,toaster,retro; eq,1,paper_towel_holder,stainless_steel","eq,1,on,0,sideboard,stand_mixer; eq,1,on,0,sideboard,flour_canister; eq,2,next,0,island,stool; eq,1,on,0,island,knife_block; eq,2,on,0,rack,mug; eq,1,on,0,island,toaster; eq,1,near,0,knife_block,paper_towel_holder; eq,1,center,0,island,knife_block; eq,1,near,0,rack,toaster","eq,1,along,sideboard,wall; eq,1,near,rack,window; eq,1,next,sideboard,wall",hard,single_room
438,"Under a skylight near the door, a farmhouse-style wooden dining table sits with two Windsor chairs and a brown bench. A black cast-iron pendant light hangs centered above the table, illuminating a ceramic herb planter with rosemary. To the side, a stainless steel trash bin stands next to a mobile prep cart topped with a green cutting mat. On the far wall, a cherry-red stand mixer rests on a freestanding mixer cabinet with a loaf of bread. A vintage kettle and a glass oil decanter perch beside the mixer cabinet.","eq,1,dining_table; eq,2,chair; eq,1,bench; eq,1,pendant_light; eq,1,herb_planter; eq,1,trash_bin; eq,1,prep_cart; eq,1,cutting_mat; eq,1,stand_mixer; eq,1,mixer_cabinet; eq,1,loaf_of_bread; eq,1,kettle; eq,1,oil_decanter","eq,1,dining_table,farmhouse_style; eq,1,dining_table,wooden; eq,2,chair,windsor; eq,1,bench,brown; eq,1,pendant_light,black; eq,1,pendant_light,cast_iron; eq,1,herb_planter,ceramic; eq,1,herb_planter,with_rosemary; eq,1,trash_bin,stainless_steel; eq,1,prep_cart,mobile; eq,1,cutting_mat,green; eq,1,stand_mixer,cherry_red; eq,1,mixer_cabinet,freestanding; eq,1,kettle,vintage; eq,1,oil_decanter,glass","eq,2,next,0,dining_table,chair; eq,1,next,0,dining_table,bench; eq,1,above,0,dining_table,pendant_light; eq,1,on,0,dining_table,herb_planter; eq,1,next,0,prep_cart,trash_bin; eq,1,on,0,prep_cart,cutting_mat; eq,1,on,0,mixer_cabinet,stand_mixer; eq,1,on,0,mixer_cabinet,loaf_of_bread; eq,1,beside,0,mixer_cabinet,kettle; eq,1,beside,0,mixer_cabinet,oil_decanter; eq,1,beside,0,dining_table,trash_bin","eq,1,near,dining_table,door; eq,1,against,mixer_cabinet,wall; eq,1,hang,pendant_light,ceiling",hard,single_room
439,"A mobile white island with an integrated sink rests in the center of the kitchen, its black wheels visible under the base. On the island surface, a green enamel kettle, two copper pots, and three ceramic mugs are placed next to a stainless steel bowl. A stainless steel fridge stands next to the door, with a black rolling cart beside it holding two spice jars, one olive oil bottle, and one vinegar bottle. A wooden barstool is positioned along the long side of the island near a large window. A toaster and a plate filled with two apples occupy a counter by the window, while a stainless steel dishwasher sits next to the fridge.","eq,1,island; eq,1,kettle; eq,2,pot; eq,3,mug; eq,1,bowl; eq,1,fridge; eq,1,rolling_cart; eq,2,spice_jar; eq,1,olive_oil_bottle; eq,1,vinegar_bottle; eq,1,barstool; eq,1,toaster; eq,1,plate; eq,2,apple; eq,1,dishwasher; eq,1,counter","eq,1,island,white; eq,1,island,mobile; eq,1,island,integrated_sink; eq,1,kettle,green; eq,1,kettle,enamel; eq,2,pot,copper; eq,3,mug,ceramic; eq,1,bowl,stainless_steel; eq,1,fridge,stainless_steel; eq,1,rolling_cart,black; eq,1,barstool,wooden; eq,1,dishwasher,stainless_steel; eq,1,island,black_wheels","eq,1,on,0,island,kettle; eq,2,on,0,island,pot; eq,3,on,0,island,mug; eq,1,on,0,island,bowl; eq,3,next,0,bowl,mug; eq,1,next,0,fridge,rolling_cart; eq,2,inside,0,rolling_cart,spice_jar; eq,1,inside,0,rolling_cart,olive_oil_bottle; eq,1,inside,0,rolling_cart,vinegar_bottle; eq,1,long_side,0,island,barstool; eq,2,on,0,plate,apple; eq,1,next,0,fridge,dishwasher; eq,1,next,0,bowl,kettle; eq,2,next,0,bowl,pot; eq,1,on,0,counter,toaster; eq,1,on,0,counter,plate","eq,1,center,island,kitchen; eq,1,next,fridge,door; eq,1,near,barstool,window; eq,1,by,counter,window",hard,single_room
440,"A metal island with a marble top occupies the center, and four high stools line its long sides. Above a freestanding pantry cabinet, a stainless steel oven and matching microwave sit next to each other. On the island surface rests a red stand mixer, a wooden cutting board topped by a loaf of bread, and two ceramic bowls. Nearby, a glass jar of sugar, a small potted herb, and a cookbook sit on wooden table. A stainless steel toaster and a wooden knife block stand beside the microwave, and two wine bottles sits on the floor near the door.","eq,1,island; eq,4,stool; eq,1,pantry_cabinet; eq,1,oven; eq,1,microwave; eq,1,stand_mixer; eq,1,cutting_board; eq,1,loaf_of_bread; eq,2,bowl; eq,1,jar_of_sugar; eq,1,potted_herb; eq,1,cookbook; eq,1,table; eq,1,toaster; eq,1,knife_block; eq,2,wine_bottle","eq,1,island,metal; eq,1,island,marble_top; eq,4,stool,high; eq,1,pantry_cabinet,freestanding; eq,1,oven,stainless_steel; eq,1,microwave,stainless_steel; eq,1,stand_mixer,red; eq,1,cutting_board,wooden; eq,2,bowl,ceramic; eq,1,jar_of_sugar,glass; eq,1,potted_herb,small; eq,1,table,wooden; eq,1,toaster,stainless_steel; eq,1,knife_block,wooden","eq,1,on,0,island,stand_mixer; eq,1,on,0,island,cutting_board; eq,2,on,0,island,bowl; eq,1,on,0,cutting_board,loaf_of_bread; eq,1,on,0,table,jar_of_sugar; eq,1,on,0,table,potted_herb; eq,1,on,0,table,cookbook; eq,1,next,0,microwave,toaster; eq,1,next,0,microwave,knife_block; eq,4,long_side,0,island,stool; eq,1,above,0,pantry_cabinet,oven; eq,1,above,0,pantry_cabinet,microwave; eq,1,next,0,oven,microwave","eq,1,center,island,kitchen; eq,2,near,wine_bottle,door",hard,single_room
441,"A rustic oak island with a white marble top anchors the room, flanked by two wicker stools on its short sides. On the marble surface, a glass container holds three green pears and one red apple, while two blue ceramic mugs sit beside a stainless steel French press. A copper tea kettle and a cast iron skillet rest next to a wooden chopping board on a table. A tray on the table holds four glass spice jars, one small potted basil, and one recipe book. Beneath a window, the farmhouse sink cabinet supports a towel with two plates and one wine glass on top. A white porcelain pitcher is placed on a wooden side table beside the door.","eq,1,island; eq,2,stool; eq,1,container; eq,3,pear; eq,1,apple; eq,2,mug; eq,1,French_press; eq,1,tea_kettle; eq,1,skillet; eq,1,chopping_board; eq,1,table; eq,1,tray; eq,4,spice_jar; eq,1,potted_basil; eq,1,recipe_book; eq,1,sink_cabinet; eq,1,towel; eq,2,plate; eq,1,wine_glass; eq,1,side_table; eq,1,pitcher","eq,1,island,rustic; eq,1,island,oak; eq,1,island,white_marble_top; eq,2,stool,wicker; eq,1,container,glass; eq,3,pear,green; eq,1,apple,red; eq,2,mug,blue; eq,2,mug,ceramic; eq,1,French_press,stainless_steel; eq,1,tea_kettle,copper; eq,1,skillet,cast_iron; eq,1,chopping_board,wooden; eq,1,table,wooden; eq,4,spice_jar,glass; eq,1,potted_basil,small; eq,1,sink_cabinet,farmhouse; eq,1,side_table,wooden; eq,1,pitcher,white; eq,1,pitcher,porcelain","eq,2,short_side,0,island,stool; eq,1,on,0,island,container; eq,2,on,0,island,mug; eq,1,on,0,island,French_press; eq,3,inside,0,container,pear; eq,1,inside,0,container,apple; eq,2,beside,0,French_press,mug; eq,1,on,0,table,tea_kettle; eq,1,on,0,table,skillet; eq,1,on,0,table,chopping_board; eq,1,next,0,chopping_board,tea_kettle; eq,1,next,0,chopping_board,skillet; eq,1,on,0,table,tray; eq,4,inside,0,tray,spice_jar; eq,1,inside,0,tray,potted_basil; eq,1,inside,0,tray,recipe_book; eq,1,on,0,sink_cabinet,towel; eq,2,on,0,towel,plate; eq,1,on,0,towel,wine_glass; eq,1,on,0,side_table,pitcher","eq,1,center,island,kitchen; eq,1,under,sink_cabinet,window; eq,1,next,side_table,door",hard,single_room
442,"A matte black refrigerator stands next to the door, flanked by a stainless steel dishwasher and a tall white pantry. In front of a large window, a slim wooden table holds a silver tray with one teapot, one sugar bowl, and two porcelain cups. A single black barstool is placed on the side of the table. Opposite, a portable induction cooktop rests on a small wheeled cart that also carries one metal mixing bowl and one measuring cup. A blue cutting board with a chef knife on top lies on a counter next to the dishwasher. One olive oil bottle and one balsamic vinegar bottle stand on top of the fridge.","eq,1,refrigerator; eq,1,dishwasher; eq,1,pantry; eq,1,table; eq,1,barstool; eq,1,cart; eq,1,tray; eq,1,teapot; eq,1,sugar_bowl; eq,2,cup; eq,1,cooktop; eq,1,mixing_bowl; eq,1,measuring_cup; eq,1,cutting_board; eq,1,chef_knife; eq,1,olive_oil_bottle; eq,1,balsamic_vinegar_bottle; eq,1,counter","eq,1,refrigerator,matte_black; eq,1,dishwasher,stainless_steel; eq,1,pantry,white; eq,1,pantry,tall; eq,1,table,slim; eq,1,table,wooden; eq,1,barstool,black; eq,1,cart,wheeled; eq,1,tray,silver; eq,1,cooktop,portable; eq,1,cooktop,induction; eq,1,mixing_bowl,metal; eq,1,cutting_board,blue; eq,2,cup,porcelain; eq,1,cart,small","eq,1,next,0,refrigerator,dishwasher; eq,1,next,0,refrigerator,pantry; eq,1,on,0,table,tray; eq,1,on,0,tray,teapot; eq,1,on,0,tray,sugar_bowl; eq,2,on,0,tray,cup; eq,1,next,0,table,barstool; eq,1,opposite,0,table,cart; eq,1,on,0,cart,cooktop; eq,1,inside,0,cart,mixing_bowl; eq,1,inside,0,cart,measuring_cup; eq,1,next,0,dishwasher,counter; eq,1,on,0,cutting_board,chef_knife; eq,1,on,0,refrigerator,olive_oil_bottle; eq,1,on,0,refrigerator,balsamic_vinegar_bottle; eq,1,on,0,counter,cutting_board","eq,1,next,refrigerator,door; eq,1,front,table,window",hard,single_room
443,"A solid oak sushi bar rests near a large window, its marble surface illuminated by daylight. Two black leather stools stand on the long side. A sheet of nori lies flat beside a bamboo rolling mat on the marble surface, with a sushi knife positioned next to a wooden spoon. A soy sauce dish and a small wasabi bowl sit on a rectangular plate, with a pair of chopsticks resting on the right. A tiny ginger bowl and a single sake glass occupy the center of the bar.","eq,1,sushi_bar; eq,2,stool; eq,1,nori; eq,1,rolling_mat; eq,1,knife; eq,1,spoon; eq,1,soy_sauce_dish; eq,1,wasabi_bowl; eq,1,plate; eq,2,pair_of_chopsticks; eq,1,ginger_bowl; eq,1,sake_glass","eq,1,sushi_bar,solid_oak; eq,2,stool,black; eq,1,rolling_mat,bamboo; eq,1,knife,sushi; eq,1,spoon,wooden; eq,1,plate,rectangular; eq,1,wasabi_bowl,small; eq,1,ginger_bowl,tiny; eq,1,sushi_bar,marble_surface; eq,1,stool,leather","eq,2,long_side,0,sushi_bar,stool; eq,1,on,0,sushi_bar,rolling_mat; eq,1,beside,0,rolling_mat,nori; eq,1,next,0,knife,spoon; eq,1,on,0,plate,soy_sauce_dish; eq,1,on,0,plate,wasabi_bowl; eq,1,right,0,plate,pair_of_chopsticks; eq,1,center,0,sushi_bar,ginger_bowl; eq,1,center,0,sushi_bar,sake_glass; eq,1,on,0,sushi_bar,nori; eq,1,on,0,sushi_bar,knife; eq,1,on,0,sushi_bar,spoon; eq,1,on,0,sushi_bar,ginger_bowl; eq,1,on,0,sushi_bar,sake_glass","eq,1,near,sushi_bar,window",hard,single_room
444,"A white marble kitchen island with a built-in sink sits beneath a sunlit window, where a portable induction cooktop heats a stainless pot. A colander rests next to the cooktop and a wooden spoon lies on the right. On the island surface a wooden cutting board holds three ripe tomatoes and a chef knife. A mixing bowl sits right of the cutting board, while an olive oil bottle, a salt shaker, and a pepper grinder are further right. A box of pasta and a folded dish towel lie atop a single blue stool positioned near the window.","eq,1,kitchen_island; eq,1,induction_cooktop; eq,1,pot; eq,1,colander; eq,1,spoon; eq,1,cutting_board; eq,3,tomato; eq,1,knife; eq,1,mixing_bowl; eq,1,olive_oil_bottle; eq,1,salt_shaker; eq,1,pepper_grinder; eq,1,box_of_pasta; eq,1,dish_towel; eq,1,stool","eq,1,kitchen_island,white; eq,1,kitchen_island,built_in_sink; eq,1,induction_cooktop,portable; eq,1,pot,stainless; eq,1,spoon,wooden; eq,1,cutting_board,wooden; eq,3,tomato,ripe; eq,1,knife,chef; eq,1,dish_towel,folded; eq,1,stool,blue; eq,1,kitchen_island,marble","eq,1,on,0,kitchen_island,induction_cooktop; eq,1,on,0,induction_cooktop,pot; eq,1,next,0,induction_cooktop,colander; eq,1,right,0,induction_cooktop,spoon; eq,1,on,0,kitchen_island,cutting_board; eq,3,on,0,cutting_board,tomato; eq,1,on,0,cutting_board,knife; eq,1,right,0,cutting_board,mixing_bowl; eq,1,right,0,mixing_bowl,olive_oil_bottle; eq,1,right,0,olive_oil_bottle,salt_shaker; eq,1,right,0,salt_shaker,pepper_grinder; eq,1,on,0,stool,box_of_pasta; eq,1,on,0,stool,dish_towel; eq,1,on,0,kitchen_island,colander; eq,1,on,0,kitchen_island,spoon; eq,1,on,0,kitchen_island,mixing_bowl; eq,1,on,0,kitchen_island,olive_oil_bottle; eq,1,on,0,kitchen_island,salt_shaker; eq,1,on,0,kitchen_island,pepper_grinder","eq,1,beneath,kitchen_island,window; eq,1,near,stool,window",hard,single_room
445,"A compact kitchen table stands against the wall next to the door, holding a silver espresso machine and a matching coffee grinder. A glass jar of coffee beans sits beside a small metal scoop, while a milk pitcher perches close to the machine. A wooden serving tray on the table carries two blue ceramic mugs and a white sugar bowl. On a nearby desk, a small plate holds two fresh croissants and a teaspoon. A green potted herb adds a splash of color near the window.","eq,1,kitchen_table; eq,1,espresso_machine; eq,1,coffee_grinder; eq,1,jar; ge,2,coffee_bean; eq,1,scoop; eq,1,milk_pitcher; eq,1,serving_tray; eq,2,mug; eq,1,sugar_bowl; eq,1,desk; eq,1,plate; eq,2,croissant; eq,1,teaspoon; eq,1,potted_herb","eq,1,kitchen_table,compact; eq,1,espresso_machine,silver; eq,1,coffee_grinder,silver; eq,1,jar,glass; eq,1,scoop,metal; eq,1,scoop,small; eq,1,serving_tray,wooden; eq,2,mug,blue; eq,2,mug,ceramic; eq,1,sugar_bowl,white; eq,1,plate,small; eq,2,croissant,fresh; eq,1,potted_herb,green","eq,1,on,0,kitchen_table,espresso_machine; eq,1,on,0,kitchen_table,coffee_grinder; eq,1,on,0,kitchen_table,jar; ge,2,within,0,jar,coffee_bean; eq,1,beside,0,jar,scoop; eq,1,close_to,0,espresso_machine,milk_pitcher; eq,1,on,0,kitchen_table,serving_tray; eq,2,on,0,serving_tray,mug; eq,1,on,0,serving_tray,sugar_bowl; eq,1,near,0,kitchen_table,desk; eq,1,on,0,desk,plate; eq,2,on,0,plate,croissant; eq,1,on,0,plate,teaspoon","eq,1,against,kitchen_table,wall; eq,1,next,kitchen_table,door; eq,1,near,potted_herb,window",hard,single_room
446,"An oak baking table sits beside a wide window, covered with a large mixing bowl containing an electric hand mixer. Three dough balls rest on the tabletop next to a rolling pin and a small whisk. A brown paper bag and a sugar bowl stand side by side. A cookie sheet lined with parchment paper holds no cookies yet and a digital timer blinks adjacent to it. A single wooden chair is facing the table.","eq,1,baking_table; eq,1,mixing_bowl; eq,1,hand_mixer; eq,3,dough_ball; eq,1,rolling_pin; eq,1,whisk; eq,1,paper_bag; eq,1,sugar_bowl; eq,1,cookie_sheet; eq,1,parchment_paper; eq,1,timer; eq,1,chair; ge,0,cookie","eq,1,baking_table,oak; eq,1,mixing_bowl,large; eq,1,hand_mixer,electric; eq,1,whisk,small; eq,1,paper_bag,brown; eq,1,timer,digital; eq,1,chair,wooden","eq,1,on,0,baking_table,mixing_bowl; eq,1,inside,0,mixing_bowl,hand_mixer; eq,3,on,0,baking_table,dough_ball; eq,3,next,0,dough_ball,rolling_pin; eq,3,next,0,dough_ball,whisk; eq,1,on,0,baking_table,paper_bag; eq,1,on,0,baking_table,sugar_bowl; eq,1,next,0,sugar_bowl,paper_bag; eq,1,on,0,cookie_sheet,parchment_paper; eq,0,on,0,parchment_paper,cookie; eq,1,next,0,cookie_sheet,timer; eq,1,facing,0,baking_table,chair; eq,1,on,0,baking_table,rolling_pin; eq,1,on,0,baking_table,whisk","eq,1,beside,baking_table,window",hard,single_room
447,"An aged pine bar table stands by the glass-paned door, topped with a polished stainless cocktail shaker and a matching polished stainless jigger. A crystal ice bucket with ice cubes sits beside two highball glasses, while a manual citrus juicer rests next to a lemon. On a side table, a wooden cutting board holds a chef knife and two mint sprigs. Beneath a sunlit window, a glossy blender and a glass pitcher await the next batch of smoothie. A single rattan bar stool is pulled up to the bar table.","eq,1,bar_table; eq,1,cocktail_shaker; eq,1,jigger; eq,1,ice_bucket; ge,2,ice_cube; eq,2,highball_glass; eq,1,citrus_juicer; eq,1,lemon; eq,1,side_table; eq,1,cutting_board; eq,1,knife; eq,2,mint_sprig; eq,1,blender; eq,1,pitcher; eq,1,bar_stool","eq,1,bar_table,aged_pine; eq,1,cocktail_shaker,polished_stainless; eq,1,jigger,polished_stainless; eq,1,ice_bucket,crystal; eq,2,highball_glass,glass; eq,1,citrus_juicer,manual; eq,1,lemon,yellow; eq,1,cutting_board,wooden; eq,1,knife,chef; eq,1,blender,glossy; eq,1,pitcher,glass; eq,1,bar_stool,rattan","eq,1,on,0,bar_table,cocktail_shaker; eq,1,on,0,bar_table,jigger; eq,1,on,0,bar_table,ice_bucket; eq,2,on,0,bar_table,highball_glass; eq,1,on,0,bar_table,citrus_juicer; eq,1,on,0,bar_table,lemon; ge,2,within,0,ice_bucket,ice_cube; eq,2,beside,0,ice_bucket,highball_glass; eq,1,next,0,citrus_juicer,lemon; eq,1,on,0,side_table,cutting_board; eq,1,on,0,cutting_board,knife; eq,2,on,0,cutting_board,mint_sprig; eq,1,next,0,bar_table,bar_stool","eq,1,next,bar_table,door; eq,1,beneath,blender,window; eq,1,beneath,pitcher,window",hard,single_room
448,"In a spa-inspired bathroom, a freestanding white bathtub stands opposite a frameless glass shower cubicle, with soft daylight streaming through a tall window above. A mid-century oak vanity with an integrated sink is topped with a ceramic soap dispenser and a pastel lotion bottle beside a neatly folded hand towel. Beside the tub, a tall gray bathroom cabinet supports a potted green fern and a scented candle on its surface. A chrome towel rack mounted near the window holds two rolled bath towels, while a woven laundry basket sits next to a modern white toilet. On the floor, a plush cream bath mat lies in front of the tub and a yellow rubber duck perches on its edge. The shower cubicle stands next to the door.","eq,1,bathtub; eq,1,shower_cubicle; eq,1,vanity; eq,1,soap_dispenser; eq,1,lotion_bottle; eq,1,hand_towel; eq,1,bathroom_cabinet; eq,1,fern; eq,1,candle; eq,1,towel_rack; eq,2,bath_towel; eq,1,laundry_basket; eq,1,toilet; eq,1,bath_mat; eq,1,rubber_duck","eq,1,bathtub,white; eq,1,bathtub,freestanding; eq,1,shower_cubicle,frameless; eq,1,shower_cubicle,glass; eq,1,vanity,mid_century; eq,1,vanity,oak; eq,1,vanity,integrated_sink; eq,1,soap_dispenser,ceramic; eq,1,lotion_bottle,pastel; eq,1,hand_towel,neatly_folded; eq,1,bathroom_cabinet,tall; eq,1,bathroom_cabinet,gray; eq,1,fern,potted; eq,1,fern,green; eq,1,candle,scented; eq,1,towel_rack,chrome; eq,2,bath_towel,rolled; eq,1,laundry_basket,woven; eq,1,toilet,modern; eq,1,toilet,white; eq,1,bath_mat,plush; eq,1,bath_mat,cream; eq,1,rubber_duck,yellow","eq,1,opposite,0,bathtub,shower_cubicle; eq,1,on,0,vanity,soap_dispenser; eq,1,on,0,vanity,lotion_bottle; eq,1,next,0,lotion_bottle,hand_towel; eq,1,next,0,bathtub,bathroom_cabinet; eq,1,on,0,bathroom_cabinet,fern; eq,1,on,0,bathroom_cabinet,candle; eq,2,on,0,towel_rack,bath_towel; eq,1,next,0,toilet,laundry_basket; eq,1,front,0,bathtub,bath_mat; eq,1,on,0,bathtub,rubber_duck; eq,1,on,0,vanity,hand_towel","eq,1,near,towel_rack,window; eq,1,next,shower_cubicle,door; eq,1,on,towel_rack,wall",hard,single_room
449,"In a cheerful toddler bathroom, a pastel blue bathtub contains two yellow rubber ducks and a red toy boat. A white stool near a frosted window holds two colorful storybooks and two cartoon-themed bath sponges. A sleek white vanity with an integrated sink displays a blue shampoo bottle and a small soap bar next to a folded bath towel. A white toilet stands beside a matching bathroom cabinet topped with a fluffy yellow towel. A striped floor mat lies in front of the door.","eq,1,bathtub; ge,2,rubber_duck; eq,1,toy_boat; eq,1,stool; eq,2,storybook; eq,2,bath_sponge; eq,1,vanity; eq,1,shampoo_bottle; eq,1,soap_bar; eq,1,towel; eq,1,toilet; eq,1,bathroom_cabinet; eq,1,floor_mat; eq,1,bath_towel","eq,1,bathtub,pastel_blue; ge,2,rubber_duck,yellow; eq,1,toy_boat,red; eq,2,storybook,colorful; eq,2,bath_sponge,cartoon_themed; eq,1,stool,white; eq,1,vanity,sleek; eq,1,vanity,integrated_sink; eq,1,shampoo_bottle,blue; eq,1,soap_bar,small; eq,1,bath_towel,folded; eq,1,towel,fluffy; eq,1,toilet,white; eq,1,bathroom_cabinet,white; eq,1,floor_mat,striped; eq,1,vanity,white; eq,1,towel,yellow","ge,2,within,0,bathtub,rubber_duck; eq,1,within,0,bathtub,toy_boat; ge,2,on,0,stool,storybook; ge,2,on,0,stool,bath_sponge; eq,1,on,0,vanity,shampoo_bottle; eq,1,on,0,vanity,soap_bar; eq,1,next,0,soap_bar,bath_towel; eq,1,next,0,toilet,bathroom_cabinet; eq,1,on,0,bathroom_cabinet,towel; eq,1,on,0,vanity,bath_towel","eq,1,near,stool,window; eq,1,front,floor_mat,door",hard,single_room
450,"A freestanding black bathtub commands the center of a contemporary bathroom, surrounded by four ivory candles on the floor. A floating marble vanity with integrated basin holds a glass diffuser and a sleek stainless soap bar stand beside a rolled gray towel. A large frameless mirror above the vanity reflects the room, and a potted orchid sits on the vanity near a narrow window. A chrome towel rack holds two folded plush white face towels beside a modern white toilet near the door. A frameless glass shower cubicle occupies one corner with a built-in shelf. On the floor, a soft taupe rug lies in front of the shower.","eq,1,bathtub; eq,4,candle; eq,1,vanity; eq,1,diffuser; eq,1,soap_bar_stand; eq,1,towel; eq,1,mirror; eq,1,orchid; eq,1,towel_rack; eq,2,face_towel; eq,1,toilet; eq,1,shower_cubicle; eq,1,rug","eq,1,bathtub,freestanding; eq,1,bathtub,black; eq,4,candle,ivory; eq,1,vanity,floating; eq,1,vanity,marble; eq,1,vanity,integrated_basin; eq,1,diffuser,glass; eq,1,soap_bar_stand,sleek; eq,1,soap_bar_stand,stainless; eq,1,towel,rolled; eq,1,towel,gray; eq,1,mirror,large; eq,1,mirror,frameless; eq,1,orchid,potted; eq,1,towel_rack,chrome; eq,2,face_towel,folded; eq,2,face_towel,plush; eq,2,face_towel,white; eq,1,toilet,modern; eq,1,toilet,white; eq,1,shower_cubicle,frameless; eq,1,shower_cubicle,glass; eq,1,rug,soft; eq,1,rug,taupe; eq,1,shower_cubicle,built_in_shelf","eq,4,surround,0,bathtub,candle:0,candle:1,candle:2,candle:3; eq,1,on,2,vanity,diffuser; eq,1,on,2,vanity,soap_bar_stand; eq,1,next,2,soap_bar_stand,towel; eq,1,above,2,vanity,mirror; eq,1,on,2,vanity,orchid; eq,2,on,8,towel_rack,face_towel; eq,1,next,8,towel_rack,toilet; eq,1,on,0,vanity,towel; eq,1,front,0,shower_cubicle,rug","eq,1,center,bathtub,room; eq,1,corner,shower_cubicle,room; eq,1,near,orchid,window; eq,1,near,toilet,door; eq,1,on,mirror,wall; eq,1,on,vanity,wall",hard,single_room
451,"In a tropical spa bathroom, a freestanding white bathtub is centered across from a ceramic vanity topped by a large rectangular mirror on the wall. A bamboo stool holds a scented candle and a glass jar, and a potted fern sits beside the vanity near a small window. On the vanity surface, a green soap dispenser is to the left of a toothbrush holder, with a shampoo bottle on the right. A soft beige bath mat lies in front of the door and a green rubber frog balances on the rim of the tub.","eq,1,bathtub; eq,1,vanity; eq,1,mirror; eq,1,stool; eq,1,candle; eq,1,jar; eq,1,fern; eq,1,soap_dispenser; eq,1,toothbrush_holder; eq,1,shampoo_bottle; eq,1,bath_mat; eq,1,frog","eq,1,bathtub,white; eq,1,bathtub,freestanding; eq,1,vanity,ceramic; eq,1,mirror,large; eq,1,mirror,rectangular; eq,1,stool,bamboo; eq,1,candle,scented; eq,1,jar,glass; eq,1,fern,potted; eq,1,soap_dispenser,green; eq,1,bath_mat,soft; eq,1,bath_mat,beige; eq,1,frog,green; eq,1,frog,rubber","eq,1,across,0,bathtub,vanity; eq,1,above,0,vanity,mirror; eq,1,on,0,stool,candle; eq,1,on,0,stool,jar; eq,1,beside,0,vanity,fern; eq,1,left,0,toothbrush_holder,soap_dispenser; eq,1,right,0,toothbrush_holder,shampoo_bottle; eq,1,on,0,bathtub,frog; eq,1,on,0,vanity,soap_dispenser; eq,1,on,0,vanity,toothbrush_holder; eq,1,on,0,vanity,shampoo_bottle","eq,1,near,fern,window; eq,1,front,bath_mat,door; eq,1,on,mirror,wall",hard,single_room
452,"In a Victorian-style bathroom, an ornate claw-foot tub stands beneath a frosted window, and a marble-top vanity across the room with an oval mirror on the wall above. A carved wooden stool holds a decorative glass vase and a rolled white washcloth beside the vanity. On the vanity top, an antique soap bar lies to the left of a crystal perfume bottle, with a small jar of bath salts to its right. A tall freestanding cabinet near the door holds extra towels.","eq,1,tub; eq,1,vanity; eq,1,mirror; eq,1,stool; eq,1,vase; eq,1,washcloth; eq,1,soap_bar; eq,1,perfume_bottle; eq,1,jar_of_bath_salts; eq,1,cabinet; ge,2,towel","eq,1,tub,ornate; eq,1,tub,claw_foot; eq,1,vanity,marble_top; eq,1,mirror,oval; eq,1,stool,wooden; eq,1,stool,carved; eq,1,vase,decorative; eq,1,vase,glass; eq,1,washcloth,white; eq,1,washcloth,rolled; eq,1,soap_bar,antique; eq,1,perfume_bottle,crystal; eq,1,jar_of_bath_salts,small; eq,1,cabinet,tall; eq,1,cabinet,freestanding","eq,1,above,0,vanity,mirror; eq,1,on,0,stool,vase; eq,1,on,0,stool,washcloth; eq,1,beside,0,vanity,stool; eq,1,on,0,vanity,soap_bar; eq,1,on,0,vanity,perfume_bottle; eq,1,on,0,vanity,jar_of_bath_salts; eq,1,left,0,perfume_bottle,soap_bar; eq,1,right,0,perfume_bottle,jar_of_bath_salts; ge,2,inside,0,cabinet,towel; eq,1,across,0,tub,vanity","eq,1,under,tub,window; eq,1,on,mirror,wall; eq,1,near,cabinet,door",hard,single_room
453,"A playful bathroom features a pastel blue shower curtain, and a bathtub with a small green rubber frog and a red toy boat sitting on the tub ledge. A white sink vanity below an triangular mirror holds a striped soap dispenser to the right of a toothbrush holder. A pastel towel sits on top of a freestanding cabinet near the window, and a fluffy yellow bath mat lies in front of the tub. A child-size toilet with a colorful seat completes the scene.","eq,1,shower_curtain; eq,1,bathtub; eq,1,frog; eq,1,toy_boat; eq,1,vanity; eq,1,mirror; eq,1,soap_dispenser; eq,1,toothbrush_holder; eq,1,towel; eq,1,cabinet; eq,1,bath_mat; eq,1,toilet","eq,1,shower_curtain,pastel_blue; eq,1,frog,green; eq,1,frog,rubber; eq,1,toy_boat,red; eq,1,vanity,white; eq,1,vanity,sink; eq,1,mirror,triangular; eq,1,soap_dispenser,striped; eq,1,towel,pastel; eq,1,cabinet,freestanding; eq,1,bath_mat,fluffy; eq,1,bath_mat,yellow; eq,1,toilet,child_size; eq,1,toilet,colorful_seat; eq,1,frog,small","eq,1,on,0,vanity,soap_dispenser; eq,1,on,0,vanity,toothbrush_holder; eq,1,right,0,toothbrush_holder,soap_dispenser; eq,1,above,0,vanity,mirror; eq,1,on,0,bathtub,frog; eq,1,on,0,bathtub,toy_boat; eq,1,on,0,cabinet,towel; eq,1,front,0,bathtub,bath_mat","eq,1,near,cabinet,window",hard,single_room
454,"In a rainforest spa bathroom, a smooth stone freestanding bathtub sits beneath a wide arched window. A floating teak vanity topped by a round frameless mirror stands across the room, with a carved driftwood stool holding a rose-scented candle and a glass jar of bath salts beside it. A clay pot stands next to the vanity. On the vanity surface, a rolled green hand towel rests to the right of a wooden soap dish holding a bar of soap, and a massage stone lies near the soap. A wooden bucket lies in front of the vanity holding a bottle it in.","eq,1,bathtub; eq,1,vanity; eq,1,mirror; eq,1,stool; eq,1,candle; eq,1,jar_of_bath_salts; eq,1,pot; eq,1,towel; eq,1,soap_dish; eq,1,bar_of_soap; eq,1,massage_stone; eq,1,bucket; eq,1,bottle","eq,1,bathtub,smooth; eq,1,bathtub,stone; eq,1,bathtub,freestanding; eq,1,vanity,teak; eq,1,vanity,floating; eq,1,mirror,round; eq,1,mirror,frameless; eq,1,stool,driftwood; eq,1,stool,carved; eq,1,candle,rose_scented; eq,1,jar_of_bath_salts,glass; eq,1,pot,clay; eq,1,towel,green; eq,1,towel,rolled; eq,1,soap_dish,wooden; eq,1,bucket,wooden","eq,1,on,0,stool,candle; eq,1,on,0,stool,jar_of_bath_salts; eq,1,next,0,vanity,pot; eq,1,on,0,vanity,mirror; eq,1,on,0,vanity,towel; eq,1,on,0,vanity,soap_dish; eq,1,right,0,soap_dish,towel; eq,1,on,0,soap_dish,bar_of_soap; eq,1,near,0,bar_of_soap,massage_stone; eq,1,front,0,vanity,bucket; eq,1,inside,0,bucket,bottle; eq,1,across,0,bathtub,vanity; eq,1,beside,0,vanity,stool","eq,1,under,bathtub,window",hard,single_room
455,"An airy bathroom presents a porcelain pedestal sink below a frosted-glass medicine cabinet holding three amber glass bottles of lotion inside. A brushed nickel light fixture hangs from the ceiling above the cabinet, casting warm light over a round mirror mounted on the wall. A white freestanding bathtub sits near the window, its ledge adorned with a yellow rubber duck and a small blue soap bar on a white dish. A chrome towel ring beside the sink provides space for hanging hand towel, and a woven wicker laundry hamper stands next to the door. On the floor beneath the sink, a cat-shaped bath mat is placed beside a digital scale.","eq,1,pedestal_sink; eq,1,medicine_cabinet; eq,3,bottle_of_lotion; eq,1,light_fixture; eq,1,mirror; eq,1,bathtub; eq,1,rubber_duck; eq,1,soap_bar; eq,1,dish; eq,1,towel_ring; eq,1,laundry_hamper; eq,1,bath_mat; eq,1,scale","eq,1,pedestal_sink,porcelain; eq,1,medicine_cabinet,frosted_glass; eq,3,bottle_of_lotion,amber; eq,1,light_fixture,brushed_nickel; eq,1,mirror,round; eq,1,bathtub,white; eq,1,rubber_duck,yellow; eq,1,soap_bar,blue; eq,1,dish,white; eq,1,towel_ring,chrome; eq,1,laundry_hamper,woven_wicker; eq,1,bath_mat,cat_shaped; eq,1,scale,digital; eq,3,bottle_of_lotion,glass; eq,1,bathtub,freestanding","eq,3,within,0,medicine_cabinet,bottle_of_lotion; eq,1,above,0,medicine_cabinet,light_fixture; eq,1,on,0,dish,rubber_duck; eq,1,on,0,dish,soap_bar; eq,1,on,0,bathtub,dish; eq,1,beside,0,pedestal_sink,towel_ring; eq,1,under,0,pedestal_sink,bath_mat; eq,1,beside,0,bath_mat,scale; eq,1,above,0,pedestal_sink,medicine_cabinet","eq,1,on,medicine_cabinet,wall; eq,1,on,mirror,wall; eq,1,hang,light_fixture,ceiling; eq,1,near,bathtub,window; eq,1,next,laundry_hamper,door",hard,single_room
456,"A playful kids' bathroom includes a low-profile bathtub and a sturdy step stool next to it. On the bathtub ledge, two foam animal toys flank a red shampoo bottle. A wall-mounted vanity with integrated sink sports a hand-painted floral finish, above which a rectangular mirror is fixed on the wall. On the countertop, a pink soap dispenser stands to the right of a striped toothbrush cup. Two toothbrushes are left on the surface. A bright green non-slip bath mat lies in front of the vanity, and a small step stool sits beside the door. A plastic wastebasket completes the scene.","eq,1,bathtub; eq,2,step_stool; eq,1,vanity; eq,1,mirror; eq,1,wastebasket; eq,1,bath_mat; eq,2,animal_toy; eq,1,shampoo_bottle; eq,1,soap_dispenser; eq,1,toothbrush_cup; eq,2,toothbrush","eq,1,bathtub,low_profile; eq,1,step_stool,sturdy; eq,1,step_stool,small; eq,1,vanity,wall_mounted; eq,1,vanity,integrated_sink; eq,1,vanity,hand_painted_floral; eq,1,mirror,rectangular; eq,1,shampoo_bottle,red; eq,1,soap_dispenser,pink; eq,1,toothbrush_cup,striped; eq,1,wastebasket,plastic; eq,1,bath_mat,green; eq,1,bath_mat,non_slip; eq,2,animal_toy,foam","eq,1,next,0,bathtub,step_stool; eq,2,on,0,bathtub,animal_toy; eq,1,on,0,bathtub,shampoo_bottle; eq,1,above,0,vanity,mirror; eq,1,on,0,vanity,soap_dispenser; eq,1,on,0,vanity,toothbrush_cup; eq,2,on,0,vanity,toothbrush; eq,1,right,0,toothbrush_cup,soap_dispenser; eq,1,front,0,vanity,bath_mat; eq,1,left,0,shampoo_bottle,animal_toy; eq,1,right,0,shampoo_bottle,animal_toy","eq,1,on,mirror,wall; eq,1,on,vanity,wall; eq,1,next,step_stool,door",hard,single_room
457,"A stone bathtub sits next to a frameless glass shower stall, with a plush bath mat placed in front of the shower. A floating wooden vanity supports a large round mirror above its countertop. On the vanity surface, a scented candle is positioned to the left of a ceramic soap dispenser, and a small bar soap rests in a dish to the right of the dispenser. A narrow wooden stool beside the towel rack holds a bamboo plant and an oil diffuser. Natural light filters through a frosted window above the tub.","eq,1,bathtub; eq,1,shower_stall; eq,1,bath_mat; eq,1,vanity; eq,1,mirror; eq,1,candle; eq,1,soap_dispenser; eq,1,bar_soap; eq,1,dish; eq,1,stool; eq,1,towel_rack; eq,1,bamboo_plant; eq,1,oil_diffuser","eq,1,bathtub,stone; eq,1,shower_stall,frameless; eq,1,shower_stall,glass; eq,1,bath_mat,plush; eq,1,vanity,wooden; eq,1,vanity,floating; eq,1,mirror,large; eq,1,mirror,round; eq,1,candle,scented; eq,1,soap_dispenser,ceramic; eq,1,bar_soap,small; eq,1,stool,narrow; eq,1,stool,wooden; eq,1,bamboo_plant,bamboo","eq,1,next,0,bathtub,shower_stall; eq,1,front,0,shower_stall,bath_mat; eq,1,on,0,vanity,mirror; eq,1,on,0,vanity,candle; eq,1,on,0,vanity,soap_dispenser; eq,1,on,0,vanity,dish; eq,1,left,0,soap_dispenser,candle; eq,1,right,0,soap_dispenser,dish; eq,1,in,0,dish,bar_soap; eq,1,next,0,towel_rack,stool; eq,1,on,0,stool,bamboo_plant; eq,1,on,0,stool,oil_diffuser","eq,1,below,bathtub,window",hard,single_room
458,"In a playful kids bathroom, a white bathtub holds a yellow rubber duck and a colorful toy boat. A round mirror hangs on the wall above the vanity, with a step stool placed in front of it. On the vanity countertop, a bright blue shampoo bottle stands to the left of a green toothpaste tube while a red toothbrush rests to the right. A striped bath mat lies beneath a chrome towel rack, and a frosted window above the toilet brings in soft daylight.","eq,1,bathtub; eq,1,rubber_duck; eq,1,toy_boat; eq,1,mirror; eq,1,vanity; eq,1,step_stool; eq,1,shampoo_bottle; eq,1,toothpaste_tube; eq,1,toothbrush; eq,1,bath_mat; eq,1,towel_rack; eq,1,toilet","eq,1,bathtub,white; eq,1,rubber_duck,yellow; eq,1,toy_boat,colorful; eq,1,mirror,round; eq,1,shampoo_bottle,bright_blue; eq,1,toothpaste_tube,green; eq,1,toothbrush,red; eq,1,bath_mat,striped; eq,1,towel_rack,chrome","eq,1,in,0,bathtub,rubber_duck; eq,1,in,0,bathtub,toy_boat; eq,1,above,0,vanity,mirror; eq,1,front,0,vanity,step_stool; eq,1,on,0,vanity,shampoo_bottle; eq,1,on,0,vanity,toothpaste_tube; eq,1,on,0,vanity,toothbrush; eq,1,left,0,toothpaste_tube,shampoo_bottle; eq,1,right,0,toothpaste_tube,toothbrush; eq,1,below,0,towel_rack,bath_mat","eq,1,under,toilet,window; eq,1,on,vanity,wall",hard,single_room
459,"A sleek white bathtub stands opposite a walk-in glass shower stall, with a soft gray bath mat in front of the tub. A wall-mounted vanity topped by a rectangular mirror holds a matte black soap dispenser centered on its countertop and a white soap bar placed beside it. A folded hand towel sits on the towel rack across from the vanity. A potted succulent occupies the surface of a black toilet, and a compact toothbrush holder sits to the right of the dispenser on the vanity.","eq,1,bathtub; eq,1,shower_stall; eq,1,bath_mat; eq,1,vanity; eq,1,mirror; eq,1,soap_dispenser; eq,1,soap_bar; eq,1,towel_rack; eq,1,hand_towel; eq,1,toilet; eq,1,succulent; eq,1,toothbrush_holder","eq,1,bathtub,white; eq,1,bathtub,sleek; eq,1,shower_stall,walk_in; eq,1,shower_stall,glass; eq,1,bath_mat,soft; eq,1,bath_mat,gray; eq,1,vanity,wall_mounted; eq,1,mirror,rectangular; eq,1,soap_dispenser,matte; eq,1,soap_dispenser,black; eq,1,soap_bar,white; eq,1,hand_towel,folded; eq,1,toilet,black; eq,1,succulent,potted; eq,1,toothbrush_holder,compact","eq,1,opposite,0,bathtub,shower_stall; eq,1,front,0,bathtub,bath_mat; eq,1,on,0,vanity,mirror; eq,1,center,0,vanity,soap_dispenser; eq,1,on,0,vanity,soap_bar; eq,1,beside,0,soap_dispenser,soap_bar; eq,1,on,0,towel_rack,hand_towel; eq,1,across,0,vanity,towel_rack; eq,1,on,0,toilet,succulent; eq,1,on,0,vanity,toothbrush_holder; eq,1,right,0,soap_dispenser,toothbrush_holder; eq,1,on,0,vanity,soap_dispenser","eq,1,on,vanity,wall",hard,single_room
460,A stone soaking tub stands beneath a tall frosted window. A rattan stool holds two rolled white towels beside a bamboo laundry basket. A floating concrete vanity supports a round mirror on it. On the countertop sits a coconut soap dish to the left of a green lotion pump and a small white seashell to the right. A gray stone bath mat is laid in front of the tub. A ceramic diffuser emitting mist sits next to a potted orchid on the vanity.,"eq,1,soaking_tub; eq,1,stool; eq,2,towel; eq,1,laundry_basket; eq,1,vanity; eq,1,mirror; eq,1,soap_dish; eq,1,lotion_pump; eq,1,seashell; eq,1,bath_mat; eq,1,diffuser; eq,1,orchid","eq,1,soaking_tub,stone; eq,1,stool,rattan; eq,2,towel,white; eq,1,laundry_basket,bamboo; eq,1,vanity,concrete; eq,1,vanity,floating; eq,1,mirror,round; eq,1,soap_dish,coconut; eq,1,lotion_pump,green; eq,1,seashell,white; eq,1,bath_mat,gray; eq,1,bath_mat,stone; eq,1,diffuser,ceramic; eq,1,orchid,potted; eq,2,towel,rolled; eq,1,seashell,small","eq,2,on,0,stool,towel; eq,1,next,0,stool,laundry_basket; eq,1,on,0,vanity,mirror; eq,1,on,0,vanity,soap_dish; eq,1,on,0,vanity,lotion_pump; eq,1,on,0,vanity,seashell; eq,1,left,0,lotion_pump,soap_dish; eq,1,right,0,lotion_pump,seashell; eq,1,front,0,soaking_tub,bath_mat; eq,1,on,0,vanity,diffuser; eq,1,on,0,vanity,orchid; eq,1,next,0,diffuser,orchid","eq,1,beneath,soaking_tub,window",hard,single_room
461,"The basement workshop is equipped with a sturdy wooden workbench positioned near a small window. A red metal tool chest rests against the back wall close to the door. Above the bench, a gray pegboard hangs on the wall while the workbench surface holds a yellow hammer and a screwdriver side by side. A blue box of nails and a green paint can sit on a low shelf beside a wooden stool placed in front of the bench. A fluorescent light hangs from the ceiling to illuminate the area.","eq,1,workbench; eq,1,tool_chest; eq,1,pegboard; eq,1,hammer; eq,1,screwdriver; eq,1,box_of_nails; eq,1,paint_can; eq,1,shelf; eq,1,stool; eq,1,fluorescent_light","eq,1,workbench,wooden; eq,1,workbench,sturdy; eq,1,tool_chest,red; eq,1,tool_chest,metal; eq,1,pegboard,gray; eq,1,hammer,yellow; eq,1,box_of_nails,blue; eq,1,paint_can,green; eq,1,shelf,low; eq,1,stool,wooden","eq,1,above,0,workbench,pegboard; eq,1,on,0,workbench,hammer; eq,1,on,0,workbench,screwdriver; eq,1,side_by_side,0,hammer,screwdriver; eq,1,on,0,shelf,box_of_nails; eq,1,on,0,shelf,paint_can; eq,1,beside,0,shelf,stool; eq,1,in_front,0,workbench,stool","eq,1,near,workbench,window; eq,1,against,tool_chest,wall; eq,1,near,tool_chest,door; eq,1,on,pegboard,wall; eq,1,hang,fluorescent_light,ceiling",hard,single_room
462,"In the home theater corner of the basement, a plush dark blue couch faces a wall-mounted projection screen. A white projector hangs from the ceiling to beam onto the screen above a large beige rug. A walnut coffee table stands in front of the couch with a stainless steel popcorn machine placed at its center. Two black speakers sit on the floor, one on each side of the screen. Beside the couch near the window, a small oak side table supports a minimalist floor lamp.","eq,1,couch; eq,1,projection_screen; eq,1,projector; eq,1,rug; eq,1,coffee_table; eq,1,popcorn_machine; eq,2,speaker; eq,1,side_table; eq,1,floor_lamp","eq,1,couch,plush; eq,1,couch,dark_blue; eq,1,projection_screen,wall_mounted; eq,1,projector,white; eq,1,rug,large; eq,1,rug,beige; eq,1,coffee_table,walnut; eq,1,popcorn_machine,stainless_steel; eq,1,side_table,oak; eq,1,side_table,small; eq,1,floor_lamp,minimalist","eq,1,face,0,projection_screen,couch; eq,1,face,0,projection_screen,projector; eq,1,above,0,rug,projector; eq,1,front,0,couch,coffee_table; eq,1,on,0,coffee_table,popcorn_machine; eq,1,left,0,projection_screen,speaker; eq,1,right,0,projection_screen,speaker; eq,1,beside,0,couch,side_table; eq,1,on,0,side_table,floor_lamp; eq,1,center,0,coffee_table,popcorn_machine","eq,1,on,projection_screen,wall; eq,1,hang,projector,ceiling; eq,1,near,side_table,window",hard,single_room
463,"Below a frosted window, a colorful ball pit fills the corner of the basement. A small wooden slide slopes down facing the ball pit near the door. A low table sits in the center with a red puzzle and a blue crayon set. Three folding chairs surround the table along its long sides. A wooden toy box stands against the far wall next to a tall bookshelf that holds a green stuffed animal.","eq,1,ball_pit; eq,1,slide; eq,1,table; eq,1,puzzle; eq,1,crayon_set; eq,3,chair; eq,1,toy_box; eq,1,bookshelf; eq,1,stuffed_animal","eq,1,ball_pit,colorful; eq,1,slide,small; eq,1,slide,wooden; eq,1,table,low; eq,1,puzzle,red; eq,1,crayon_set,blue; eq,1,toy_box,wooden; eq,1,bookshelf,tall; eq,1,stuffed_animal,green; eq,1,chair,folding","eq,1,surround,0,table,chair:0,chair:1,chair:2; eq,1,on,0,table,puzzle; eq,1,on,0,table,crayon_set; eq,1,facing,0,ball_pit,slide; eq,1,on,0,bookshelf,stuffed_animal; eq,1,next,0,toy_box,bookshelf","eq,1,below,ball_pit,window; eq,1,corner,ball_pit,room; eq,1,near,slide,door; eq,1,center,table,room; eq,1,against,toy_box,wall",hard,single_room
464,A grow light hangs from the ceiling over a rectangular planter box at the room center. A sturdy potting table sits under the window with a silver watering can and a green spade placed side by side. A wooden shelf against the wall holds four ceramic pots. Four terracotta pots circle the planter box on the floor. A small stool stands next to the table while a wooden bench rests near the door.,"eq,1,grow_light; eq,1,planter_box; eq,1,potting_table; eq,1,watering_can; eq,1,spade; eq,1,shelf; eq,8,pot; eq,1,stool; eq,1,bench","eq,1,planter_box,rectangular; eq,1,potting_table,sturdy; eq,1,watering_can,silver; eq,1,spade,green; eq,1,shelf,wooden; eq,4,pot,ceramic; eq,4,pot,terracotta; eq,1,stool,small; eq,1,bench,wooden","eq,1,over,0,planter_box,grow_light; eq,1,on,0,potting_table,watering_can; eq,1,on,0,potting_table,spade; eq,1,side_by_side,0,watering_can,spade; eq,4,on,0,shelf,pot; eq,4,surround,0,planter_box,pot:0,pot:1,pot:2,pot:3; eq,1,next,0,potting_table,stool","eq,1,hang,grow_light,ceiling; eq,1,center,planter_box,room; eq,1,under,potting_table,window; eq,1,against,shelf,wall; eq,1,near,bench,door",hard,single_room
465,"A home gym occupies the basement with a treadmill and a stationary bike placed side by side against the back wall near the door. A punching bag hangs from the ceiling beside a frosted window. A full-length mirror stands against a wall, facing the bike. A yoga mat is rolled out on the floor in front of the treadmill while a medicine ball rests on a low shelf next to a wooden stool. A towel and a water bottle sit side by side on that stool.","eq,1,treadmill; eq,1,stationary_bike; eq,1,punching_bag; eq,1,mirror; eq,1,yoga_mat; eq,1,medicine_ball; eq,1,shelf; eq,1,stool; eq,1,towel; eq,1,water_bottle","eq,1,mirror,full_length; eq,1,yoga_mat,rolled_out; eq,1,shelf,low; eq,1,stool,wooden","eq,1,side_by_side,0,treadmill,stationary_bike; eq,1,facing,0,stationary_bike,mirror; eq,1,front,0,treadmill,yoga_mat; eq,1,on,0,shelf,medicine_ball; eq,1,next,0,shelf,stool; eq,1,side_by_side,0,towel,water_bottle; eq,1,on,0,stool,towel; eq,1,on,0,stool,water_bottle","eq,1,against,treadmill,wall; eq,1,against,stationary_bike,wall; eq,1,near,treadmill,door; eq,1,near,stationary_bike,door; eq,1,hang,punching_bag,ceiling; eq,1,beside,punching_bag,window; eq,1,against,mirror,wall",hard,single_room
466,A custom bar counter sits under the window with two bottles and a popcorn machine placed side by side on its surface. Four wooden bar stools line the long side of the counter. A metal shelf stands against the wall holding three wine glasses. An arcade machine stands near the door opposite the shelf. A box of snacks rests on the floor next to the arcade machine.,"eq,1,bar_counter; eq,2,bottle; eq,1,popcorn_machine; eq,4,bar_stool; eq,1,shelf; eq,3,wine_glass; eq,1,arcade_machine; eq,1,box_of_snacks","eq,1,bar_counter,custom; eq,4,bar_stool,wooden; eq,1,shelf,metal","eq,2,on,0,bar_counter,bottle; eq,1,on,0,bar_counter,popcorn_machine; eq,2,side_by_side,0,popcorn_machine,bottle; eq,4,long_side,0,bar_counter,bar_stool; eq,3,within,0,shelf,wine_glass; eq,1,opposite,0,shelf,arcade_machine; eq,1,next,0,arcade_machine,box_of_snacks","eq,1,under,bar_counter,window; eq,1,against,shelf,wall; eq,1,near,arcade_machine,door",hard,single_room
467,The laundry area features a washing machine and a dryer side by side against the wall near the door. An ironing board stands under the window with an iron sitting on its surface. A laundry cart is parked in front of the dryer supporting a detergent bottle. A laundry hamper holds two folded towels and stands next to the washing machine.,"eq,1,washing_machine; eq,1,dryer; eq,1,ironing_board; eq,1,iron; eq,1,laundry_cart; eq,1,detergent_bottle; eq,1,laundry_hamper; eq,2,towel","eq,2,towel,folded","eq,1,side_by_side,0,washing_machine,dryer; eq,1,on,0,ironing_board,iron; eq,1,front,0,dryer,laundry_cart; eq,1,on,0,laundry_cart,detergent_bottle; eq,2,within,0,laundry_hamper,towel; eq,1,next,0,washing_machine,laundry_hamper","eq,1,against,washing_machine,wall; eq,1,against,dryer,wall; eq,1,near,washing_machine,door; eq,1,near,dryer,door; eq,1,under,ironing_board,window",hard,single_room
468,A rectangular table under the window holds a detailed model train set at its center. A work lamp hangs above the table to illuminate the layout. A stool is placed in front of the table for seating. A wooden shelf against the wall near the door holds one paint and one glue bottles arranged side by side. A toolbox and an instruction manual sit side by side on the table beside the train.,"eq,1,table; eq,1,model_train_set; eq,1,work_lamp; eq,1,stool; eq,1,shelf; eq,1,paint_bottle; eq,1,glue_bottle; eq,1,toolbox; eq,1,instruction_manual","eq,1,table,rectangular; eq,1,model_train_set,detailed; eq,1,shelf,wooden","eq,1,on,0,table,model_train_set; eq,1,above,0,table,work_lamp; eq,1,front,0,table,stool; eq,1,on,0,shelf,paint_bottle; eq,1,on,0,shelf,glue_bottle; eq,1,side_by_side,0,paint_bottle,glue_bottle; eq,1,on,0,table,toolbox; eq,1,on,0,table,instruction_manual; eq,1,side_by_side,0,toolbox,instruction_manual; eq,1,beside,0,model_train_set,toolbox; eq,1,beside,0,model_train_set,instruction_manual","eq,1,under,table,window; eq,1,hang,work_lamp,ceiling; eq,1,against,shelf,wall; eq,1,near,shelf,door",hard,single_room
469,"A sleek metal desk sits under the basement window with a silver laptop on top and a black mixing console on its right. An office chair faces the desk for comfortable seating. Two black studio speakers stand on the desk, flanking the laptop and console. A red guitar rests against the adjacent wall near the door next to a black and white bass guitar. A gray area rug covers the floor in front of the desk while a minimalist floor lamp stands next to the chair.","eq,1,desk; eq,1,laptop; eq,1,mixing_console; eq,1,office_chair; eq,2,speaker; eq,1,guitar; eq,1,bass_guitar; eq,1,rug; eq,1,floor_lamp","eq,1,desk,sleek; eq,1,desk,metal; eq,1,laptop,silver; eq,1,mixing_console,black; eq,2,speaker,black; eq,1,guitar,red; eq,1,bass_guitar,black_and_white; eq,1,rug,gray; eq,1,floor_lamp,minimalist; eq,2,speaker,studio","eq,1,on,0,desk,laptop; eq,1,right,0,laptop,mixing_console; eq,1,left,0,laptop,speaker; eq,1,right,0,mixing_console,speaker; eq,1,next,0,guitar,bass_guitar; eq,1,front,0,desk,rug; eq,1,next,0,office_chair,floor_lamp; eq,1,facing,0,desk,office_chair; eq,1,on,0,desk,mixing_console; eq,2,on,0,desk,speaker","eq,1,under,desk,window; eq,1,against,guitar,wall; eq,1,near,guitar,door",hard,single_room
470,A wooden work table sits under the window holding a red sewing machine and a white desk lamp side by side. A swivel chair faces the table for comfortable crafting. A metal shelf stands against the wall near the door holding three spools of thread. A wicker basket stands on the floor next to the shelf containing two fabric rolls. A dress form stands beside the basket ready to display ongoing dress work.,"eq,1,work_table; eq,1,sewing_machine; eq,1,desk_lamp; eq,1,swivel_chair; eq,1,shelf; eq,3,spool_of_thread; eq,1,basket; eq,2,fabric_roll; eq,1,dress_form","eq,1,work_table,wooden; eq,1,sewing_machine,red; eq,1,desk_lamp,white; eq,1,shelf,metal; eq,1,basket,wicker","eq,1,on,0,work_table,sewing_machine; eq,1,on,0,work_table,desk_lamp; eq,1,side_by_side,0,sewing_machine,desk_lamp; eq,1,facing,0,work_table,swivel_chair; eq,3,on,0,shelf,spool_of_thread; eq,1,next,0,shelf,basket; eq,2,within,0,basket,fabric_roll; eq,1,beside,0,basket,dress_form","eq,1,under,work_table,window; eq,1,against,shelf,wall; eq,1,near,shelf,door",hard,single_room
471,"In the basement gaming hub, a sleek desk sits under the window supporting a widescreen monitor. A VR headset rests on the desk to the left of the monitor while a gaming controller sits to its right. The PC tower stands on the floor next to the desk near the door. A padded gaming chair faces the desk and a gray rug covers the floor in front of it. A wooden side table beside the chair holds a pair of headphones and a coffee cup. A blue LED strip light hangs above the desk to illuminate the station.","eq,1,desk; eq,1,monitor; eq,1,vr_headset; eq,1,gaming_controller; eq,1,pc_tower; eq,1,gaming_chair; eq,1,rug; eq,1,side_table; eq,1,headphones; eq,1,coffee_cup; eq,1,led_strip_light","eq,1,desk,sleek; eq,1,monitor,widescreen; eq,1,gaming_chair,padded; eq,1,rug,gray; eq,1,side_table,wooden; eq,1,led_strip_light,blue","eq,1,on,0,desk,monitor; eq,1,left,0,monitor,vr_headset; eq,1,right,0,monitor,gaming_controller; eq,1,next,0,desk,pc_tower; eq,1,facing,0,desk,gaming_chair; eq,1,front,0,gaming_chair,rug; eq,1,beside,0,gaming_chair,side_table; eq,1,on,0,side_table,headphones; eq,1,on,0,side_table,coffee_cup; eq,1,above,0,desk,led_strip_light","eq,1,under,desk,window; eq,1,near,pc_tower,door; eq,1,hang,led_strip_light,ceiling",hard,single_room
472,"A round oak table sits under the basement window with a crystal decanter and two wine glasses arranged side by side at its center. Two leather chairs sit next to the table for guests. A gray rug covers the floor under the table. Against the wall near the door, a stainless steel wine fridge stands for bottle storage. A low sideboard sits against the adjacent wall holding two wine bottles and a cheese wheel to their right. A cheese knife rests next to the cheese.","eq,1,table; eq,1,decanter; eq,2,wine_glass; eq,2,chair; eq,1,rug; eq,1,wine_fridge; eq,1,sideboard; eq,2,wine_bottle; eq,1,cheese_wheel; eq,1,cheese_knife","eq,1,table,round; eq,1,table,oak; eq,1,decanter,crystal; eq,2,chair,leather; eq,1,rug,gray; eq,1,wine_fridge,stainless_steel; eq,1,sideboard,low; eq,2,chair,leather","eq,1,on,0,table,decanter; eq,2,on,0,table,wine_glass; eq,2,side_by_side,0,decanter,wine_glass; eq,2,next,0,table,chair; eq,1,under,0,table,rug; eq,2,on,0,sideboard,wine_bottle; eq,1,on,0,sideboard,cheese_wheel; eq,2,right,0,wine_bottle,cheese_wheel; eq,1,next,0,cheese_wheel,cheese_knife; eq,1,on,0,sideboard,cheese_knife; eq,1,center,0,table,decanter; eq,2,center,0,table,wine_glass","eq,1,under,table,window; eq,1,against,wine_fridge,wall; eq,1,near,wine_fridge,door; eq,1,against,sideboard,wall",hard,single_room
473,An enlarging table sits under the frosted window holding a photo enlarger at its center. A red safelight hangs from the ceiling above the table. A metal drying rack stands against the wall near the door. A low shelf stands beside the table with two developing trays and two bottles of chemicals nearby. A black timer rests on the table next to the enlarger. A wooden stool faces the table for seating while a coffee mug sits on the table beside the timer.,"eq,1,enlarging_table; eq,1,photo_enlarger; eq,1,safelight; eq,1,drying_rack; eq,1,low_shelf; eq,2,developing_tray; eq,2,chemical_bottle; eq,1,timer; eq,1,stool; eq,1,coffee_mug","eq,1,safelight,red; eq,1,drying_rack,metal; eq,1,low_shelf,low; eq,1,timer,black; eq,1,stool,wooden","eq,1,on,0,enlarging_table,photo_enlarger; eq,1,above,0,enlarging_table,safelight; eq,1,beside,0,enlarging_table,low_shelf; eq,2,on,0,low_shelf,developing_tray; eq,2,near,0,low_shelf,chemical_bottle; eq,1,on,0,enlarging_table,timer; eq,1,next,0,photo_enlarger,timer; eq,1,on,0,enlarging_table,coffee_mug; eq,1,beside,0,timer,coffee_mug; eq,1,facing,0,enlarging_table,stool; eq,1,center,0,enlarging_table,photo_enlarger","eq,1,under,enlarging_table,window; eq,1,hang,safelight,ceiling; eq,1,against,drying_rack,wall; eq,1,near,drying_rack,door",hard,single_room
474,"In a sculptor's den, a sturdy wooden workbench sits near the door. An adjustable sculpting stool is in front of the bench, with a floor lamp on the side. A tall metal shelf against the wall holds five clay pots and two sculpting tools on its three levels. By the window, a wooden sideboard supports a half-finished clay relief. A green metal cart stocked with two buckets stands adjacent to the bench, and a heavy wooden cabinet rests beside the door with two chisels and two brushes on top.","eq,1,workbench; eq,1,sculpting_stool; eq,1,floor_lamp; eq,1,shelf; eq,5,clay_pot; eq,2,sculpting_tool; eq,1,sideboard; eq,1,clay_relief; eq,1,cart; eq,2,bucket; eq,1,cabinet; eq,2,chisel; eq,2,brush","eq,1,workbench,sturdy; eq,1,workbench,wooden; eq,1,sculpting_stool,adjustable; eq,1,shelf,tall; eq,1,shelf,metal; eq,1,sideboard,wooden; eq,1,cart,green; eq,1,cart,metal; eq,1,cabinet,heavy; eq,1,cabinet,wooden; eq,1,clay_relief,half_finished","eq,1,front,0,workbench,sculpting_stool; eq,1,adjacent,0,workbench,floor_lamp; eq,5,within,0,shelf,clay_pot; eq,2,within,0,shelf,sculpting_tool; eq,1,on,0,sideboard,clay_relief; eq,2,inside,0,cart,bucket; eq,1,adjacent,0,workbench,cart; eq,2,on,0,cabinet,chisel; eq,2,on,0,cabinet,brush","eq,1,near,workbench,door; eq,1,against,shelf,wall; eq,1,near,sideboard,window; eq,1,next,cabinet,door",hard,single_room
475,"Sunlight streams through a large window onto a plush cat tree in the corner of the den with three sisal scratching posts arranged around its base. Beneath the same window, a woven basket holds two balls of yarn. A low wooden bench sits across from the window, and four colorful pillows rest on its seat. On the floor near the bench, a metal bowl is empty. A glass vase sits on the bench, and a tall white floor lamp stands adjacent to the basket.","eq,1,cat_tree; eq,3,scratching_post; eq,1,basket; eq,2,ball_of_yarn; eq,1,bench; eq,4,pillow; eq,1,bowl; eq,1,vase; eq,1,floor_lamp","eq,1,cat_tree,plush; eq,3,scratching_post,sisal; eq,1,basket,woven; eq,1,bench,wooden; eq,4,pillow,colorful; eq,1,bowl,metal; eq,1,vase,glass; eq,1,floor_lamp,white; eq,1,bench,low; eq,1,bowl,empty","eq,1,surround,0,cat_tree,scratching_post:0,scratching_post:1,scratching_post:2; eq,2,inside,0,basket,ball_of_yarn; eq,4,on,0,bench,pillow; eq,1,on,0,bench,vase; eq,1,near,0,bench,bowl; eq,1,adjacent,0,basket,floor_lamp","eq,1,corner,cat_tree,den; eq,1,under,basket,window; eq,1,across,bench,window",hard,single_room
476,"A tranquil nap den features a daybed upholstered in light gray linen against the wall under the window. Two soft blankets and three pastel cushions line its surface. A small round side table stands to the right of the daybed, holding a ceramic mug and a scented candle. A shaggy cream rug covers the floor in front of the bed, and a wooden ladder leans against the wall. A bamboo plant sits near the window, and a black metal floor lamp provides soft lighting beside the side table.","eq,1,daybed; eq,2,blanket; eq,3,cushion; eq,1,side_table; eq,1,mug; eq,1,candle; eq,1,rug; eq,1,ladder; eq,1,plant; eq,1,floor_lamp","eq,1,daybed,linen; eq,1,daybed,light_gray; eq,2,blanket,soft; eq,3,cushion,pastel; eq,1,side_table,small; eq,1,side_table,round; eq,1,mug,ceramic; eq,1,candle,scented; eq,1,rug,shaggy; eq,1,rug,cream; eq,1,ladder,wooden; eq,1,plant,bamboo; eq,1,floor_lamp,black; eq,1,floor_lamp,metal","eq,2,on,0,daybed,blanket; eq,3,on,0,daybed,cushion; eq,1,right,0,daybed,side_table; eq,1,on,0,side_table,mug; eq,1,on,0,side_table,candle; eq,1,front,0,daybed,rug; eq,1,adjacent,0,side_table,floor_lamp","eq,1,against,daybed,wall; eq,1,under,daybed,window; eq,1,against,ladder,wall; eq,1,near,plant,window",hard,single_room
477,"In a serene meditation den, a low wooden altar table sits centered on a circular jute rug. On the table, a bronze singing bowl is flanked by two white candles. A bamboo screen stands behind the table, and to its left a tall potted plant provides greenery. Four floor cushions are placed around the rug for seating. A small water fountain on a stone basin rests near the door, and a paper lantern hangs from the ceiling above the altar.","eq,1,altar_table; eq,1,rug; eq,1,singing_bowl; eq,2,candle; eq,1,screen; eq,1,plant; eq,4,floor_cushion; eq,1,water_fountain; eq,1,basin; eq,1,lantern","eq,1,altar_table,wooden; eq,1,altar_table,low; eq,1,rug,jute; eq,1,rug,circular; eq,1,singing_bowl,bronze; eq,2,candle,white; eq,1,screen,bamboo; eq,1,plant,potted; eq,1,plant,tall; eq,1,water_fountain,small; eq,1,basin,stone; eq,1,lantern,paper","eq,1,on,0,rug,altar_table; eq,1,on,0,altar_table,singing_bowl; eq,2,on,0,altar_table,candle; eq,1,behind,0,altar_table,screen; eq,1,left,0,screen,plant; eq,4,surround,0,rug,floor_cushion:0,floor_cushion:1,floor_cushion:2,floor_cushion:3; eq,1,on,0,basin,water_fountain; eq,1,above,0,altar_table,lantern; eq,1,center,0,rug,altar_table; eq,1,left,0,singing_bowl,candle; eq,1,right,0,singing_bowl,candle","eq,1,near,water_fountain,door; eq,1,hang,lantern,ceiling",hard,single_room
478,"In this den-turned-craft studio, a large table sits beneath a window with a table lamp illuminating a cutting mat at its center. A wooden chair faces the table and a tall storage cabinet rests against the opposite wall. Two pairs of scissors, three tubes of paint, and two paintbrushes lie beside a drawing book on the tabletop. A single glue stick is on the chair.","eq,1,table; eq,1,table_lamp; eq,1,cutting_mat; eq,1,chair; eq,1,storage_cabinet; eq,2,scissors; eq,3,paint_tube; eq,2,paintbrush; eq,1,drawing_book; eq,1,glue_stick","eq,1,table,large; eq,1,chair,wooden; eq,1,storage_cabinet,tall","eq,1,on,0,table,table_lamp; eq,1,at_the_center,0,table,cutting_mat; eq,1,face,0,table,chair; eq,1,on,0,table,drawing_book; eq,2,on,0,table,scissors; eq,3,on,0,table,paint_tube; eq,2,on,0,table,paintbrush; eq,2,beside,0,drawing_book,scissors; eq,3,beside,0,drawing_book,paint_tube; eq,2,beside,0,drawing_book,paintbrush; eq,1,on,0,chair,glue_stick; eq,1,on,0,table,cutting_mat; eq,1,opposite,0,table,storage_cabinet","eq,1,beneath,table,window; eq,1,against,storage_cabinet,wall",hard,single_room
479,"A cozy armchair with a plush cushion rests on a circular rug adjacent to a tall bookshelf. A side table stands next to the chair, holding a white candle and a ceramic mug. An antique table lamp illuminates two open books on the tabletop. A small potted plant sits inside the bookshelf.","eq,1,armchair; eq,1,cushion; eq,1,rug; eq,1,bookshelf; eq,1,side_table; eq,1,candle; eq,1,mug; eq,1,table_lamp; ge,2,book; eq,1,potted_plant","eq,1,armchair,cozy; eq,1,cushion,plush; eq,1,rug,circular; eq,1,bookshelf,tall; eq,1,candle,white; eq,1,mug,ceramic; eq,1,table_lamp,antique; eq,2,book,open; eq,1,potted_plant,small","eq,1,on,0,rug,armchair; eq,1,adjacent,0,rug,bookshelf; eq,1,on,0,armchair,cushion; eq,1,next,0,armchair,side_table; eq,1,on,0,side_table,candle; eq,1,on,0,side_table,mug; eq,1,on,0,side_table,table_lamp; eq,2,on,0,side_table,book; eq,1,inside,0,bookshelf,potted_plant",,hard,single_room
480,"In this gaming den, a sleek desk holds a monitor with a keyboard placed in front and a mouse to its right. A gaming PC tower sits left of the desk while a neon desk lamp glows beside the monitor. The ergonomic gaming chair faces the setup and rests on a rectangular rug. Above the door, one speaker stands to the left of a floating shelf and another stands to the right, and the shelf displays a headset.","eq,1,desk; eq,1,monitor; eq,1,keyboard; eq,1,mouse; eq,1,pc_tower; eq,1,desk_lamp; eq,1,gaming_chair; eq,1,rug; eq,2,speaker; eq,1,shelf; eq,1,headset","eq,1,desk,sleek; eq,1,desk_lamp,neon; eq,1,gaming_chair,ergonomic; eq,1,rug,rectangular; eq,1,pc_tower,gaming","eq,1,on,0,desk,monitor; eq,1,front,0,monitor,keyboard; eq,1,right,0,keyboard,mouse; eq,1,left,0,desk,pc_tower; eq,1,adjacent,0,monitor,desk_lamp; eq,1,face,0,desk,gaming_chair; eq,1,on,0,rug,gaming_chair; eq,1,left,0,shelf,speaker; eq,1,right,0,shelf,speaker; eq,1,on,0,shelf,headset; eq,1,on,0,desk,keyboard; eq,1,on,0,desk,mouse; eq,1,on,0,desk,desk_lamp","eq,2,on,speaker,wall; eq,1,on,shelf,wall; eq,2,near,speaker,door; eq,1,near,shelf,door",hard,single_room
481,"An electric guitar stands next to a tall sideboard holding a vintage record player and two vinyl records. A tube amplifier sits on a glass desk, with a microphone stand positioned beside one of the two speakers on the floor. A cushioned stool faces the record player, and a warm floor lamp casts light near the window.","eq,1,electric_guitar; eq,1,sideboard; eq,1,record_player; eq,2,vinyl_record; eq,1,tube_amplifier; eq,1,desk; eq,1,microphone_stand; eq,2,speaker; eq,1,stool; eq,1,floor_lamp","eq,1,sideboard,tall; eq,1,record_player,vintage; eq,1,desk,glass; eq,1,stool,cushioned","eq,1,next,0,sideboard,electric_guitar; eq,1,on,0,sideboard,record_player; eq,2,on,0,sideboard,vinyl_record; eq,1,on,0,desk,tube_amplifier; eq,1,beside,0,speaker,microphone_stand; eq,1,face,0,record_player,stool","eq,1,near,floor_lamp,window",hard,single_room
482,"A cozy baby nursery den includes a pale blue crib with a colorful mobile hanging above it on the wall and a soft gray rocking chair placed near the window. A white changing table stands next to the door with a small lamp perched on its surface. Across from the crib, a toy box sits against the wall holding a teddy bear and some building blocks. A tall bookshelf holds picture frames and board books, while a round pink rug anchors the floor.","eq,1,crib; eq,1,mobile; eq,1,rocking_chair; eq,1,changing_table; eq,1,lamp; eq,1,toy_box; eq,1,teddy_bear; ge,2,building_block; eq,1,bookshelf; ge,2,picture_frame; ge,2,board_book; eq,1,rug","eq,1,crib,pale_blue; eq,1,mobile,colorful; eq,1,rocking_chair,soft_gray; eq,1,changing_table,white; eq,1,lamp,small; eq,1,rug,pink; eq,1,rug,round","eq,1,above,0,crib,mobile; eq,1,on,0,changing_table,lamp; eq,1,within,0,toy_box,teddy_bear; ge,2,within,0,toy_box,building_block; ge,2,within,0,bookshelf,picture_frame; ge,2,within,0,bookshelf,board_book","eq,1,on,mobile,wall; eq,1,near,rocking_chair,window; eq,1,next,changing_table,door; eq,1,against,toy_box,wall",hard,single_room
483,"An artist's den features a a half-painted canvas facing a drafting table with a stool sitting nearby. Two paintbrushes and three paint jars are arranged on top a rolling storage cart beside the table. A tall bookshelf against the wall stores a sketchbook and several art textbooks. A floor lamp stands behind the stool near the window, and a linen rug lies beneath an easel.","eq,1,canvas; eq,1,drafting_table; eq,1,stool; eq,2,paintbrush; eq,3,paint_jar; eq,1,storage_cart; eq,1,bookshelf; eq,1,sketchbook; ge,2,art_textbook; eq,1,floor_lamp; eq,1,easel; eq,1,rug","eq,1,canvas,half_painted; eq,1,storage_cart,rolling; eq,1,bookshelf,tall; eq,1,rug,linen","eq,1,facing,0,drafting_table,canvas; eq,1,near,0,drafting_table,stool; eq,1,beside,0,drafting_table,storage_cart; eq,2,on,0,storage_cart,paintbrush; eq,3,on,0,storage_cart,paint_jar; eq,1,within,0,bookshelf,sketchbook; ge,2,within,0,bookshelf,art_textbook; eq,1,behind,0,stool,floor_lamp; eq,1,on,0,rug,easel","eq,1,against,bookshelf,wall; eq,1,near,floor_lamp,window",hard,single_room
484,"A board game lounge den has a large gray sofa facing a low coffee table holding three board games and two cups on coasters. A tall bookshelf against the wall displays game boxes and a score pad. A brass floor lamp stands beside the sofa near the window, and a round knit rug lies under the table. A silver mini fridge stands in one corner of the room.","eq,1,sofa; eq,1,coffee_table; eq,3,board_game; eq,2,cup; eq,2,coaster; eq,1,bookshelf; ge,2,game_box; eq,1,score_pad; eq,1,floor_lamp; eq,1,rug; eq,1,mini_fridge","eq,1,sofa,large; eq,1,sofa,gray; eq,1,coffee_table,low; eq,1,bookshelf,tall; eq,1,floor_lamp,brass; eq,1,rug,round; eq,1,rug,knit; eq,1,mini_fridge,silver","eq,1,facing,0,coffee_table,sofa; eq,3,on,0,coffee_table,board_game; eq,2,on,0,coffee_table,coaster; eq,2,on,0,coaster,cup; ge,2,within,0,bookshelf,game_box; eq,1,within,0,bookshelf,score_pad; eq,1,beside,0,sofa,floor_lamp; eq,1,under,0,coffee_table,rug","eq,1,against,bookshelf,wall; eq,1,near,floor_lamp,window; eq,1,corner,mini_fridge,room",hard,single_room
485,"A meditation den features a low wooden bench under the window next to a bookcase filled with mindfulness guides. A small side table holds an incense burner and a spherical speaker, while two pink candles rest on the floor rug. A plush meditation pillow lies in front of an armchair placed near the door, and a potted bamboo plant stands in the corner. A wooden tray on the bench holds a ceramic teapot and a glass tea cup.","eq,1,bench; eq,1,bookcase; eq,1,side_table; eq,1,incense_burner; eq,1,speaker; eq,2,candle; eq,1,rug; eq,1,meditation_pillow; eq,1,armchair; eq,1,potted_plant; eq,1,tray; eq,1,teapot; eq,1,tea_cup; ge,2,mindfulness_guide","eq,1,bench,low; eq,1,bench,wooden; eq,1,side_table,small; eq,1,speaker,spherical; eq,2,candle,pink; eq,1,meditation_pillow,plush; eq,1,tray,wooden; eq,1,teapot,ceramic; eq,1,tea_cup,glass; eq,1,potted_plant,bamboo",,"eq,1,under,bench,window; eq,1,near,armchair,door; eq,1,corner,potted_plant,room",hard,single_room
486,"In a home recording den, a black desk supports a large computer monitor and an audio mixer, with a studio-quality microphone standing in front. A rolling office chair sits facing the desk near the window. A tall bookshelf against the wall holds three vinyl records and a pair of headphones. Two guitars rest beside an amplifier near the door. A bean bag lies on a patterned rug at the center of the room, and a small side table next to the bean bag holds a record player and a ceramic mug.","eq,1,desk; eq,1,computer_monitor; eq,1,audio_mixer; eq,1,microphone; eq,1,office_chair; eq,1,bookshelf; eq,3,vinyl_record; eq,1,headphones; eq,2,guitar; eq,1,amplifier; eq,1,bean_bag; eq,1,rug; eq,1,side_table; eq,1,record_player; eq,1,mug","eq,1,desk,black; eq,1,computer_monitor,large; eq,1,microphone,studio_quality; eq,1,office_chair,rolling; eq,1,bookshelf,tall; eq,1,rug,patterned; eq,1,side_table,small; eq,1,mug,ceramic","eq,1,on,0,desk,computer_monitor; eq,1,on,0,desk,audio_mixer; eq,1,front,0,desk,microphone; eq,1,facing,0,desk,office_chair; eq,3,within,0,bookshelf,vinyl_record; eq,1,within,0,bookshelf,headphones; eq,2,beside,0,amplifier,guitar; eq,1,on,0,rug,bean_bag; eq,1,next,0,bean_bag,side_table; eq,1,on,0,side_table,record_player; eq,1,on,0,side_table,mug","eq,1,near,office_chair,window; eq,1,against,bookshelf,wall; eq,1,near,amplifier,door; eq,1,center,rug,room",hard,single_room
487,"Sophia's home office features a white oak desk positioned near the door. A gray ergonomic chair faces the desk front, and a silver laptop sits at the center of the desktop. A black monitor is to the left of the laptop, with a white keyboard and wireless mouse to its right. A blue notebook lies in front of the laptop beside a white ceramic coffee mug. To the right of the desk, a tall metal bookshelf supports a potted plant above. A low filing cabinet stands under a large window, while a round wall clock hangs above the cabinet.","eq,1,desk; eq,1,chair; eq,1,laptop; eq,1,monitor; eq,1,keyboard; eq,1,mouse; eq,1,notebook; eq,1,coffee_mug; eq,1,bookshelf; eq,1,potted_plant; eq,1,filing_cabinet; eq,1,wall_clock","eq,1,desk,white; eq,1,chair,gray; eq,1,chair,ergonomic; eq,1,laptop,silver; eq,1,monitor,black; eq,1,keyboard,white; eq,1,mouse,wireless; eq,1,notebook,blue; eq,1,coffee_mug,white; eq,1,bookshelf,metal; eq,1,bookshelf,tall; eq,1,filing_cabinet,low; eq,1,wall_clock,round; eq,1,desk,oak; eq,1,coffee_mug,ceramic","eq,1,face,0,desk,chair; eq,1,center,0,desk,laptop; eq,1,left,0,laptop,monitor; eq,1,right,0,laptop,keyboard; eq,1,right,0,laptop,mouse; eq,1,front,0,laptop,notebook; eq,1,next,0,notebook,coffee_mug; eq,1,on,0,bookshelf,potted_plant; eq,1,right,0,desk,bookshelf; eq,1,above,0,filing_cabinet,wall_clock; eq,1,on,0,desk,laptop; eq,1,on,0,desk,monitor; eq,1,on,0,desk,keyboard; eq,1,on,0,desk,mouse; eq,1,on,0,desk,notebook; eq,1,on,0,desk,coffee_mug","eq,1,near,desk,door; eq,1,under,filing_cabinet,window; eq,1,on,wall_clock,wall",hard,single_room
488,"Marcus's graphic design studio boasts a height-adjustable standing desk under a wide window. A black swivel chair is placed in front of the desk. A drawing tablet with stylus sits on the desk, and some sketchbooks rests on the left. To the left of the desk, a white side table holds a color printer below the window. A silver desk lamp is on the desk behind the tablet. Along the opposite wall, a gray storage cabinet supports a potted succulent and a smartphone on top, while a wooden headphone stand stands next to the cabinet.","eq,1,desk; eq,1,chair; eq,1,drawing_tablet; eq,1,stylus; ge,2,sketchbook; eq,1,side_table; eq,1,printer; eq,1,desk_lamp; eq,1,storage_cabinet; eq,1,potted_succulent; eq,1,smartphone; eq,1,headphone_stand","eq,1,desk,height_adjustable; eq,1,desk,standing; eq,1,chair,black; eq,1,chair,swivel; eq,1,side_table,white; eq,1,printer,color; eq,1,desk_lamp,silver; eq,1,storage_cabinet,gray; eq,1,headphone_stand,wooden","eq,1,front,0,desk,chair; eq,1,on,0,desk,drawing_tablet; eq,1,on,0,desk,stylus; ge,2,on,0,desk,sketchbook; ge,2,left,0,drawing_tablet,sketchbook; eq,1,left,0,desk,side_table; eq,1,on,0,side_table,printer; eq,1,on,0,desk,desk_lamp; eq,1,behind,0,drawing_tablet,desk_lamp; eq,1,on,0,storage_cabinet,potted_succulent; eq,1,on,0,storage_cabinet,smartphone; eq,1,next,0,storage_cabinet,headphone_stand","eq,1,under,desk,window; eq,1,under,printer,window; eq,1,against,storage_cabinet,wall",hard,single_room
489,"In Leah's minimalist writers workspace, a sleek long table sits beneath a frosted window. A steel stool faces the writing surface, where a vintage typewriter rests in the middle. A fountain ink pen lies left of the typewriter, and a book sits on the right. A small glass vase stands near the book. Beside the table, a low bookcase holds two novels and a coffee thermos on its top. A mid-century reading lamp stands on the floor next to a leather armchair by the door. A round clock hangs on the wall above the bookcase.","eq,1,table; eq,1,stool; eq,1,typewriter; eq,1,ink_pen; eq,1,book; eq,1,vase; eq,1,bookcase; eq,2,novel; eq,1,coffee_thermos; eq,1,reading_lamp; eq,1,armchair; eq,1,clock","eq,1,table,sleek; eq,1,table,long; eq,1,stool,steel; eq,1,typewriter,vintage; eq,1,ink_pen,fountain; eq,1,vase,glass; eq,1,vase,small; eq,1,bookcase,low; eq,1,reading_lamp,mid_century; eq,1,armchair,leather; eq,1,clock,round","eq,1,face,0,table,stool; eq,1,on,0,table,typewriter; eq,1,left,0,typewriter,ink_pen; eq,1,right,0,typewriter,book; eq,1,near,0,book,vase; eq,1,right,0,table,bookcase; ge,2,on,0,bookcase,novel; eq,1,on,0,bookcase,coffee_thermos; eq,1,next,0,armchair,reading_lamp; eq,1,above,0,bookcase,clock; eq,1,on,0,table,ink_pen; eq,1,on,0,table,book","eq,1,under,table,window; eq,1,near,armchair,door; eq,1,on,clock,wall",hard,single_room
490,"David's software testing lab features a sturdy lab bench positioned under a large window. A black stool faces the bench, where a desktop computer tower on top. A widescreen monitor is at the center of the bench surface, with a mechanical keyboard and ergonomic mouse arranged in front. To the left, a handheld multimeter and a wifi router lie side by side. A soldering iron and a small metal tool tray rest on a side table. Against the opposite wall, a tall server rack stands next to a gray cabinet holding a spiral notepad and a pen set on top. A sliding door leads into the room.","eq,1,lab_bench; eq,1,stool; eq,1,computer_tower; eq,1,monitor; eq,1,keyboard; eq,1,mouse; eq,1,multimeter; eq,1,wifi_router; eq,1,side_table; eq,1,soldering_iron; eq,1,tool_tray; eq,1,server_rack; eq,1,cabinet; eq,1,notepad; eq,1,pen_set","eq,1,lab_bench,sturdy; eq,1,stool,black; eq,1,computer_tower,desktop; eq,1,monitor,widescreen; eq,1,keyboard,mechanical; eq,1,mouse,ergonomic; eq,1,multimeter,handheld; eq,1,tool_tray,metal; eq,1,tool_tray,small; eq,1,server_rack,tall; eq,1,cabinet,gray; eq,1,notepad,spiral","eq,1,face,0,lab_bench,stool; eq,1,on,0,lab_bench,computer_tower; eq,1,center,0,lab_bench,monitor; eq,1,front,0,monitor,keyboard; eq,1,front,0,monitor,mouse; eq,1,left,0,keyboard,multimeter; eq,1,left,0,keyboard,wifi_router; eq,1,next,0,multimeter,wifi_router; eq,1,on,0,side_table,soldering_iron; eq,1,on,0,side_table,tool_tray; eq,1,next,0,server_rack,cabinet; eq,1,on,0,cabinet,notepad; eq,1,on,0,cabinet,pen_set; eq,1,on,0,lab_bench,monitor; eq,1,on,0,lab_bench,keyboard; eq,1,on,0,lab_bench,mouse; eq,1,on,0,lab_bench,multimeter; eq,1,on,0,lab_bench,wifi_router","eq,1,under,lab_bench,window; eq,1,against,server_rack,wall",hard,single_room
491,"A computer scientist's bright office features a white desk topped with dual computer monitors flanking a closed laptop, while a wireless keyboard and a mouse rest in front of laptop. A green desk lamp sits to the right of the keyboard, and a black smartphone lies on the left side of the laptop next to a blue coffee mug. A metal filing cabinet stands beside the desk near the window and a tall bookshelf holds two programming books and a potted succulent. A large whiteboard hangs on the wall near the door.","eq,1,desk; eq,2,computer_monitor; eq,1,laptop; eq,1,keyboard; eq,1,mouse; eq,1,desk_lamp; eq,1,smartphone; eq,1,coffee_mug; eq,1,filing_cabinet; eq,1,bookshelf; eq,2,book; eq,1,succulent; eq,1,whiteboard","eq,1,desk,white; eq,1,laptop,closed; eq,1,keyboard,wireless; eq,1,desk_lamp,green; eq,1,smartphone,black; eq,1,coffee_mug,blue; eq,1,filing_cabinet,metal; eq,1,bookshelf,tall; eq,1,succulent,potted; eq,1,whiteboard,large; eq,1,book,programming","eq,2,on,0,desk,computer_monitor; eq,1,on,0,desk,laptop; eq,1,on,0,desk,keyboard; eq,1,on,0,desk,mouse; eq,1,on,0,desk,desk_lamp; eq,1,on,0,desk,smartphone; eq,1,on,0,desk,coffee_mug; eq,1,left,0,laptop,computer_monitor; eq,1,right,0,laptop,computer_monitor; eq,1,front,0,laptop,keyboard; eq,1,front,0,laptop,mouse; eq,1,right,0,keyboard,desk_lamp; eq,1,left,0,laptop,smartphone; eq,1,next,0,smartphone,coffee_mug; eq,1,beside,0,desk,filing_cabinet; eq,2,within,0,bookshelf,book; eq,1,within,0,bookshelf,succulent","eq,1,near,filing_cabinet,window; eq,1,on,whiteboard,wall; eq,1,near,whiteboard,door",hard,single_room
492,"In the office of an airline CEO, a mahogany desk holds a globe and a silver pen set to its right. A black leather executive chair faces the desk, with a chrome telephone at the center of the desktop. A model airplane rests on a low sideboard beneath the window and a runway photograph is mounted on the wall opposite the desk. At the center, a circular table is surrounded by four armchairs.","eq,1,desk; eq,1,globe; eq,1,pen_set; eq,1,executive_chair; eq,1,telephone; eq,1,sideboard; eq,1,model_airplane; eq,1,photograph; eq,1,table; eq,4,armchair","eq,1,desk,mahogany; eq,1,pen_set,silver; eq,1,executive_chair,black; eq,1,telephone,chrome; eq,1,sideboard,low; eq,1,photograph,runway; eq,1,table,circular; eq,1,executive_chair,leather","eq,1,on,0,desk,globe; eq,1,on,0,desk,pen_set; eq,1,right,0,globe,pen_set; eq,1,on,0,desk,telephone; eq,1,center,0,desk,telephone; eq,1,facing,0,desk,executive_chair; eq,1,on,0,sideboard,model_airplane; eq,1,opposite,0,desk,photograph; eq,1,surround,0,table,armchair:0,armchair:1,armchair:2,armchair:3","eq,1,near,sideboard,window; eq,1,beneath,model_airplane,window; eq,1,on,photograph,wall; eq,1,center,table,room",hard,single_room
493,"An architect's studio contains a tilting drafting table with three rolled-up blueprints lying on its surface and a model house at the center. A gray ergonomic chair faces the table, while a marker set and a steel scale ruler rest on the right of the model. A tall bookshelf holds two black binders and a laptop, and a potted fern sits nearby by the window. At the center of the room, a rectangular coffee table hosts five black leather armchairs arranged along its long sides.","eq,1,drafting_table; eq,3,blueprint; eq,1,model_house; eq,1,chair; eq,1,marker_set; eq,1,scale_ruler; eq,1,bookshelf; eq,2,binder; eq,1,laptop; eq,1,fern; eq,1,coffee_table; eq,5,armchair","eq,1,drafting_table,tilting; eq,3,blueprint,rolled_up; eq,1,chair,gray; eq,2,binder,black; eq,1,fern,potted; eq,1,coffee_table,rectangular; eq,5,armchair,black; eq,1,scale_ruler,steel; eq,1,chair,ergonomic; eq,1,bookshelf,tall; eq,1,armchair,leather","eq,3,on,0,drafting_table,blueprint; eq,1,center,0,drafting_table,model_house; eq,1,facing,0,drafting_table,chair; eq,1,right,0,model_house,marker_set; eq,1,right,0,model_house,scale_ruler; eq,2,within,0,bookshelf,binder; eq,1,within,0,bookshelf,laptop; eq,5,long_side,0,coffee_table,armchair; eq,1,on,0,drafting_table,marker_set; eq,1,on,0,drafting_table,scale_ruler","eq,1,near,fern,window; eq,1,center,coffee_table,room",hard,single_room
494,"A venture capitalist's office centers on a white desk placed in front of the window. A silver laptop, a smartphone to the right of it, and a leather-bound notepad to its left all sit on the desk, with a black pen resting on the notepad. A black office chair faces the desk while a gray two-seater sofa sits next to the wooden door. Against one wall stands a tall walnut bookshelf holding two red books and a gray filing cabinet stands against the opposite wall.","eq,1,desk; eq,1,laptop; eq,1,smartphone; eq,1,notepad; eq,1,pen; eq,1,office_chair; eq,1,sofa; eq,1,bookshelf; eq,2,book; eq,1,filing_cabinet","eq,1,desk,white; eq,1,laptop,silver; eq,1,notepad,leather_bound; eq,1,pen,black; eq,1,office_chair,black; eq,1,sofa,gray; eq,1,sofa,two_seater; eq,1,bookshelf,walnut; eq,1,bookshelf,tall; eq,2,book,red; eq,1,filing_cabinet,gray","eq,1,on,0,desk,laptop; eq,1,right,0,laptop,smartphone; eq,1,left,0,laptop,notepad; eq,1,on,0,notepad,pen; eq,1,facing,0,desk,office_chair; eq,2,within,0,bookshelf,book; eq,1,on,0,desk,smartphone; eq,1,on,0,desk,smartphone; eq,1,opposite,0,bookshelf,filing_cabinet","eq,1,front,desk,window; eq,1,next,sofa,door; eq,1,against,bookshelf,wall; eq,1,against,filing_cabinet,wall",hard,single_room
495,"In a graphic designer's studio, a white drafting table sits facing the window. A green desk lamp and a silver tablet rest on the table while a large red sketchbook sits left of them; a wooden pen set on top of the book. A black drafting stool faces the table, and a wooden easel stands next to the door. A low gray bookshelf against the wall bears a single blue book and a potted succulent on the top surface. Three colorful posters are hanging on the walls.","eq,1,drafting_table; eq,1,desk_lamp; eq,1,tablet; eq,1,sketchbook; eq,1,pen_set; eq,1,drafting_stool; eq,1,easel; eq,1,bookshelf; eq,1,book; eq,1,succulent; eq,3,poster","eq,1,drafting_table,white; eq,1,desk_lamp,green; eq,1,tablet,silver; eq,1,sketchbook,large; eq,1,sketchbook,red; eq,1,pen_set,wooden; eq,1,drafting_stool,black; eq,1,easel,wooden; eq,1,bookshelf,gray; eq,1,bookshelf,low; eq,1,book,blue; eq,1,succulent,potted; eq,3,poster,colorful","eq,1,on,0,drafting_table,desk_lamp; eq,1,on,0,drafting_table,tablet; eq,1,on,0,drafting_table,sketchbook; eq,1,left,0,desk_lamp,sketchbook; eq,1,on,0,sketchbook,pen_set; eq,1,face,0,drafting_table,drafting_stool; eq,1,on,0,bookshelf,book; eq,1,on,0,bookshelf,succulent; eq,1,left,0,tablet,sketchbook","eq,1,front,drafting_table,window; eq,1,next,easel,door; eq,1,against,bookshelf,wall; eq,3,on,poster,wall",hard,single_room
496,"A lawyer's mahogany desk sits near the window, topped with a silver laptop, a black pen holder, a glass paperweight, and a bronze desk globe. Two legal folders lie side by side on the left of the laptop. A black office chair faces the desk and two gray armchairs sit next to it. A tall credenza and a large bookshelf stand against the walls, and the armchairs rest near the wooden door.","eq,1,desk; eq,1,laptop; eq,1,pen_holder; eq,1,paperweight; eq,1,desk_globe; eq,2,legal_folder; eq,1,office_chair; eq,2,armchair; eq,1,credenza; eq,1,bookshelf","eq,1,desk,mahogany; eq,1,laptop,silver; eq,1,pen_holder,black; eq,1,paperweight,glass; eq,1,desk_globe,bronze; eq,1,office_chair,black; eq,2,armchair,gray; eq,1,credenza,tall; eq,1,bookshelf,large","eq,1,on,0,desk,laptop; eq,1,on,0,desk,pen_holder; eq,1,on,0,desk,paperweight; eq,1,on,0,desk,desk_globe; eq,2,left,0,laptop,legal_folder; eq,1,facing,0,desk,office_chair; eq,2,next,0,office_chair,armchair","eq,1,near,desk,window; eq,2,near,armchair,door; eq,1,against,credenza,wall; eq,1,against,bookshelf,wall",hard,single_room
497,"In the CEO's suite, a dark oak desk sits near the window with a widescreen monitor with a white keyboard and a gray mouse in front. A black notepad lies to the right of the monitor with a silver pen atop it and a framed family photo to its left. A white modern office chair faces the desk. Across the room, a cream sofa and matching coffee table sit beside the door, with two white coffee mugs placed on the table and a single magazine on a nearby bookshelf.","eq,1,desk; eq,1,monitor; eq,1,keyboard; eq,1,mouse; eq,1,notepad; eq,1,pen; eq,1,family_photo; eq,1,office_chair; eq,1,sofa; eq,1,coffee_table; eq,2,coffee_mug; eq,1,magazine; eq,1,bookshelf","eq,1,desk,dark_oak; eq,1,monitor,widescreen; eq,1,keyboard,white; eq,1,mouse,gray; eq,1,notepad,black; eq,1,pen,silver; eq,1,family_photo,framed; eq,1,office_chair,white; eq,1,office_chair,modern; eq,1,sofa,cream; eq,1,coffee_table,cream; eq,2,coffee_mug,white","eq,1,on,0,desk,monitor; eq,1,on,0,desk,keyboard; eq,1,on,0,desk,mouse; eq,1,front,0,monitor,keyboard; eq,1,front,0,monitor,mouse; eq,1,right,0,monitor,notepad; eq,1,on,0,notepad,pen; eq,1,left,0,notepad,family_photo; eq,1,facing,0,desk,office_chair; eq,1,next,0,sofa,coffee_table; eq,2,on,0,coffee_table,coffee_mug; eq,1,within,0,bookshelf,magazine; eq,1,on,0,desk,family_photo","eq,1,near,desk,window; eq,1,next,sofa,door; eq,1,next,coffee_table,door",hard,single_room
498,"A biologist's office features a white lab desk facing the window, with a silver laptop at its center, a black microscope to its left, and a test tube rack to its right. A clear petri dish sits in front of the rack while a green potted plant occupies the room corner next to the desk. A black swivel chair faces the desk. Along one wall stands a tall metal filing cabinet beside a floor-standing centrifuge machine, and a calendar with red marker marks hangs on a wall next to the door.","eq,1,lab_desk; eq,1,laptop; eq,1,microscope; eq,1,test_tube_rack; eq,1,petri_dish; eq,1,potted_plant; eq,1,office_chair; eq,1,filing_cabinet; eq,1,centrifuge_machine; eq,1,calendar","eq,1,lab_desk,white; eq,1,laptop,silver; eq,1,microscope,black; eq,1,petri_dish,clear; eq,1,potted_plant,green; eq,1,office_chair,black; eq,1,office_chair,swivel; eq,1,filing_cabinet,tall; eq,1,filing_cabinet,metal; eq,1,centrifuge_machine,floor_standing; eq,1,calendar,with_red_marks","eq,1,on,0,lab_desk,laptop; eq,1,left,0,laptop,microscope; eq,1,right,0,laptop,test_tube_rack; eq,1,front,0,test_tube_rack,petri_dish; eq,1,next,0,lab_desk,potted_plant; eq,1,face,0,lab_desk,office_chair; eq,1,next,0,filing_cabinet,centrifuge_machine; eq,1,center,0,lab_desk,laptop; eq,1,on,0,lab_desk,microscope; eq,1,on,0,lab_desk,test_tube_rack","eq,1,front,lab_desk,window; eq,1,corner,potted_plant,room; eq,1,against,filing_cabinet,wall; eq,1,against,centrifuge_machine,wall; eq,1,on,calendar,wall; eq,1,next,calendar,door",hard,single_room
499,"A crypto company office places a dark wood desk under the window with three monitors and a mechanical keyboard in front. Three black GPUs sit to the right of the keyboard while a small golden pig statue rests on the desk near them. A black gaming chair faces the desk. Nearby, a round glass meeting table sits beside the door with two white notepads and two black pens on them. Against the far wall stands a side table with two hardware wallets on top and above it hangs a neon bitcoin sign; a tall server rack sits against the wall near the door.","eq,1,desk; eq,3,monitor; eq,1,keyboard; eq,3,gpu; eq,1,pig_statue; eq,1,gaming_chair; eq,1,meeting_table; eq,2,notepad; eq,2,pen; eq,1,side_table; eq,2,hardware_wallet; eq,1,bitcoin_sign; eq,1,server_rack","eq,1,desk,dark_wood; eq,1,keyboard,mechanical; eq,3,gpu,black; eq,1,pig_statue,golden; eq,1,gaming_chair,black; eq,1,meeting_table,round; eq,1,meeting_table,glass; eq,2,notepad,white; eq,2,pen,black; eq,1,bitcoin_sign,neon; eq,1,server_rack,tall; eq,1,pig_statue,small","eq,3,on,0,desk,monitor; eq,1,on,0,desk,keyboard; eq,3,right,0,keyboard,gpu; eq,1,on,0,desk,pig_statue; eq,3,near,0,gpu,pig_statue; eq,1,facing,0,desk,gaming_chair; eq,2,on,0,meeting_table,notepad; eq,2,on,0,notepad,pen; eq,2,on,0,side_table,hardware_wallet; eq,1,front,0,monitor,keyboard; eq,1,above,0,side_table,bitcoin_sign","eq,1,under,desk,window; eq,1,next,meeting_table,door; eq,1,against,side_table,wall; eq,1,on,bitcoin_sign,wall; eq,1,against,server_rack,wall; eq,1,near,server_rack,door",hard,single_room
